epoch,step,test_loss,test_mae,test_mse,train_loss,train_mae,train_mse,val_loss,val_mae,val_mse
0,49,,,,-1.4849035739898682,5.684818267822266,52.386138916015625,,,
0,99,,,,0.25919002294540405,43.9161376953125,2906.09619140625,,,
0,149,,,,-0.7344687581062317,14.093528747558594,294.884033203125,,,
0,179,,,,,,,-1.3893625736236572,6.745974063873291,66.57128143310547
1,199,,,,-0.5306996703147888,16.357318878173828,471.433349609375,,,
1,249,,,,-1.0498846769332886,9.46371078491211,142.63803100585938,,,
1,299,,,,-1.4651100635528564,6.555222034454346,54.828956604003906,,,
1,349,,,,-1.2238448858261108,7.893880844116211,95.55975341796875,,,
1,359,,,,,,,-0.9870209693908691,11.06747055053711,168.39556884765625
2,399,,,,-0.7844770550727844,12.247127532958984,262.8106689453125,,,
2,449,,,,-1.186171293258667,8.799861907958984,104.21942138671875,,,
2,499,,,,-0.725942850112915,14.337404251098633,300.73028564453125,,,
2,539,,,,,,,-1.601033091545105,5.460270404815674,40.7802734375
3,549,,,,-0.3901708722114563,22.274137496948242,651.552001953125,,,
3,599,,,,-0.8973878622055054,10.468608856201172,202.6432647705078,,,
3,649,,,,-1.3373297452926636,7.022583484649658,73.58517456054688,,,
3,699,,,,-1.0978623628616333,7.524499416351318,127.71965026855469,,,
3,719,,,,,,,-0.8493725657463074,11.681563377380371,236.6236114501953
4,749,,,,-1.1702163219451904,8.011224746704102,108.1194076538086,,,
4,799,,,,-0.7216904759407043,13.554544448852539,303.6893615722656,,,
4,849,,,,-0.6648532152175903,14.306060791015625,346.1519775390625,,,
4,899,,,,-0.6372146010398865,16.49749183654785,368.8972473144531,,,
4,899,,,,,,,-0.8993724584579468,10.731250762939453,214.41001892089844
5,949,,,,-1.101898431777954,8.487491607666016,126.5381851196289,,,
5,999,,,,-0.924839198589325,10.770061492919922,190.23080444335938,,,
5,1049,,,,-0.8788623809814453,11.962512969970703,211.47430419921875,,,
5,1079,,,,,,,-1.4083856344223022,6.597405910491943,63.782493591308594
6,1099,,,,-0.8657240867614746,12.356456756591797,217.9696044921875,,,
6,1149,,,,-1.2384247779846191,7.169522285461426,92.40496063232422,,,
6,1199,,,,-0.9390119910240173,10.370750427246094,184.12298583984375,,,
6,1249,,,,-0.19974569976329803,26.361053466796875,1010.123046875,,,
6,1259,,,,,,,-0.3883160948753357,19.84164047241211,694.1752319335938
7,1299,,,,-0.026637695729732513,28.88150405883789,1504.81201171875,,,
7,1349,,,,-1.6857420206069946,4.681471824645996,32.98966979980469,,,
7,1399,,,,-0.8535301089286804,10.667495727539062,224.1763916015625,,,
7,1439,,,,,,,-0.8696772456169128,10.998834609985352,230.17735290527344
8,1449,,,,-1.1671333312988281,8.85731315612793,108.88965606689453,,,
8,1499,,,,-0.5024218559265137,16.970420837402344,503.1507263183594,,,
8,1549,,,,-0.8940887451171875,11.804269790649414,204.18849182128906,,,
8,1599,,,,-1.137261986732483,8.188982009887695,116.64280700683594,,,
8,1619,,,,,,,-0.7643190622329712,12.568099975585938,291.9988708496094
9,1649,,,,-0.9745657444000244,8.144506454467773,169.650146484375,,,
9,1699,,,,-0.6362819075584412,13.906357765197754,369.6903076171875,,,
9,1749,,,,-0.9640814065933228,11.226417541503906,173.7955322265625,,,
9,1799,,,,-0.5166027545928955,18.133071899414062,486.9868469238281,,,
9,1799,,,,,,,-0.571056067943573,16.060163497924805,453.0303649902344
10,1849,,,,-1.1712735891342163,7.4484639167785645,107.85651397705078,,,
10,1899,,,,-0.7712979316711426,12.992635726928711,270.90814208984375,,,
10,1949,,,,-1.4164257049560547,6.762722015380859,61.33301544189453,,,
10,1979,,,,,,,-0.8149482607841492,12.04619312286377,259.6618347167969
11,1999,,,,-0.7933498620986938,13.303528785705566,257.4958190917969,,,
11,2049,,,,-1.172197699546814,8.014307975769043,107.62725830078125,,,
11,2099,,,,-0.8804391622543335,11.982246398925781,210.70790100097656,,,
11,2149,,,,-1.3525789976119995,6.468326091766357,71.04622650146484,,,
11,2159,,,,,,,-0.7503983974456787,13.107451438903809,298.151123046875
12,2199,,,,-0.6301248073577881,15.986547470092773,374.9689025878906,,,
12,2249,,,,-1.609930157661438,5.205888271331787,39.28166198730469,,,
12,2299,,,,-0.5768024921417236,15.90904712677002,423.9527282714844,,,
12,2339,,,,,,,-0.6495866179466248,14.193333625793457,385.25531005859375
13,2349,,,,-1.1867060661315918,7.897296905517578,104.09117126464844,,,
13,2399,,,,-1.6475510597229004,5.109130859375,36.02210235595703,,,
13,2449,,,,-1.5256321430206299,6.071035861968994,47.696651458740234,,,
13,2499,,,,-1.4494624137878418,6.181182384490967,56.84046936035156,,,
13,2519,,,,,,,-0.021630674600601196,31.54564094543457,1617.9840087890625
14,2549,,,,-0.9235396385192871,9.906157493591309,190.80088806152344,,,
14,2599,,,,-0.9769945740699768,10.218883514404297,168.70401000976562,,,
14,2649,,,,-1.4800068140029907,6.242142677307129,52.980140686035156,,,
14,2699,,,,-1.3108956813812256,7.248305797576904,78.20317077636719,,,
14,2699,,,,,,,-1.6259077787399292,5.259228229522705,38.561805725097656
15,2749,,,,-0.3771931529045105,19.40346908569336,671.315673828125,,,
15,2799,,,,-1.149595022201538,7.784294128417969,113.37699890136719,,,
15,2849,,,,-1.6667951345443726,4.859826564788818,34.460758209228516,,,
15,2879,,,,,,,-1.6240812540054321,5.3232293128967285,38.742252349853516
16,2899,,,,-1.5126357078552246,5.868805408477783,49.14556884765625,,,
16,2949,,,,-0.9542179107666016,10.300003051757812,177.78787231445312,,,
16,2999,,,,-0.5418817400932312,15.926206588745117,459.4500427246094,,,
16,3049,,,,-0.6463432908058167,14.356439590454102,361.2240905761719,,,
16,3059,,,,,,,-1.4995040893554688,5.979423999786377,51.87455368041992
17,3099,,,,-1.0410634279251099,8.977499961853027,145.56484985351562,,,
17,3149,,,,-1.2857519388198853,6.838726997375488,82.86442565917969,,,
17,3199,,,,-0.830780565738678,11.752756118774414,236.2323760986328,,,
17,3239,,,,,,,-1.1920151710510254,7.919125080108643,107.40904235839844
18,3249,,,,-1.5649795532226562,5.551701545715332,43.56527328491211,,,
18,3299,,,,-1.1576417684555054,9.011518478393555,111.29566955566406,,,
18,3349,,,,-1.3071320056915283,6.993872165679932,78.88385009765625,,,
18,3399,,,,-0.7407822012901306,13.229324340820312,290.62823486328125,,,
18,3419,,,,,,,-1.4373244047164917,6.295222759246826,59.657161712646484
19,3449,,,,-1.1925032138824463,7.90069580078125,102.7109603881836,,,
19,3499,,,,-1.0984489917755127,8.591279029846191,127.54720306396484,,,
19,3549,,,,-1.1235681772232056,8.959458351135254,120.37931823730469,,,
19,3599,,,,-1.0573421716690063,9.20914077758789,140.20960998535156,,,
19,3599,,,,,,,-1.3736035823822021,6.542941570281982,70.51094055175781
20,3649,,,,-1.3416513204574585,6.7398834228515625,72.85655975341797,,,
20,3699,,,,-1.1979680061340332,8.003173828125,101.4266357421875,,,
20,3749,,,,-1.2470512390136719,7.493711471557617,90.58759307861328,,,
20,3779,,,,,,,-1.6980233192443848,4.733027935028076,32.83260726928711
21,3799,,,,-0.8921206593513489,11.885504722595215,205.11590576171875,,,
21,3849,,,,-1.5423599481582642,5.914642333984375,45.894439697265625,,,
21,3899,,,,-0.9159154891967773,12.1559419631958,194.1800537109375,,,
21,3949,,,,-1.4633705615997314,6.137639045715332,55.04899978637695,,,
21,3959,,,,,,,-1.4598731994628906,5.986474514007568,57.645320892333984
22,3999,,,,-0.8392533659934998,10.955963134765625,231.66831970214844,,,
22,4049,,,,-1.396937608718872,6.933581829071045,64.14788818359375,,,
22,4099,,,,-1.160784363746643,8.206138610839844,110.49322509765625,,,
22,4139,,,,,,,-1.7251715660095215,4.553047180175781,30.930612564086914
23,4149,,,,-1.2706888914108276,7.009366512298584,85.78890991210938,,,
23,4199,,,,-1.5156300067901611,5.604049205780029,48.80788040161133,,,
23,4249,,,,-1.5910604000091553,5.681462287902832,41.02605438232422,,,
23,4299,,,,-0.9136211276054382,11.790924072265625,195.20855712890625,,,
23,4319,,,,,,,-1.3108946084976196,7.119822025299072,80.58739471435547
24,4349,,,,-1.793163776397705,4.249785900115967,25.760616302490234,,,
24,4399,,,,-1.8144423961639404,4.300332546234131,24.52887725830078,,,
24,4449,,,,-1.6865506172180176,4.606997966766357,32.92829895019531,,,
24,4499,,,,-0.5232118964195251,16.217647552490234,479.6318359375,,,
24,4499,,,,,,,-0.7235167622566223,13.514716148376465,322.31939697265625
25,4549,,,,-1.4973307847976685,5.922720909118652,50.90836715698242,,,
25,4599,,,,-1.3149560689926147,7.330300331115723,77.47543334960938,,,
25,4649,,,,-1.2211235761642456,8.005033493041992,96.16043090820312,,,
25,4679,,,,,,,-1.560211181640625,5.316090106964111,45.32699203491211
26,4699,,,,-1.0744680166244507,8.824804306030273,134.7882080078125,,,
26,4749,,,,-1.591447114944458,5.428842067718506,40.989524841308594,,,
26,4799,,,,-1.6624267101287842,4.7576141357421875,34.80914306640625,,,
26,4849,,,,-1.6722005605697632,5.233470916748047,34.034507751464844,,,
26,4859,,,,,,,-1.63099205493927,5.226430892944336,38.20938491821289
27,4899,,,,-1.5788037776947021,5.580708026885986,42.20036697387695,,,
27,4949,,,,-1.7506963014602661,4.7243146896362305,28.40689468383789,,,
27,4999,,,,-1.0369360446929932,11.029999732971191,146.95489501953125,,,
27,5039,,,,,,,-1.7192984819412231,4.625699996948242,31.18923568725586
28,5049,,,,-1.2422211170196533,7.479187965393066,91.6007080078125,,,
28,5099,,,,-1.6472821235656738,4.7081756591796875,36.044403076171875,,,
28,5149,,,,-0.9327051043510437,11.662253379821777,186.81637573242188,,,
28,5199,,,,-1.4593156576156616,6.433284282684326,55.56537628173828,,,
28,5219,,,,,,,-1.573421835899353,5.359987258911133,44.299415588378906
29,5249,,,,-1.1746639013290405,8.134159088134766,107.01781463623047,,,
29,5299,,,,-1.7555590867996216,4.642691612243652,28.090600967407227,,,
29,5349,,,,-1.3692376613616943,7.101282119750977,68.37263488769531,,,
29,5399,,,,-1.3074909448623657,6.882929801940918,78.81865692138672,,,
29,5399,,,,,,,-1.6286627054214478,4.996474742889404,38.749454498291016
30,5449,,,,-1.3216590881347656,7.1336164474487305,76.28883361816406,,,
30,5499,,,,-0.9406011700630188,10.483501434326172,183.4504852294922,,,
30,5549,,,,-1.7435110807418823,4.184925079345703,28.88077735900879,,,
30,5579,,,,,,,-1.5886904001235962,5.0976362228393555,43.244998931884766
31,5599,,,,-1.151092767715454,8.434883117675781,112.98665618896484,,,
31,5649,,,,-1.2167048454284668,7.940479278564453,97.14382934570312,,,
31,5699,,,,-1.0458369255065918,10.00990104675293,143.97366333007812,,,
31,5749,,,,-1.5234371423721313,5.640525817871094,47.938331604003906,,,
31,5759,,,,,,,-1.6659032106399536,4.828936576843262,35.53602981567383
32,5799,,,,-1.325465202331543,6.62972354888916,75.6231460571289,,,
32,5849,,,,-1.2789008617401123,7.15183687210083,84.18199157714844,,,
32,5899,,,,-0.9239530563354492,10.046144485473633,190.61932373046875,,,
32,5939,,,,,,,-1.0091853141784668,10.277230262756348,163.23684692382812
33,5949,,,,-1.8647626638412476,3.8597357273101807,21.845273971557617,,,
33,5999,,,,-1.4671279191970825,6.081546783447266,54.574798583984375,,,
33,6049,,,,-1.4958019256591797,5.9070634841918945,51.08789825439453,,,
33,6099,,,,-1.6143079996109009,5.006274223327637,38.88767623901367,,,
33,6119,,,,,,,-0.9313786029815674,10.462295532226562,199.1474609375
34,6149,,,,-1.4187099933624268,5.977948188781738,61.011253356933594,,,
34,6199,,,,-1.6172643899917603,4.5409088134765625,38.62385559082031,,,
34,6249,,,,-1.7691162824630737,4.475050926208496,27.22724151611328,,,
34,6299,,,,-1.6528445482254028,4.437431335449219,35.585697174072266,,,
34,6299,,,,,,,-1.8296798467636108,3.9631316661834717,24.41411781311035
35,6349,,,,-1.7171045541763306,4.435911655426025,30.691312789916992,,,
35,6399,,,,-0.7915153503417969,13.069679260253906,258.5857849121094,,,
35,6449,,,,-1.4773766994476318,5.730612754821777,53.301979064941406,,,
35,6479,,,,,,,-1.8017733097076416,4.161365032196045,26.1259822845459
36,6499,,,,-1.731107234954834,4.58889627456665,29.717533111572266,,,
36,6549,,,,-1.8469781875610352,4.083919525146484,22.758407592773438,,,
36,6599,,,,-1.80388605594635,4.152779579162598,25.132396697998047,,,
36,6649,,,,-1.5778900384902954,5.186296463012695,42.28925704956055,,,
36,6659,,,,,,,-0.5900903344154358,15.06146240234375,443.7455139160156
37,6699,,,,-1.5109145641326904,5.135597229003906,49.34071350097656,,,
37,6749,,,,-1.5758634805679321,5.510872840881348,42.48704528808594,,,
37,6799,,,,-1.666322946548462,4.627144813537598,34.49825668334961,,,
37,6839,,,,,,,-1.0551910400390625,8.680971145629883,151.7696075439453
38,6849,,,,-1.5604058504104614,5.149179458618164,44.02651596069336,,,
38,6899,,,,-1.9832342863082886,3.1820788383483887,16.62975311279297,,,
38,6949,,,,-1.5906541347503662,4.723958492279053,41.06443786621094,,,
38,6999,,,,-1.642473578453064,4.7940263748168945,36.445716857910156,,,
38,7019,,,,,,,-1.7151156663894653,4.528385639190674,31.735883712768555
39,7049,,,,-1.7708462476730347,4.107233047485352,27.119003295898438,,,
39,7099,,,,-1.8643808364868164,4.162859916687012,21.864482879638672,,,
39,7149,,,,-1.5031698942184448,5.779439926147461,50.22848892211914,,,
39,7199,,,,-1.8283013105392456,4.277480125427246,23.75848388671875,,,
39,7199,,,,,,,-1.4727506637573242,5.759909152984619,56.121177673339844
40,7249,,,,-1.263366937637329,6.1595458984375,87.24749755859375,,,
40,7299,,,,-1.5507110357284546,5.173503875732422,45.020355224609375,,,
40,7349,,,,-1.6297500133514404,5.117709159851074,37.529266357421875,,,
40,7379,,,,,,,-1.7947500944137573,4.123851299285889,26.504302978515625
41,7399,,,,-0.9672541618347168,9.462708473205566,172.53045654296875,,,
41,7449,,,,-1.7847766876220703,4.232486724853516,26.262943267822266,,,
41,7499,,,,-2.0097250938415527,3.1497278213500977,15.645699501037598,,,
41,7549,,,,-1.2804654836654663,7.811697959899902,83.87924194335938,,,
41,7559,,,,,,,-1.6021636724472046,5.061046123504639,41.23904037475586
42,7599,,,,-1.8582818508148193,3.8261029720306396,22.173702239990234,,,
42,7649,,,,-1.9807626008987427,3.3269500732421875,16.724660873413086,,,
42,7699,,,,-1.7404708862304688,4.714024543762207,29.08367156982422,,,
42,7739,,,,,,,-1.419548749923706,6.450711250305176,62.10071563720703
43,7749,,,,-1.4392576217651367,6.644386291503906,58.19188690185547,,,
43,7799,,,,-1.813600778579712,4.162457466125488,24.576461791992188,,,
43,7849,,,,-1.6768816709518433,4.468802452087402,33.66962432861328,,,
43,7899,,,,-0.3425428867340088,18.014068603515625,727.0714721679688,,,
43,7919,,,,,,,-1.2141058444976807,7.55079460144043,102.5183334350586
44,7949,,,,-0.9898772835731506,9.765495300292969,163.77316284179688,,,
44,7999,,,,-0.8144862651824951,12.062606811523438,245.263916015625,,,
44,8049,,,,-1.065940022468567,9.441079139709473,137.46115112304688,,,
44,8099,,,,-1.055025339126587,8.416457176208496,140.95962524414062,,,
44,8099,,,,,,,-1.2903276681900024,7.225520610809326,84.33746337890625
45,8149,,,,-0.8815652132034302,10.465423583984375,210.16229248046875,,,
45,8199,,,,-1.543169617652893,5.307488441467285,45.808956146240234,,,
45,8249,,,,-1.6844267845153809,4.351463794708252,33.08972930908203,,,
45,8279,,,,,,,-1.1250874996185303,7.370537757873535,134.05831909179688
46,8299,,,,-0.6838852763175964,13.308256149291992,331.3100891113281,,,
46,8349,,,,-1.294252872467041,7.145730018615723,81.25819396972656,,,
46,8399,,,,-1.548689365386963,4.929539680480957,45.23041534423828,,,
46,8449,,,,-1.908968210220337,3.6013057231903076,19.731121063232422,,,
46,8459,,,,,,,-0.9913975596427917,9.949798583984375,171.7634735107422
47,8499,,,,-1.2241179943084717,8.752920150756836,95.49971008300781,,,
47,8549,,,,-1.3893027305603027,6.572343826293945,65.28558349609375,,,
47,8599,,,,-1.2516214847564697,7.36728572845459,89.63932037353516,,,
47,8639,,,,,,,-1.8286701440811157,4.055995464324951,24.452653884887695
48,8649,,,,-1.676627516746521,4.612303733825684,33.68933868408203,,,
48,8699,,,,-1.0894064903259277,8.775697708129883,130.230712890625,,,
48,8749,,,,-0.7931197881698608,12.199838638305664,257.63226318359375,,,
48,8799,,,,-1.3525969982147217,6.555661678314209,71.04328155517578,,,
48,8819,,,,,,,-1.120583415031433,8.31393814086914,129.58091735839844
49,8849,,,,-1.1490939855575562,8.243972778320312,113.50785827636719,,,
49,8899,,,,-1.9300963878631592,3.601698160171509,18.79419708251953,,,
49,8949,,,,-1.5320367813110352,5.289161682128906,46.99840545654297,,,
49,8999,,,,-1.317388892173767,6.22633695602417,77.04263305664062,,,
49,8999,,,,,,,-1.8232940435409546,3.9799647331237793,24.993921279907227
50,9049,,,,-1.5658930540084839,5.526767730712891,43.47373962402344,,,
50,9099,,,,-0.783661425113678,11.791144371032715,263.3047180175781,,,
50,9149,,,,-1.8407340049743652,4.1296467781066895,23.08797836303711,,,
50,9179,,,,,,,-1.727658748626709,4.363880157470703,31.125686645507812
51,9199,,,,-1.4869755506515503,5.599102020263672,52.13679885864258,,,
51,9249,,,,-0.6180655360221863,16.480838775634766,385.5267028808594,,,
51,9299,,,,-1.36896812915802,5.943286895751953,68.41509246826172,,,
51,9349,,,,-1.8231874704360962,4.111568450927734,24.03989028930664,,,
51,9359,,,,,,,-1.9662328958511353,3.3897578716278076,17.958192825317383
52,9399,,,,-1.6570733785629272,4.950807094573975,35.240875244140625,,,
52,9449,,,,-1.7932082414627075,4.199045181274414,25.757972717285156,,,
52,9499,,,,-1.5644456148147583,5.264740943908691,43.61886215209961,,,
52,9539,,,,,,,-1.90617835521698,3.5801842212677,20.696311950683594
53,9549,,,,-1.911059021949768,3.3255577087402344,19.636367797851562,,,
53,9599,,,,-1.7771129608154297,4.181188106536865,26.73049545288086,,,
53,9649,,,,-1.3346171379089355,7.017218112945557,74.04621887207031,,,
53,9699,,,,-1.4749869108200073,5.634122848510742,53.59610366821289,,,
53,9719,,,,,,,-0.9975667595863342,10.061721801757812,166.8092803955078
54,9749,,,,-1.6611888408660889,4.760852813720703,34.90849685668945,,,
54,9799,,,,-1.8472152948379517,3.5238258838653564,22.745986938476562,,,
54,9849,,,,-1.8192564249038696,3.9746408462524414,24.25848388671875,,,
54,9899,,,,-1.7075533866882324,4.644883155822754,31.373760223388672,,,
54,9899,,,,,,,-1.7228047847747803,4.23631477355957,32.08143997192383
55,9949,,,,-1.960996389389038,3.2301645278930664,17.503450393676758,,,
55,9999,,,,-1.53830087184906,4.436802864074707,46.325401306152344,,,
55,10049,,,,-2.015300989151001,3.0658092498779297,15.446106910705566,,,
55,10079,,,,,,,-1.7258086204528809,4.238985538482666,31.47901153564453
56,10099,,,,-1.7927076816558838,3.996772527694702,25.78768539428711,,,
56,10149,,,,-2.234830379486084,2.4556775093078613,9.317291259765625,,,
56,10199,,,,-1.4551465511322021,5.869831562042236,56.10136413574219,,,
56,10249,,,,-1.2098796367645264,8.29904842376709,98.68257141113281,,,
56,10259,,,,,,,-1.4328252077102661,6.471806526184082,60.81550979614258
57,10299,,,,-1.8924403190612793,3.701613426208496,20.496501922607422,,,
57,10349,,,,-1.8950295448303223,3.206026792526245,20.374658584594727,,,
57,10399,,,,-1.3899145126342773,6.594405174255371,65.19368743896484,,,
57,10439,,,,,,,-1.9671992063522339,3.4031612873077393,17.89999008178711
58,10449,,,,-1.8266834020614624,3.945723056793213,23.8471622467041,,,
58,10499,,,,-1.9467391967773438,3.516679286956787,18.087594985961914,,,
58,10549,,,,-1.2643707990646362,7.6966962814331055,87.04607391357422,,,
58,10599,,,,-1.4086096286773682,5.686343193054199,62.44682693481445,,,
58,10619,,,,,,,-1.228476643562317,7.099136829376221,102.20466613769531
59,10649,,,,-0.853607714176178,11.117033004760742,224.13632202148438,,,
59,10699,,,,-2.122445821762085,2.564561367034912,12.069080352783203,,,
59,10749,,,,-1.4909121990203857,5.386104583740234,51.666351318359375,,,
59,10799,,,,-1.4201382398605347,6.519647121429443,60.81094741821289,,,
59,10799,,,,,,,-1.3234474658966064,6.733982563018799,80.39945220947266
60,10849,,,,-1.6730279922485352,4.839153289794922,33.9697265625,,,
60,10899,,,,-2.0320844650268555,3.1584973335266113,14.86058235168457,,,
60,10949,,,,-1.8698852062225342,3.5935275554656982,21.589111328125,,,
60,10979,,,,,,,-1.8561238050460815,3.8022265434265137,23.3887882232666
61,10999,,,,-1.8803839683532715,3.195030927658081,21.073471069335938,,,
61,11049,,,,-1.4845207929611206,5.549291610717773,52.432342529296875,,,
61,11099,,,,-2.0539443492889404,2.988107204437256,14.131086349487305,,,
61,11149,,,,-1.399998426437378,7.022697925567627,63.697391510009766,,,
61,11159,,,,,,,-0.7219144105911255,13.57725715637207,326.89544677734375
62,11199,,,,-1.0284463167190552,8.199958801269531,149.85581970214844,,,
62,11249,,,,-1.7576539516448975,4.049216270446777,27.955421447753906,,,
62,11299,,,,-1.5856622457504272,4.775710105895996,41.5391731262207,,,
62,11339,,,,,,,-0.8929303288459778,11.712688446044922,215.39901733398438
63,11349,,,,-1.5962412357330322,5.019761085510254,40.539546966552734,,,
63,11399,,,,-1.52872633934021,4.828492641448975,47.358036041259766,,,
63,11449,,,,-2.0021917819976807,3.2772998809814453,15.91946029663086,,,
63,11499,,,,-1.3694512844085693,6.220788478851318,68.3390121459961,,,
63,11519,,,,,,,-1.6000884771347046,4.982080936431885,41.311588287353516
64,11549,,,,-1.919962763786316,3.8386874198913574,19.237890243530273,,,
64,11599,,,,-1.216462254524231,8.37317943572998,97.19810485839844,,,
64,11649,,,,-1.3968628644943237,6.165584564208984,64.15892028808594,,,
64,11699,,,,-2.020761489868164,2.9984452724456787,15.253116607666016,,,
64,11699,,,,,,,-1.562598705291748,5.190351486206055,46.17395782470703
65,11749,,,,-1.4872276782989502,5.738351821899414,52.10655212402344,,,
65,11799,,,,-2.0752370357513428,2.6062517166137695,13.454977989196777,,,
65,11849,,,,-1.6976085901260376,4.674233436584473,32.1004753112793,,,
65,11879,,,,,,,-1.4495469331741333,5.9081830978393555,58.69209671020508
66,11899,,,,-1.7237545251846313,4.373481750488281,30.22494125366211,,,
66,11949,,,,-1.5397980213165283,5.707791805267334,46.16596984863281,,,
66,11999,,,,-1.852784276008606,3.624691963195801,22.456178665161133,,,
66,12049,,,,-1.9045178890228271,3.772810935974121,19.934345245361328,,,
66,12059,,,,,,,-1.8981149196624756,3.548456907272339,21.489912033081055
67,12099,,,,-1.4113606214523315,6.2612714767456055,62.052513122558594,,,
67,12149,,,,-2.0941619873046875,2.634542942047119,12.88125228881836,,,
67,12199,,,,-1.8301481008529663,3.7888312339782715,23.657663345336914,,,
67,12239,,,,,,,-1.5927578210830688,5.1596784591674805,43.02122116088867
68,12249,,,,-1.6013461351394653,5.792339324951172,40.06581115722656,,,
68,12299,,,,-1.8692326545715332,3.8106212615966797,21.62157440185547,,,
68,12349,,,,-1.5919662714004517,4.726395130157471,40.940555572509766,,,
68,12399,,,,-2.067983627319336,3.028536796569824,13.681585311889648,,,
68,12419,,,,,,,-2.0440926551818848,2.975260019302368,15.068572044372559
69,12449,,,,-1.8105518817901611,3.6497256755828857,24.74959945678711,,,
69,12499,,,,-1.7455086708068848,4.127240180969238,28.748239517211914,,,
69,12549,,,,-1.9737586975097656,3.0552287101745605,16.996566772460938,,,
69,12599,,,,-1.9053369760513306,3.4486374855041504,19.896787643432617,,,
69,12599,,,,,,,-1.9897985458374023,3.247439384460449,16.98373031616211
70,12649,,,,-2.082401752471924,2.7051925659179688,13.23482894897461,,,
70,12699,,,,-1.4784049987792969,4.918946266174316,53.17591857910156,,,
70,12749,,,,-1.8566845655441284,3.4596903324127197,22.255403518676758,,,
70,12779,,,,,,,-1.4836255311965942,5.6776251792907715,55.51218032836914
71,12799,,,,-1.3372451066970825,6.301980018615723,73.59951782226562,,,
71,12849,,,,-1.0150010585784912,9.021403312683105,154.5677947998047,,,
71,12899,,,,-1.9915534257888794,3.2136967182159424,16.314231872558594,,,
71,12949,,,,-1.7212486267089844,4.340689182281494,30.39984130859375,,,
71,12959,,,,,,,-1.097011923789978,8.264191627502441,139.49066162109375
72,12999,,,,-1.7262005805969238,4.145849704742432,30.055187225341797,,,
72,13049,,,,-1.8886163234710693,3.78767466545105,20.677770614624023,,,
72,13099,,,,-2.044436454772949,2.6739296913146973,14.44387435913086,,,
72,13139,,,,,,,-2.1396546363830566,2.724457263946533,12.236382484436035
73,13149,,,,-1.9984034299850464,2.9516215324401855,16.058929443359375,,,
73,13199,,,,-1.651828646659851,4.3925323486328125,35.669044494628906,,,
73,13249,,,,-1.9420113563537598,3.4668617248535156,18.28557777404785,,,
73,13299,,,,-1.824877381324768,3.637232780456543,23.946537017822266,,,
73,13319,,,,,,,-1.927983283996582,3.540642499923706,19.781661987304688
74,13349,,,,-1.9452264308929443,3.190549850463867,18.150714874267578,,,
74,13399,,,,-1.6050682067871094,4.954360485076904,39.72389221191406,,,
74,13449,,,,-2.072349786758423,2.8833398818969727,13.544732093811035,,,
74,13499,,,,-2.314483404159546,2.3398401737213135,7.755982398986816,,,
74,13499,,,,,,,-2.106139898300171,2.793689489364624,13.03973388671875
75,13549,,,,-1.599984049797058,4.265007019042969,40.1916618347168,,,
75,13599,,,,-2.0437324047088623,2.538085460662842,14.467306137084961,,,
75,13649,,,,-1.8417516946792603,3.774258613586426,23.033950805664062,,,
75,13679,,,,,,,-1.9908182621002197,3.1472835540771484,17.147977828979492
76,13699,,,,-2.14803147315979,2.7643866539001465,11.37859058380127,,,
76,13749,,,,-1.7914906740188599,3.8277013301849365,25.86004638671875,,,
76,13799,,,,-2.3335654735565186,2.2603535652160645,7.422574520111084,,,
76,13849,,,,-1.6130326986312866,4.313305854797363,39.002044677734375,,,
76,13859,,,,,,,-1.547936201095581,5.1477813720703125,47.42028045654297
77,13899,,,,-1.2240009307861328,5.892958641052246,95.52545166015625,,,
77,13949,,,,-2.141730546951294,2.677776575088501,11.544881820678711,,,
77,13999,,,,-2.0431947708129883,2.9169704914093018,14.485221862792969,,,
77,14039,,,,,,,-1.0971622467041016,8.667021751403809,137.23080444335938
78,14049,,,,-2.0505237579345703,3.041349411010742,14.24283218383789,,,
78,14099,,,,-1.6996163129806519,4.696060657501221,31.952417373657227,,,
78,14149,,,,-2.1554458141326904,2.5510573387145996,11.185985565185547,,,
78,14199,,,,-1.5787557363510132,5.189478874206543,42.20503234863281,,,
78,14219,,,,,,,-1.8426334857940674,3.6728148460388184,24.149620056152344
79,14249,,,,-1.8933285474777222,3.2013156414031982,20.454627990722656,,,
79,14299,,,,-1.9328556060791016,3.3007588386535645,18.675159454345703,,,
79,14349,,,,-2.1546223163604736,2.5169520378112793,11.20721435546875,,,
79,14399,,,,-2.119861125946045,2.65006685256958,12.141121864318848,,,
79,14399,,,,,,,-1.8445885181427002,3.536412477493286,24.55990219116211
80,14449,,,,-2.0891811847686768,2.6038782596588135,13.029830932617188,,,
80,14499,,,,-2.12009596824646,2.4368419647216797,12.134564399719238,,,
80,14549,,,,-1.362265944480896,6.128800392150879,69.47908020019531,,,
80,14579,,,,,,,-1.2647733688354492,6.094738006591797,97.91400909423828
81,14599,,,,-1.3999238014221191,6.159866809844971,63.70832824707031,,,
81,14649,,,,-2.023756980895996,3.0423150062561035,15.148273468017578,,,
81,14699,,,,-1.3296939134597778,7.4758710861206055,74.8904037475586,,,
81,14749,,,,-2.0096046924591064,2.7902419567108154,15.650033950805664,,,
81,14759,,,,,,,-1.8995474576950073,3.213921546936035,22.179784774780273
82,14799,,,,-1.654082179069519,5.0298686027526855,35.48443603515625,,,
82,14849,,,,-1.9330523014068604,3.347243309020996,18.666706085205078,,,
82,14899,,,,-1.751871109008789,4.465583801269531,28.33015251159668,,,
82,14939,,,,,,,-1.296911597251892,6.906524658203125,87.44601440429688
83,14949,,,,-1.940605640411377,2.8646748065948486,18.344858169555664,,,
83,14999,,,,-1.4519554376602173,4.9790215492248535,56.515113830566406,,,
83,15049,,,,-1.635613203048706,4.875630855560303,37.0260009765625,,,
83,15099,,,,-1.0579334497451782,9.34686279296875,140.01889038085938,,,
83,15119,,,,,,,-1.841418743133545,3.695511817932129,24.216630935668945
84,15149,,,,-1.670634150505066,4.966425895690918,34.15748596191406,,,
84,15199,,,,-1.9804071187973022,2.952282428741455,16.738365173339844,,,
84,15249,,,,-2.178837537765503,2.7260282039642334,10.59942626953125,,,
84,15299,,,,-1.8922728300094604,3.42262601852417,20.50440216064453,,,
84,15299,,,,,,,-1.776930809020996,3.851041316986084,28.74004364013672
85,15349,,,,-2.1910812854766846,2.218607187271118,10.304780960083008,,,
85,15399,,,,-2.1072587966918945,2.5511269569396973,12.498592376708984,,,
85,15449,,,,-2.1264901161193848,2.632831573486328,11.957208633422852,,,
85,15479,,,,,,,-2.0651214122772217,2.7963855266571045,14.478370666503906
86,15499,,,,-2.238424301147461,2.506214141845703,9.24050521850586,,,
86,15549,,,,-1.7255712747573853,4.706734657287598,30.09876823425293,,,
86,15599,,,,-1.4842694997787476,5.002253532409668,52.462684631347656,,,
86,15649,,,,-2.069319486618042,2.9015953540802,13.639561653137207,,,
86,15659,,,,,,,-2.066701650619507,2.930595636367798,14.359515190124512
87,15699,,,,-2.067261219024658,2.898683547973633,13.704360961914062,,,
87,15749,,,,-1.6582257747650146,4.213589668273926,35.147491455078125,,,
87,15799,,,,-2.2808637619018555,2.2653145790100098,8.380237579345703,,,
87,15839,,,,,,,-1.6178947687149048,4.212033748626709,43.57856369018555
88,15849,,,,-2.0449841022491455,3.277202844619751,14.425666809082031,,,
88,15899,,,,-1.7748364210128784,3.6296072006225586,26.870983123779297,,,
88,15949,,,,-1.6938912868499756,3.9569408893585205,32.37642288208008,,,
88,15999,,,,-1.8217921257019043,3.5733442306518555,24.11725616455078,,,
88,16019,,,,,,,-1.8995239734649658,3.4797983169555664,21.248353958129883
89,16049,,,,-1.910942554473877,2.980046272277832,19.64162826538086,,,
89,16099,,,,-1.7144516706466675,4.838753700256348,30.879371643066406,,,
89,16149,,,,-1.5533632040023804,5.45106840133667,44.74625778198242,,,
89,16199,,,,-2.0871689319610596,3.098475694656372,13.09034538269043,,,
89,16199,,,,,,,-1.3557748794555664,5.9499993324279785,76.7491455078125
90,16249,,,,-2.327599048614502,1.9702980518341064,7.525252342224121,,,
90,16299,,,,-2.302985906600952,2.311891555786133,7.964051723480225,,,
90,16349,,,,-2.198551654815674,2.4352474212646484,10.129044532775879,,,
90,16379,,,,,,,-2.2145442962646484,2.3636200428009033,10.50721549987793
91,16399,,,,-1.9116402864456177,3.652890682220459,19.610103607177734,,,
91,16449,,,,-2.408501148223877,1.7622394561767578,6.246242523193359,,,
91,16499,,,,-1.3966021537780762,6.231625556945801,64.19746398925781,,,
91,16549,,,,-1.8196568489074707,3.7894248962402344,24.236122131347656,,,
91,16559,,,,,,,-1.8668951988220215,3.315404176712036,23.783506393432617
92,16599,,,,-1.919424057006836,3.54915189743042,19.26175308227539,,,
92,16649,,,,-2.0423762798309326,2.884213924407959,14.512555122375488,,,
92,16699,,,,-1.4456489086151123,4.742278099060059,57.341773986816406,,,
92,16739,,,,,,,-1.7062641382217407,4.332501411437988,33.4550895690918
93,16749,,,,-2.4835805892944336,1.6945648193359375,5.254596710205078,,,
93,16799,,,,-1.8432537317276,3.8989319801330566,22.954418182373047,,,
93,16849,,,,-2.175609827041626,2.54434871673584,10.678497314453125,,,
93,16899,,,,-1.945154070854187,3.41854190826416,18.153732299804688,,,
93,16919,,,,,,,-1.5931123495101929,5.136226177215576,42.84031295776367
94,16949,,,,-1.6640570163726807,4.528170108795166,34.678714752197266,,,
94,16999,,,,-2.01743483543396,3.2622122764587402,15.370397567749023,,,
94,17049,,,,-1.6955002546310425,4.247095584869385,32.256690979003906,,,
94,17099,,,,-2.1705760955810547,2.2873711585998535,10.80298900604248,,,
94,17099,,,,,,,-2.072051763534546,2.8817434310913086,14.319621086120605
95,17149,,,,-1.9282512664794922,3.6638426780700684,18.87421226501465,,,
95,17199,,,,-2.027573585510254,3.007683277130127,15.015729904174805,,,
95,17249,,,,-1.9196206331253052,3.4015860557556152,19.2530460357666,,,
95,17279,,,,,,,-2.2481114864349365,2.2640726566314697,9.744179725646973
96,17299,,,,-1.5134758949279785,4.778426170349121,49.050575256347656,,,
96,17349,,,,-1.5569101572036743,5.13333797454834,44.38230514526367,,,
96,17399,,,,-1.917214274406433,3.7816827297210693,19.360023498535156,,,
96,17449,,,,-2.1306118965148926,2.6099400520324707,11.84426498413086,,,
96,17459,,,,,,,-1.923136830329895,3.2890822887420654,20.30210304260254
97,17499,,,,-1.8643016815185547,3.6895086765289307,21.86846160888672,,,
97,17549,,,,-1.8241684436798096,4.027743339538574,23.985652923583984,,,
97,17599,,,,-1.1918545961380005,8.946208000183105,102.86446380615234,,,
97,17639,,,,,,,-1.027355670928955,8.940438270568848,163.67626953125
98,17649,,,,-2.046051263809204,2.8386571407318115,14.390262603759766,,,
98,17699,,,,-1.616917371749878,5.152878284454346,38.65473556518555,,,
98,17749,,,,-2.2206921577453613,2.291292428970337,9.625604629516602,,,
98,17799,,,,-1.887369990348816,3.4491727352142334,20.737197875976562,,,
98,17819,,,,,,,-1.9127219915390015,3.320125102996826,20.519304275512695
99,17849,,,,-2.0428779125213623,3.0375373363494873,14.495807647705078,,,
99,17899,,,,-1.5482394695281982,5.423133850097656,45.277305603027344,,,
99,17949,,,,-1.6379987001419067,4.611153602600098,36.82318115234375,,,
99,17999,,,,-2.4935710430145264,1.6847670078277588,5.135100841522217,,,
99,17999,,,,,,,-1.7471609115600586,4.056293487548828,29.804338455200195
100,18049,,,,-1.5806225538253784,4.865041732788086,42.024009704589844,,,
100,18099,,,,-2.065971612930298,2.621781587600708,13.745116233825684,,,
100,18149,,,,-1.7978051900863647,2.9288811683654785,25.48676300048828,,,
100,18179,,,,,,,-0.6113860607147217,17.57256317138672,401.48602294921875
101,18199,,,,-1.2213330268859863,8.472755432128906,96.11407470703125,,,
101,18249,,,,-1.8992003202438354,3.4659132957458496,20.1799373626709,,,
101,18299,,,,-2.1496105194091797,2.629284381866455,11.337294578552246,,,
101,18349,,,,-1.7929798364639282,3.6693897247314453,25.771533966064453,,,
101,18359,,,,,,,-1.2464284896850586,7.456610679626465,96.65892791748047
102,18399,,,,-1.4281247854232788,5.312075614929199,59.702880859375,,,
102,18449,,,,-2.3185272216796875,1.982041835784912,7.684092998504639,,,
102,18499,,,,-2.0980257987976074,2.856748104095459,12.76715087890625,,,
102,18539,,,,,,,-2.120546579360962,2.6972599029541016,13.042960166931152
103,18549,,,,-2.2463607788085938,2.6382017135620117,9.073173522949219,,,
103,18599,,,,-1.0613837242126465,9.5766019821167,138.910888671875,,,
103,18649,,,,-1.0832915306091309,8.445804595947266,132.07737731933594,,,
103,18699,,,,-1.495375633239746,4.699095726013184,51.13807678222656,,,
103,18719,,,,,,,-1.7752970457077026,4.193593978881836,27.9954833984375
104,18749,,,,-1.798557996749878,3.7311062812805176,25.442636489868164,,,
104,18799,,,,-1.47763991355896,6.299004554748535,53.26968765258789,,,
104,18849,,,,-1.5121649503707886,5.9376068115234375,49.19886779785156,,,
104,18899,,,,-1.8710302114486694,3.3608310222625732,21.532272338867188,,,
104,18899,,,,,,,-2.019656181335449,2.9863650798797607,15.954442977905273
105,18949,,,,-1.9283008575439453,3.103728771209717,18.872051239013672,,,
105,18999,,,,-1.8312186002731323,3.424656867980957,23.599428176879883,,,
105,19049,,,,-1.7859762907028198,3.788207769393921,26.190492630004883,,,
105,19079,,,,,,,-1.5877147912979126,4.8865275382995605,43.22734451293945
106,19099,,,,-2.0719196796417236,2.8115906715393066,13.558149337768555,,,
106,19149,,,,-1.7063241004943848,4.871312141418457,31.46269989013672,,,
106,19199,,,,-2.3233940601348877,2.111161231994629,7.598467826843262,,,
106,19249,,,,-2.258970260620117,2.2329647541046143,8.81352424621582,,,
106,19259,,,,,,,-1.968907117843628,3.135857105255127,18.324390411376953
107,19299,,,,-2.0539331436157227,2.8448586463928223,14.131452560424805,,,
107,19349,,,,-1.3371102809906006,6.770694255828857,73.62236022949219,,,
107,19399,,,,-1.9006826877593994,3.4504830837249756,20.11117172241211,,,
107,19439,,,,,,,-1.7485431432724,3.9996180534362793,30.8819580078125
108,19449,,,,-1.968619465827942,2.9080286026000977,17.198898315429688,,,
108,19499,,,,-1.6614947319030762,4.461830139160156,34.883914947509766,,,
108,19549,,,,-1.9518368244171143,3.1619091033935547,17.876529693603516,,,
108,19599,,,,-1.9254831075668335,3.1568210124969482,18.994895935058594,,,
108,19619,,,,,,,-2.153456926345825,2.5483107566833496,12.077095031738281
109,19649,,,,-1.883804202079773,3.2731680870056152,20.908164978027344,,,
109,19699,,,,-1.9741648435592651,2.717048168182373,16.98068618774414,,,
109,19749,,,,-1.3078432083129883,6.672211647033691,78.75474548339844,,,
109,19799,,,,-1.1667214632034302,8.175899505615234,108.99300384521484,,,
109,19799,,,,,,,-1.4844167232513428,5.799994945526123,55.449466705322266
110,19849,,,,-1.6825666427612305,4.881330966949463,33.23176574707031,,,
110,19899,,,,-1.777854323387146,3.585528612136841,26.684906005859375,,,
110,19949,,,,-2.0990869998931885,2.605194091796875,12.736000061035156,,,
110,19979,,,,,,,-1.8455615043640137,3.9971394538879395,23.452917098999023
111,19999,,,,-2.2109501361846924,2.376072883605957,9.843957901000977,,,
111,20049,,,,-1.8424556255340576,3.5037121772766113,22.99664306640625,,,
111,20099,,,,-1.9080257415771484,3.3181400299072266,19.773988723754883,,,
111,20149,,,,-1.6638580560684204,5.029800891876221,34.694610595703125,,,
111,20159,,,,,,,-2.2097136974334717,2.334972381591797,10.708806991577148
112,20199,,,,-1.625603437423706,4.905394554138184,37.88930130004883,,,
112,20249,,,,-2.165215492248535,2.5555739402770996,10.937154769897461,,,
112,20299,,,,-2.366175889968872,2.16603946685791,6.885634422302246,,,
112,20339,,,,,,,-1.916606068611145,3.193816900253296,20.806182861328125
113,20349,,,,-2.08565616607666,2.4220786094665527,13.136024475097656,,,
113,20399,,,,-1.9634275436401367,2.882319927215576,17.405742645263672,,,
113,20449,,,,-2.3562369346618652,1.9315932989120483,7.045032978057861,,,
113,20499,,,,-2.308603048324585,1.9951509237289429,7.8617072105407715,,,
113,20519,,,,,,,-1.9352545738220215,3.3344593048095703,19.635395050048828
114,20549,,,,-2.2173402309417725,2.367069959640503,9.700176239013672,,,
114,20599,,,,-1.8041884899139404,3.535978078842163,25.114912033081055,,,
114,20649,,,,-2.4915571212768555,1.536440372467041,5.158966541290283,,,
114,20699,,,,-2.193437099456787,2.3179330825805664,10.249035835266113,,,
114,20699,,,,,,,-2.2688682079315186,2.18319034576416,9.406332969665527
115,20749,,,,-2.018117666244507,3.036933422088623,15.346251487731934,,,
115,20799,,,,-1.76109778881073,4.0224103927612305,27.734619140625,,,
115,20849,,,,-2.0472729206085205,3.2340660095214844,14.349845886230469,,,
115,20879,,,,,,,-1.811673879623413,3.7404370307922363,26.742534637451172
116,20899,,,,-2.2700490951538086,2.0981197357177734,8.591535568237305,,,
116,20949,,,,-1.9810091257095337,2.6728339195251465,16.715173721313477,,,
116,20999,,,,-1.8990286588668823,3.6016287803649902,20.187908172607422,,,
116,21049,,,,-1.3384039402008057,6.522491931915283,73.40337371826172,,,
116,21059,,,,,,,-1.685487985610962,4.498403549194336,34.306243896484375
117,21099,,,,-1.7674529552459717,4.056171417236328,27.33172035217285,,,
117,21149,,,,-1.2290828227996826,7.880381107330322,94.4141845703125,,,
117,21199,,,,-2.0448074340820312,2.5558223724365234,14.431539535522461,,,
117,21239,,,,,,,-2.124725103378296,2.563717842102051,13.064702987670898
118,21249,,,,-2.2667479515075684,1.9822628498077393,8.657093048095703,,,
118,21299,,,,-1.9511053562164307,3.500481605529785,17.906658172607422,,,
118,21349,,,,-1.852936863899231,3.7184083461761475,22.448278427124023,,,
118,21399,,,,-1.6892577409744263,4.238738059997559,32.72368621826172,,,
118,21419,,,,,,,-1.7546722888946533,4.320271968841553,29.4130859375
119,21449,,,,-2.1005780696868896,2.8837616443634033,12.692346572875977,,,
119,21499,,,,-1.872819423675537,2.9451746940612793,21.443740844726562,,,
119,21549,,,,-1.924072027206421,2.81191086769104,19.056716918945312,,,
119,21599,,,,-1.7255085706710815,4.381204605102539,30.103120803833008,,,
119,21599,,,,,,,-1.7691659927368164,4.066543102264404,28.869050979614258
120,21649,,,,-1.5052586793899536,4.46849250793457,49.98749542236328,,,
120,21699,,,,-2.07145094871521,2.851412534713745,13.572785377502441,,,
120,21749,,,,-1.930596947669983,3.0409131050109863,18.772544860839844,,,
120,21779,,,,,,,-1.3387895822525024,6.581898212432861,78.91148376464844
121,21799,,,,-2.315031051635742,1.9888191223144531,7.7462077140808105,,,
121,21849,,,,-2.066462516784668,2.5805256366729736,13.729584693908691,,,
121,21899,,,,-2.178705930709839,2.187573194503784,10.602644920349121,,,
121,21949,,,,-2.2924587726593018,1.9204225540161133,8.159456253051758,,,
121,21959,,,,,,,-2.266634941101074,2.249340057373047,9.379883766174316
122,21999,,,,-1.0801334381103516,6.826457500457764,133.04132080078125,,,
122,22049,,,,-1.3864154815673828,5.182919025421143,65.7210464477539,,,
122,22099,,,,-1.5665109157562256,6.04359245300293,43.41192626953125,,,
122,22139,,,,,,,-0.9556371569633484,9.651774406433105,192.7290496826172
123,22149,,,,-1.6581906080245972,4.281856536865234,35.150325775146484,,,
123,22199,,,,-1.629310965538025,4.997283935546875,37.567230224609375,,,
123,22249,,,,-2.238377094268799,2.059190034866333,9.24150562286377,,,
123,22299,,,,-1.6114165782928467,4.715153694152832,39.147438049316406,,,
123,22319,,,,,,,-2.1069633960723877,2.839315891265869,13.160165786743164
124,22349,,,,-1.5084246397018433,5.546257972717285,49.62439727783203,,,
124,22399,,,,-2.0925180912017822,2.9228944778442383,12.930096626281738,,,
124,22449,,,,-1.5587736368179321,4.724879264831543,44.19227981567383,,,
124,22499,,,,-2.2322866916656494,2.230215072631836,9.37202262878418,,,
124,22499,,,,,,,-1.8813581466674805,3.5529582500457764,22.043453216552734
125,22549,,,,-1.6244202852249146,4.732909202575684,37.9926643371582,,,
125,22599,,,,-1.2045544385910034,6.534882545471191,99.9000244140625,,,
125,22649,,,,-1.8044556379318237,3.6922755241394043,25.099464416503906,,,
125,22679,,,,,,,-1.4106944799423218,6.32526159286499,64.42986297607422
126,22699,,,,-2.0767765045166016,2.8692290782928467,13.407370567321777,,,
126,22749,,,,-2.3880488872528076,1.7853283882141113,6.547432899475098,,,
126,22799,,,,-2.420076847076416,1.676884651184082,6.0819549560546875,,,
126,22849,,,,-1.010643720626831,9.938653945922852,156.1263885498047,,,
126,22859,,,,,,,-1.7931842803955078,3.9512012004852295,27.452341079711914
127,22899,,,,-1.4002176523208618,6.271205902099609,63.665245056152344,,,
127,22949,,,,-2.2590138912200928,1.8581182956695557,8.812640190124512,,,
127,22999,,,,-2.4896371364593506,1.703722357749939,5.181828498840332,,,
127,23039,,,,,,,-2.321715831756592,2.1190783977508545,8.303481101989746
128,23049,,,,-2.246887683868408,2.099071741104126,9.062175750732422,,,
128,23099,,,,-1.5571197271347046,4.989157676696777,44.36089324951172,,,
128,23149,,,,-2.069211483001709,2.8862507343292236,13.642958641052246,,,
128,23199,,,,-1.9522634744644165,3.314246892929077,17.858976364135742,,,
128,23219,,,,,,,-2.209575653076172,2.282580614089966,10.665284156799316
129,23249,,,,-1.4953339099884033,6.1349945068359375,51.14299011230469,,,
129,23299,,,,-1.2055964469909668,6.981194019317627,99.66061401367188,,,
129,23349,,,,-1.7991982698440552,3.6026358604431152,25.4051513671875,,,
129,23399,,,,-1.4673138856887817,5.4931488037109375,54.55143356323242,,,
129,23399,,,,,,,-1.2636544704437256,7.1993279457092285,92.49832153320312
130,23449,,,,-1.2508714199066162,7.2685651779174805,89.79427337646484,,,
130,23499,,,,-1.763692021369934,3.8456573486328125,27.569448471069336,,,
130,23549,,,,-2.31868577003479,1.840869426727295,7.6812920570373535,,,
130,23579,,,,,,,-2.265998363494873,2.222837209701538,9.384302139282227
131,23599,,,,-2.0624825954437256,3.07503080368042,13.85599136352539,,,
131,23649,,,,-2.5025734901428223,1.5756754875183105,5.0297532081604,,,
131,23699,,,,-2.0864615440368652,2.7917168140411377,13.111688613891602,,,
131,23749,,,,-1.4566595554351807,5.885117053985596,55.90626525878906,,,
131,23759,,,,,,,-1.9633619785308838,3.2208478450775146,18.40522003173828
132,23799,,,,-0.9968778491020203,8.303728103637695,161.15435791015625,,,
132,23849,,,,-1.4232587814331055,3.8292055130004883,60.37556076049805,,,
132,23899,,,,-1.5581860542297363,4.743931293487549,44.252105712890625,,,
132,23939,,,,,,,-1.858471155166626,3.4965567588806152,23.223087310791016
133,23949,,,,-2.0301973819732666,3.159872055053711,14.925283432006836,,,
133,23999,,,,-2.2665531635284424,1.9521633386611938,8.66097640991211,,,
133,24049,,,,-1.9325525760650635,3.5652685165405273,18.688196182250977,,,
133,24099,,,,-1.969659447669983,3.4135901927948,17.157756805419922,,,
133,24119,,,,,,,-1.543227195739746,5.02114200592041,48.200111389160156
134,24149,,,,-1.4383289813995361,5.527369022369385,58.31644821166992,,,
134,24199,,,,-2.168635129928589,2.484579086303711,10.851372718811035,,,
134,24249,,,,-1.3265975713729858,6.789499759674072,75.42622375488281,,,
134,24299,,,,-0.8710445165634155,10.932279586791992,215.3155975341797,,,
134,24299,,,,,,,-1.158983826637268,8.014402389526367,120.1878662109375
135,24349,,,,-2.0646820068359375,2.6329381465911865,13.785990715026855,,,
135,24399,,,,-2.475618839263916,1.6042346954345703,5.351813793182373,,,
135,24449,,,,-2.4173662662506104,2.0170819759368896,6.120031356811523,,,
135,24479,,,,,,,-1.863871693611145,3.3543283939361572,23.732276916503906
136,24499,,,,-1.9870997667312622,3.485367774963379,16.482393264770508,,,
136,24549,,,,-1.6028786897659302,4.772625923156738,39.92466735839844,,,
136,24599,,,,-1.5981234312057495,4.8946123123168945,40.36422348022461,,,
136,24649,,,,-1.9619696140289307,3.2880988121032715,17.464265823364258,,,
136,24659,,,,,,,-2.0883071422576904,2.6846320629119873,13.835477828979492
137,24699,,,,-1.9421759843826294,3.463047981262207,18.27864646911621,,,
137,24749,,,,-2.182917594909668,2.3185367584228516,10.50031852722168,,,
137,24799,,,,-1.9745230674743652,3.3743960857391357,16.966684341430664,,,
137,24839,,,,,,,-2.2393603324890137,2.2674551010131836,10.147210121154785
138,24849,,,,-2.120126485824585,2.2509891986846924,12.133707046508789,,,
138,24899,,,,-2.740290641784668,1.451972484588623,2.909574031829834,,,
138,24949,,,,-2.034682512283325,3.205033540725708,14.771944046020508,,,
138,24999,,,,-1.582479476928711,4.985934257507324,41.84470748901367,,,
138,25019,,,,,,,-2.163520097732544,2.5074028968811035,11.687938690185547
139,25049,,,,-2.190894842147827,2.1630561351776123,10.309206008911133,,,
139,25099,,,,-1.8705633878707886,3.616960048675537,21.555423736572266,,,
139,25149,,,,-2.3427979946136475,2.0844991207122803,7.266443252563477,,,
139,25199,,,,-2.4086034297943115,1.9863481521606445,6.2447710037231445,,,
139,25199,,,,,,,-2.2728383541107178,2.2031359672546387,9.220670700073242
140,25249,,,,-1.6779876947402954,4.0536699295043945,33.583988189697266,,,
140,25299,,,,-2.3654398918151855,1.8378102779388428,6.89731502532959,,,
140,25349,,,,-2.6843438148498535,1.442584753036499,3.3096063137054443,,,
140,25379,,,,,,,-2.1986560821533203,2.3129498958587646,10.994003295898438
141,25399,,,,-2.49196195602417,1.5537998676300049,5.154162406921387,,,
141,25449,,,,-2.0104737281799316,3.1230340003967285,15.61875057220459,,,
141,25499,,,,-1.9074463844299316,3.2746124267578125,19.800384521484375,,,
141,25549,,,,-1.760131597518921,3.8611857891082764,27.79639434814453,,,
141,25559,,,,,,,-1.383878469467163,6.6437482833862305,69.5392837524414
142,25599,,,,-2.070955514907837,3.079413890838623,13.588275909423828,,,
142,25649,,,,-1.7556926012039185,2.949240207672119,28.081958770751953,,,
142,25699,,,,-2.387834310531616,1.9250388145446777,6.550666809082031,,,
142,25739,,,,,,,-2.0293474197387695,2.758420467376709,16.398374557495117
143,25749,,,,-2.3825395107269287,1.592559576034546,6.631024360656738,,,
143,25799,,,,-2.6196117401123047,1.5165536403656006,3.8415653705596924,,,
143,25849,,,,-1.6759878396987915,4.7000017166137695,33.738990783691406,,,
143,25899,,,,-1.745460867881775,4.07402229309082,28.75140953063965,,,
143,25919,,,,,,,-1.6538879871368408,4.471116542816162,37.022560119628906
144,25949,,,,-1.9781932830810547,3.154726028442383,16.82390594482422,,,
144,25999,,,,-1.8816076517105103,3.459045171737671,21.014175415039062,,,
144,26049,,,,-1.7820276021957397,3.2584023475646973,26.429706573486328,,,
144,26099,,,,-1.423218846321106,4.914996147155762,60.38111114501953,,,
144,26099,,,,,,,-1.5618531703948975,4.172029495239258,50.8311882019043
145,26149,,,,-2.2047200202941895,2.5095648765563965,9.986194610595703,,,
145,26199,,,,-1.5133072137832642,5.972644805908203,49.06963348388672,,,
145,26249,,,,-2.763246774673462,1.2329785823822021,2.759772300720215,,,
145,26279,,,,,,,-2.120911121368408,2.6088404655456543,13.132524490356445
146,26299,,,,-1.5320473909378052,4.885781288146973,46.99726104736328,,,
146,26349,,,,-2.088758945465088,2.6255431175231934,13.042509078979492,,,
146,26399,,,,-2.087383270263672,2.8643221855163574,13.083889961242676,,,
146,26449,,,,-2.3603427410125732,2.0739073753356934,6.978743553161621,,,
146,26459,,,,,,,-1.8602581024169922,3.36216139793396,23.916427612304688
147,26499,,,,-1.7253167629241943,4.0503644943237305,30.116426467895508,,,
147,26549,,,,-1.9542653560638428,3.2626543045043945,17.776844024658203,,,
147,26599,,,,-1.868313193321228,3.082653045654297,21.667400360107422,,,
147,26639,,,,,,,-2.0770645141601562,2.747844934463501,14.115128517150879
148,26649,,,,-2.068819999694824,2.872579574584961,13.655261993408203,,,
148,26699,,,,-1.7006345987319946,4.853179931640625,31.877578735351562,,,
148,26749,,,,-1.7903721332550049,3.499746561050415,25.926729202270508,,,
148,26799,,,,-1.7670605182647705,4.275324821472168,27.356435775756836,,,
148,26819,,,,,,,-2.246544361114502,2.250760793685913,9.825363159179688
149,26849,,,,-2.2556087970733643,1.8552708625793457,8.882007598876953,,,
149,26899,,,,-2.2373955249786377,2.1393611431121826,9.262421607971191,,,
149,26949,,,,-2.0508785247802734,2.874218463897705,14.231199264526367,,,
149,26999,,,,-2.1029391288757324,2.97914457321167,12.623537063598633,,,
149,26999,,,,,,,-2.1642656326293945,2.613720417022705,11.48438549041748
150,27049,,,,-1.8021165132522583,3.568772315979004,25.235004425048828,,,
150,27099,,,,-1.922206997871399,3.5058627128601074,19.13872718811035,,,
150,27149,,,,-2.256124258041382,2.033557891845703,8.871471405029297,,,
150,27179,,,,,,,-1.7436527013778687,3.4713387489318848,32.12665557861328
151,27199,,,,-2.2075393199920654,2.306429624557495,9.921581268310547,,,
151,27249,,,,-1.6957178115844727,4.2169013023376465,32.240543365478516,,,
151,27299,,,,-2.243412971496582,2.066796064376831,9.134967803955078,,,
151,27349,,,,-1.8492014408111572,4.204381942749023,22.642192840576172,,,
151,27359,,,,,,,-1.5476118326187134,5.323169708251953,47.52580642700195
152,27399,,,,-1.5464774370193481,4.740688323974609,45.46138000488281,,,
152,27449,,,,-1.463608980178833,5.9917755126953125,55.018798828125,,,
152,27499,,,,-2.124835729598999,2.3116276264190674,12.002847671508789,,,
152,27539,,,,,,,-1.93026602268219,3.4454216957092285,19.442951202392578
153,27549,,,,-2.141646385192871,2.1373531818389893,11.547120094299316,,,
153,27599,,,,-2.014399766921997,2.708073854446411,15.478199005126953,,,
153,27649,,,,-1.877949595451355,3.8999249935150146,21.191925048828125,,,
153,27699,,,,-2.5059010982513428,1.7766839265823364,4.991360187530518,,,
153,27719,,,,,,,-2.2438788414001465,2.3270790576934814,9.713573455810547
154,27749,,,,-2.1236965656280518,2.3016719818115234,12.034377098083496,,,
154,27799,,,,-1.9344416856765747,3.09075927734375,18.607086181640625,,,
154,27849,,,,-2.3473682403564453,1.8922137022018433,7.190379619598389,,,
154,27899,,,,-2.1899399757385254,1.903552532196045,10.33189582824707,,,
154,27899,,,,,,,-2.058891534805298,2.76627779006958,14.827302932739258
155,27949,,,,-2.0723955631256104,2.3371191024780273,13.543306350708008,,,
155,27999,,,,-1.8775579929351807,3.0768442153930664,21.211040496826172,,,
155,28049,,,,-1.8766318559646606,3.448864459991455,21.256324768066406,,,
155,28079,,,,,,,-2.358060598373413,1.9287054538726807,7.930327892303467
156,28099,,,,-2.287238836288452,1.7405929565429688,8.258119583129883,,,
156,28149,,,,-2.000369071960449,3.359358072280884,15.986404418945312,,,
156,28199,,,,-1.9378671646118164,3.3925721645355225,18.460905075073242,,,
156,28249,,,,-2.19275164604187,2.3771674633026123,10.265228271484375,,,
156,28259,,,,,,,-1.3906797170639038,6.46952486038208,68.4955062866211
157,28299,,,,-2.1227529048919678,2.8726766109466553,12.060551643371582,,,
157,28349,,,,-2.3166556358337402,2.111053943634033,7.717283248901367,,,
157,28399,,,,-2.342528820037842,2.0789053440093994,7.270950794219971,,,
157,28439,,,,,,,-1.7312363386154175,4.161994934082031,31.323444366455078
158,28449,,,,-1.7928177118301392,4.130613803863525,25.78114891052246,,,
158,28499,,,,-1.181563138961792,7.3303985595703125,105.33113098144531,,,
158,28549,,,,-1.4815655946731567,5.794095039367676,52.79032897949219,,,
158,28599,,,,-1.9611467123031616,3.0595407485961914,17.497392654418945,,,
158,28619,,,,,,,-1.8323793411254883,3.5696280002593994,25.35240936279297
159,28649,,,,-2.02445387840271,2.6685454845428467,15.123981475830078,,,
159,28699,,,,-1.9938446283340454,3.126007556915283,16.228391647338867,,,
159,28749,,,,-1.7330427169799805,3.531826972961426,29.585391998291016,,,
159,28799,,,,-1.452153205871582,6.061156272888184,56.48936462402344,,,
159,28799,,,,,,,-1.3093249797821045,7.000495433807373,83.7861328125
160,28849,,,,-1.6880536079406738,4.689661026000977,32.814544677734375,,,
160,28899,,,,-1.4608497619628906,5.785118579864502,55.36944580078125,,,
160,28949,,,,-1.4407380819320679,5.483791828155518,57.993858337402344,,,
160,28979,,,,,,,-2.3551769256591797,1.957925796508789,7.628307819366455
161,28999,,,,-1.4611221551895142,5.560572624206543,55.334747314453125,,,
161,29049,,,,-2.3745691776275635,1.884728193283081,6.753838539123535,,,
161,29099,,,,-2.140794277191162,2.531953811645508,11.569795608520508,,,
161,29149,,,,-2.1759958267211914,2.475922107696533,10.669013977050781,,,
161,29159,,,,,,,-2.3397786617279053,1.939164400100708,7.998162746429443
162,29199,,,,-2.5450408458709717,1.4539244174957275,4.561198711395264,,,
162,29249,,,,-1.8412623405456543,4.0056681632995605,23.059913635253906,,,
162,29299,,,,-1.9549578428268433,3.6707539558410645,17.74852180480957,,,
162,29339,,,,,,,-2.154496669769287,2.498539686203003,12.209769248962402
163,29349,,,,-1.917923927307129,3.3586606979370117,19.328407287597656,,,
163,29399,,,,-2.046011209487915,3.3103737831115723,14.391594886779785,,,
163,29449,,,,-2.086991548538208,2.3162646293640137,13.095690727233887,,,
163,29499,,,,-1.994541883468628,2.945361614227295,16.202354431152344,,,
163,29519,,,,,,,-1.4838787317276,5.432819843292236,56.6938362121582
164,29549,,,,-1.6736738681793213,4.79900598526001,33.91925048828125,,,
164,29599,,,,-2.2015347480773926,2.266184091567993,10.05970573425293,,,
164,29649,,,,-1.9398607015609741,3.060145616531372,18.37635040283203,,,
164,29699,,,,-2.35953426361084,2.098701000213623,6.99174690246582,,,
164,29699,,,,,,,-2.2616567611694336,2.1611132621765137,9.423417091369629
165,29749,,,,-1.908801555633545,3.0892112255096436,19.73869514465332,,,
165,29799,,,,-2.2282841205596924,2.435415506362915,9.458800315856934,,,
165,29849,,,,-1.9194130897521973,3.1004478931427,19.262248992919922,,,
165,29879,,,,,,,-0.8755990862846375,9.428730010986328,237.5370635986328
166,29899,,,,-1.7150386571884155,3.703732490539551,30.8376522064209,,,
166,29949,,,,-2.382394313812256,1.7331619262695312,6.633239269256592,,,
166,29999,,,,-1.8564671277999878,3.74355411529541,22.266544342041016,,,
166,30049,,,,-2.48527455329895,1.6910513639450073,5.2341413497924805,,,
166,30059,,,,,,,-1.4722570180892944,5.631958961486816,58.294776916503906
167,30099,,,,-1.4044097661972046,6.017834663391113,63.053646087646484,,,
167,30149,,,,-2.2011828422546387,2.618180751800537,10.067858695983887,,,
167,30199,,,,-1.120733618736267,6.862421989440918,121.16754150390625,,,
167,30239,,,,,,,-1.9805512428283691,2.8290693759918213,18.35329246520996
168,30249,,,,-2.4067134857177734,1.9153814315795898,6.272009372711182,,,
168,30299,,,,-2.145206928253174,1.755317211151123,11.452836990356445,,,
168,30349,,,,-2.270374298095703,1.9179542064666748,8.58510684967041,,,
168,30399,,,,-2.1647768020629883,2.4854700565338135,10.948213577270508,,,
168,30419,,,,,,,-2.417515277862549,1.7164151668548584,6.825182914733887
169,30449,,,,-2.036097288131714,2.8455820083618164,14.723893165588379,,,
169,30499,,,,-2.422081232070923,1.7091360092163086,6.053951263427734,,,
169,30549,,,,-2.417846918106079,1.6797531843185425,6.113262176513672,,,
169,30599,,,,-1.8227969408035278,3.6960978507995605,24.061527252197266,,,
169,30599,,,,,,,-1.456756591796875,5.390734672546387,60.227256774902344
170,30649,,,,-2.1947693824768066,2.4144270420074463,10.217639923095703,,,
170,30699,,,,-1.6410181522369385,3.5888237953186035,36.56806182861328,,,
170,30749,,,,-1.6188989877700806,5.456609725952148,38.478759765625,,,
170,30779,,,,,,,-2.3298561573028564,2.010587453842163,8.379688262939453
171,30799,,,,-1.8067176342010498,3.8288164138793945,24.969074249267578,,,
171,30849,,,,-2.214682102203369,2.637357234954834,9.75973129272461,,,
171,30899,,,,-2.4439899921417236,1.5262484550476074,5.756122589111328,,,
171,30949,,,,-2.005786657333374,2.671053886413574,15.788219451904297,,,
171,30959,,,,,,,-2.260472536087036,2.1721091270446777,9.86805248260498
172,30999,,,,-2.299379587173462,2.50677752494812,8.030458450317383,,,
172,31049,,,,-2.2693605422973633,1.9743517637252808,8.605167388916016,,,
172,31099,,,,-2.5658578872680664,1.6663291454315186,4.347724914550781,,,
172,31139,,,,,,,-1.6325232982635498,4.839084148406982,38.79729461669922
173,31149,,,,-2.2113630771636963,2.7550158500671387,9.834606170654297,,,
173,31199,,,,-2.4221527576446533,1.7986891269683838,6.052951812744141,,,
173,31249,,,,-2.396407127380371,1.7397210597991943,6.422630786895752,,,
173,31299,,,,-1.540842056274414,5.546907424926758,46.05512237548828,,,
173,31319,,,,,,,-1.4530469179153442,5.7905449867248535,60.08433151245117
174,31349,,,,-1.5658018589019775,5.522451400756836,43.48286437988281,,,
174,31399,,,,-2.5035221576690674,1.7004780769348145,5.018775939941406,,,
174,31449,,,,-2.1581673622131348,2.3172924518585205,11.116107940673828,,,
174,31499,,,,-1.532333493232727,4.743074893951416,46.96631622314453,,,
174,31499,,,,,,,-1.8984856605529785,3.231666326522827,21.679832458496094
175,31549,,,,-2.2974905967712402,1.903855562210083,8.065467834472656,,,
175,31599,,,,-2.0750606060028076,2.8487508296966553,13.460443496704102,,,
175,31649,,,,-2.4120492935180664,2.1453771591186523,6.195420265197754,,,
175,31679,,,,,,,-1.878752589225769,3.0426464080810547,24.204322814941406
176,31699,,,,-2.4986350536346436,1.6903302669525146,5.075571060180664,,,
176,31749,,,,-2.0341007709503174,3.2251009941101074,14.791742324829102,,,
176,31799,,,,-2.2487118244171143,2.0508008003234863,9.024187088012695,,,
176,31849,,,,-1.7959399223327637,4.1687421798706055,25.596471786499023,,,
176,31859,,,,,,,-2.146284818649292,2.4844768047332764,12.362585067749023
177,31899,,,,-2.280226469039917,1.9558203220367432,8.392541885375977,,,
177,31949,,,,-2.654766082763672,1.5092949867248535,3.542858123779297,,,
177,31999,,,,-2.492291212081909,1.872632384300232,5.150257110595703,,,
177,32039,,,,,,,-2.0868396759033203,2.610712766647339,14.036128044128418
178,32049,,,,-2.4714725017547607,1.7924158573150635,5.403158664703369,,,
178,32099,,,,-2.6613481044769287,1.4583905935287476,3.4895715713500977,,,
178,32149,,,,-2.6093928813934326,1.4818050861358643,3.9330291748046875,,,
178,32199,,,,-1.9709590673446655,3.229116916656494,17.106489181518555,,,
178,32219,,,,,,,-1.8463163375854492,3.3653860092163086,25.260669708251953
179,32249,,,,-1.3783366680145264,6.238929748535156,66.9550552368164,,,
179,32299,,,,-2.4583170413970947,1.730842113494873,5.569331169128418,,,
179,32349,,,,-1.4521985054016113,6.062108993530273,56.483497619628906,,,
179,32399,,,,-1.6393409967422485,5.0863871574401855,36.70953369140625,,,
179,32399,,,,,,,-1.7235740423202515,4.163015842437744,32.50507736206055
180,32449,,,,-2.8994364738464355,0.9337230324745178,2.0168957710266113,,,
180,32499,,,,-1.3753052949905396,6.262884616851807,67.42403411865234,,,
180,32549,,,,-2.0252718925476074,3.3408427238464355,15.0955228805542,,,
180,32579,,,,,,,-1.7815802097320557,4.022261142730713,27.39675521850586
181,32599,,,,-1.7624233961105347,3.965315580368042,27.65009117126465,,,
181,32649,,,,-1.8012111186981201,3.503185749053955,25.287677764892578,,,
181,32699,,,,-1.550031065940857,5.606561183929443,45.09089279174805,,,
181,32749,,,,-2.3519375324249268,1.8358550071716309,7.115123748779297,,,
181,32759,,,,,,,-1.9432185888290405,2.978724241256714,20.276147842407227
182,32799,,,,-2.25085711479187,2.2761998176574707,8.979724884033203,,,
182,32849,,,,-2.530503034591675,1.488234519958496,4.716469764709473,,,
182,32899,,,,-1.9833323955535889,3.271186590194702,16.625991821289062,,,
182,32939,,,,,,,-2.4140865802764893,1.7029929161071777,7.066398620605469
183,32949,,,,-2.430060386657715,1.9056081771850586,5.9437360763549805,,,
183,32999,,,,-2.059312582015991,2.6629574298858643,13.957496643066406,,,
183,33049,,,,-2.2035653591156006,2.270977258682251,10.012786865234375,,,
183,33099,,,,-2.2599360942840576,2.6127147674560547,8.793949127197266,,,
183,33119,,,,,,,-2.4182639122009277,1.741063117980957,6.887980937957764
184,33149,,,,-1.8547585010528564,4.1631927490234375,22.354320526123047,,,
184,33199,,,,-2.183220863342285,2.2242636680603027,10.492993354797363,,,
184,33249,,,,-2.2353241443634033,2.0375237464904785,9.306707382202148,,,
184,33299,,,,-2.2279884815216064,2.31876277923584,9.465239524841309,,,
184,33299,,,,,,,-2.2316830158233643,2.450277805328369,10.045930862426758
185,33349,,,,-1.7029485702514648,4.823944091796875,31.708192825317383,,,
185,33399,,,,-2.4614107608795166,1.6430474519729614,5.529797077178955,,,
185,33449,,,,-2.3327863216400146,1.5867769718170166,7.435902118682861,,,
185,33479,,,,,,,-2.195575475692749,2.3633313179016113,11.05472183227539
186,33499,,,,-2.2912940979003906,2.0304226875305176,8.181366920471191,,,
186,33549,,,,-2.2731361389160156,2.05104398727417,8.530682563781738,,,
186,33599,,,,-2.395493745803833,1.912203311920166,6.436153888702393,,,
186,33649,,,,-1.7843836545944214,4.215822219848633,26.286714553833008,,,
186,33659,,,,,,,-2.433314085006714,1.6875673532485962,6.677017688751221
187,33699,,,,-2.3255205154418945,1.802742600440979,7.561354160308838,,,
187,33749,,,,-2.4004082679748535,1.8779550790786743,6.36373233795166,,,
187,33799,,,,-1.73475182056427,4.054498195648193,29.469192504882812,,,
187,33839,,,,,,,-1.9692362546920776,3.079862356185913,18.213279724121094
188,33849,,,,-2.387087106704712,1.817417860031128,6.561949253082275,,,
188,33899,,,,-2.03952956199646,2.963125467300415,14.607988357543945,,,
188,33949,,,,-1.6818768978118896,4.564929485321045,33.28459167480469,,,
188,33999,,,,-2.420872688293457,1.942529320716858,6.070817470550537,,,
188,34019,,,,,,,-2.444524049758911,1.6754984855651855,6.608717441558838
189,34049,,,,-2.4548513889312744,1.951524019241333,5.613952159881592,,,
189,34099,,,,-2.643455743789673,1.539381504058838,3.6363391876220703,,,
189,34149,,,,-2.504875659942627,1.5759410858154297,5.0031609535217285,,,
189,34199,,,,-2.5024168491363525,1.6863489151000977,5.031566143035889,,,
189,34199,,,,,,,-2.2852747440338135,2.039163827896118,9.389187812805176
190,34249,,,,-1.2228779792785645,5.9118781089782715,95.77275085449219,,,
190,34299,,,,-1.424164056777954,5.475090980529785,60.249855041503906,,,
190,34349,,,,-2.869877338409424,1.2291747331619263,2.1589503288269043,,,
190,34379,,,,,,,-2.1685187816619873,2.519407033920288,11.664909362792969
191,34399,,,,-2.1972947120666504,2.4145607948303223,10.158401489257812,,,
191,34449,,,,-2.0162723064422607,3.3789591789245605,15.411603927612305,,,
191,34499,,,,-2.433371067047119,1.740332841873169,5.898602485656738,,,
191,34549,,,,-1.9669556617736816,3.6818525791168213,17.264911651611328,,,
191,34559,,,,,,,-1.4943437576293945,5.946262836456299,53.51169204711914
192,34599,,,,-2.2026050090789795,2.214740514755249,10.03494644165039,,,
192,34649,,,,-2.3904895782470703,1.7139958143234253,6.510743141174316,,,
192,34699,,,,-2.6544110774993896,1.2195155620574951,3.545755386352539,,,
192,34739,,,,,,,-2.18496036529541,2.267852544784546,11.46628475189209
193,34749,,,,-2.2232277393341064,2.132559299468994,9.56956672668457,,,
193,34799,,,,-2.1044838428497314,2.6180620193481445,12.578712463378906,,,
193,34849,,,,-2.3186347484588623,1.9067219495773315,7.682192802429199,,,
193,34899,,,,-2.1113853454589844,2.3422908782958984,12.380393981933594,,,
193,34919,,,,,,,-2.2520151138305664,2.233703851699829,9.6777925491333
194,34949,,,,-1.7244672775268555,3.759077310562134,30.17538833618164,,,
194,34999,,,,-2.3633110523223877,1.9328945875167847,6.931207656860352,,,
194,35049,,,,-2.350508213043213,1.9016218185424805,7.138580322265625,,,
194,35099,,,,-2.083111524581909,2.506333827972412,13.213216781616211,,,
194,35099,,,,,,,-1.8535852432250977,3.5732977390289307,23.870349884033203
195,35149,,,,-2.0461032390594482,2.6580772399902344,14.388547897338867,,,
195,35199,,,,-2.0880515575408936,2.8314332962036133,13.063767433166504,,,
195,35249,,,,-2.1638834476470947,2.1415607929229736,10.970754623413086,,,
195,35279,,,,,,,-1.6735281944274902,4.347689628601074,36.52540969848633
196,35299,,,,-1.8727697134017944,3.426259994506836,21.446197509765625,,,
196,35349,,,,-1.5687718391418457,4.1944990158081055,43.18651580810547,,,
196,35399,,,,-2.4096598625183105,1.6694145202636719,6.229599952697754,,,
196,35449,,,,-2.3937950134277344,1.509176254272461,6.461372375488281,,,
196,35459,,,,,,,-2.244896650314331,2.278301477432251,9.840337753295898
197,35499,,,,-1.9254820346832275,2.9415416717529297,18.994945526123047,,,
197,35549,,,,-2.2678439617156982,2.2338855266571045,8.635276794433594,,,
197,35599,,,,-2.1624627113342285,1.792004108428955,11.006705284118652,,,
197,35639,,,,,,,-2.2680671215057373,2.192366361618042,9.37602424621582
198,35649,,,,-2.3693625926971436,1.9316020011901855,6.835300445556641,,,
198,35699,,,,-1.788517951965332,4.178643226623535,26.037662506103516,,,
198,35749,,,,-2.2479188442230225,2.2026894092559814,9.04068374633789,,,
198,35799,,,,-2.5780715942382812,1.412304162979126,4.227156639099121,,,
198,35819,,,,,,,-2.158051013946533,2.5435047149658203,12.117449760437012
199,35849,,,,-2.116501569747925,2.770906448364258,12.235405921936035,,,
199,35899,,,,-1.3352322578430176,6.873688697814941,73.94142150878906,,,
199,35949,,,,-2.2951459884643555,1.9219245910644531,8.109121322631836,,,
199,35999,,,,-2.2995803356170654,1.9130878448486328,8.026752471923828,,,
199,35999,,,,,,,-2.146113157272339,2.4573421478271484,12.472715377807617
200,36049,,,,-2.5197439193725586,1.7274788618087769,4.834773063659668,,,
200,36099,,,,-2.5195236206054688,1.4567240476608276,4.8372273445129395,,,
200,36149,,,,-2.286869764328003,2.1788525581359863,8.26513957977295,,,
200,36179,,,,,,,-2.357710361480713,1.8810206651687622,7.631602764129639
201,36199,,,,-2.824951171875,1.189123272895813,2.394247055053711,,,
201,36249,,,,-2.5181055068969727,1.5616753101348877,4.853049278259277,,,
201,36299,,,,-1.5937913656234741,5.421300888061523,40.76887512207031,,,
201,36349,,,,-1.9543743133544922,2.5481207370758057,17.772380828857422,,,
201,36359,,,,,,,-2.161616563796997,2.4003334045410156,11.93094253540039
202,36399,,,,-1.9574832916259766,2.546705961227417,17.645614624023438,,,
202,36449,,,,-2.186927556991577,2.412426471710205,10.40380859375,,,
202,36499,,,,-1.9433749914169312,3.265063524246216,18.22825050354004,,,
202,36539,,,,,,,-1.966131329536438,3.21052622795105,18.315811157226562
203,36549,,,,-2.532869815826416,1.6148712635040283,4.690835475921631,,,
203,36599,,,,-2.3620622158050537,1.8257019519805908,6.951169490814209,,,
203,36649,,,,-2.127375364303589,2.435499906539917,11.932865142822266,,,
203,36699,,,,-1.9504151344299316,3.0298173427581787,17.935144424438477,,,
203,36719,,,,,,,-1.5108253955841064,5.396701812744141,52.19562530517578
204,36749,,,,-2.2294957637786865,2.2450759410858154,9.43244457244873,,,
204,36799,,,,-2.308583974838257,1.8646939992904663,7.862054824829102,,,
204,36849,,,,-1.498952031135559,4.520672798156738,50.71867752075195,,,
204,36899,,,,-2.0740396976470947,2.465115547180176,13.49212646484375,,,
204,36899,,,,,,,-2.142073631286621,2.397618532180786,12.635927200317383
205,36949,,,,-2.4099321365356445,1.8142781257629395,6.22569465637207,,,
205,36999,,,,-2.6260011196136475,1.389692783355713,3.7854628562927246,,,
205,37049,,,,-1.9944969415664673,3.4225215911865234,16.204029083251953,,,
205,37079,,,,,,,-2.078585147857666,2.432082414627075,15.102983474731445
206,37099,,,,-2.069401979446411,2.7959859371185303,13.636971473693848,,,
206,37149,,,,-2.0128958225250244,2.7518162727355957,15.531882286071777,,,
206,37199,,,,-2.5518057346343994,1.4540603160858154,4.4907026290893555,,,
206,37249,,,,-2.2010583877563477,2.4604461193084717,10.070743560791016,,,
206,37259,,,,,,,-2.4204328060150146,1.770752191543579,7.014484882354736
207,37299,,,,-2.2013843059539795,1.9068925380706787,10.063185691833496,,,
207,37349,,,,-2.7352147102355957,1.0841622352600098,2.9437801837921143,,,
207,37399,,,,-2.1490681171417236,2.1997430324554443,11.351469993591309,,,
207,37439,,,,,,,-2.0024685859680176,2.717183828353882,17.39849281311035
208,37449,,,,-2.184885025024414,1.9724459648132324,10.45285415649414,,,
208,37499,,,,-2.275116443634033,2.082934617996216,8.491876602172852,,,
208,37549,,,,-2.208850145339966,2.391430377960205,9.89167308807373,,,
208,37599,,,,-1.994026780128479,2.817946195602417,16.221582412719727,,,
208,37619,,,,,,,-2.2436063289642334,2.344489097595215,9.711288452148438
209,37649,,,,-2.595489501953125,1.5968961715698242,4.060976982116699,,,
209,37699,,,,-1.968958854675293,3.517763137817383,17.185457229614258,,,
209,37749,,,,-2.400406837463379,1.7301088571548462,6.363753795623779,,,
209,37799,,,,-1.9522132873535156,2.722012519836426,17.861038208007812,,,
209,37799,,,,,,,-1.9209558963775635,3.1844348907470703,20.62646484375
210,37849,,,,-2.618910312652588,1.312873363494873,3.84777569770813,,,
210,37899,,,,-2.5996882915496826,1.5916681289672852,4.021904945373535,,,
210,37949,,,,-2.3341987133026123,1.812452793121338,7.411762714385986,,,
210,37979,,,,,,,-1.938313364982605,3.1658644676208496,20.151546478271484
211,37999,,,,-1.6971392631530762,4.406494140625,32.13517761230469,,,
211,38049,,,,-1.597036600112915,5.101017951965332,40.465362548828125,,,
211,38099,,,,-1.281075358390808,6.8092041015625,83.76152801513672,,,
211,38149,,,,-2.4056339263916016,2.071932554244995,6.287618160247803,,,
211,38159,,,,,,,-1.7310559749603271,4.659178256988525,30.602970123291016
212,38199,,,,-2.446256399154663,1.7941941022872925,5.726161003112793,,,
212,38249,,,,-2.617553234100342,1.4542930126190186,3.859819173812866,,,
212,38299,,,,-2.0320751667022705,2.954103946685791,14.860888481140137,,,
212,38339,,,,,,,-2.371201515197754,1.8192636966705322,7.741889953613281
213,38349,,,,-2.099095582962036,2.4258737564086914,12.735748291015625,,,
213,38399,,,,-2.565624237060547,1.7223796844482422,4.350065231323242,,,
213,38449,,,,-2.318511962890625,2.1359896659851074,7.684364318847656,,,
213,38499,,,,-2.080065965652466,2.649179220199585,13.306201934814453,,,
213,38519,,,,,,,-2.4714388847351074,1.6450172662734985,6.2854838371276855
214,38549,,,,-2.4513251781463623,1.6709403991699219,5.659719467163086,,,
214,38599,,,,-2.2012977600097656,2.3299787044525146,10.06519603729248,,,
214,38649,,,,-2.2471671104431152,2.030064821243286,9.056341171264648,,,
214,38699,,,,-2.331540822982788,1.8371186256408691,7.457261085510254,,,
214,38699,,,,,,,-2.1095972061157227,2.814495801925659,13.223581314086914
215,38749,,,,-1.5801103115081787,5.5196027755737305,42.0735969543457,,,
215,38799,,,,-1.681773066520691,4.228046417236328,33.292537689208984,,,
215,38849,,,,-2.709933042526245,1.3377439975738525,3.120232582092285,,,
215,38879,,,,,,,-1.9284894466400146,3.0246403217315674,20.71768569946289
216,38899,,,,-1.9413325786590576,3.9348697662353516,18.31418228149414,,,
216,38949,,,,-1.7614527940750122,4.632322311401367,27.71196746826172,,,
216,38999,,,,-2.0803236961364746,2.9163222312927246,13.298306465148926,,,
216,39049,,,,-2.2400927543640137,1.838400959968567,9.20507526397705,,,
216,39059,,,,,,,-1.7370823621749878,4.027650833129883,31.602144241333008
217,39099,,,,-2.2582781314849854,2.2241268157958984,8.827588081359863,,,
217,39149,,,,-1.9687095880508423,3.029170036315918,17.195331573486328,,,
217,39199,,,,-2.204434871673584,2.341475248336792,9.992752075195312,,,
217,39239,,,,,,,-2.1916663646698,2.0685875415802,11.698559761047363
218,39249,,,,-1.9065396785736084,4.056058883666992,19.841764450073242,,,
218,39299,,,,-2.0487051010131836,3.2014050483703613,14.302600860595703,,,
218,39349,,,,-1.5139477252960205,4.888490676879883,48.99732208251953,,,
218,39399,,,,-2.388366460800171,1.865058183670044,6.542649745941162,,,
218,39419,,,,,,,-2.5277605056762695,1.4648011922836304,5.5666375160217285
219,39449,,,,-1.393751859664917,6.359607696533203,64.62019348144531,,,
219,39499,,,,-1.7546619176864624,4.3308820724487305,28.14868927001953,,,
219,39549,,,,-2.937368631362915,1.0199410915374756,1.8482093811035156,,,
219,39599,,,,-2.312969923019409,2.1678378582000732,7.783054351806641,,,
219,39599,,,,,,,-2.323300838470459,2.050909996032715,8.291780471801758
220,39649,,,,-2.4095520973205566,1.6200125217437744,6.231147289276123,,,
220,39699,,,,-2.467313289642334,1.586431622505188,5.455151557922363,,,
220,39749,,,,-2.219926595687866,2.531830310821533,9.642581939697266,,,
220,39779,,,,,,,-1.9435752630233765,3.051379442214966,19.244518280029297
221,39799,,,,-2.299175500869751,2.057175397872925,8.0342378616333,,,
221,39849,,,,-2.0913515090942383,3.140599012374878,12.964883804321289,,,
221,39899,,,,-1.7673065662384033,4.35425329208374,27.340953826904297,,,
221,39949,,,,-1.967861294746399,3.306333541870117,17.22894287109375,,,
221,39959,,,,,,,-1.917341947555542,3.4498019218444824,20.4279842376709
222,39999,,,,-2.474412202835083,1.870195746421814,5.366705894470215,,,
222,40049,,,,-2.4720771312713623,1.7485764026641846,5.395641326904297,,,
222,40099,,,,-2.4058902263641357,1.61832857131958,6.283907890319824,,,
222,40139,,,,,,,-2.0738422870635986,2.643857002258301,14.656119346618652
223,40149,,,,-2.2750918865203857,1.812666654586792,8.492355346679688,,,
223,40199,,,,-2.350938081741333,1.9199104309082031,7.1315202713012695,,,
223,40249,,,,-1.9970861673355103,3.399782657623291,16.107717514038086,,,
223,40299,,,,-2.550143241882324,1.4871962070465088,4.507925987243652,,,
223,40319,,,,,,,-2.398451089859009,1.770416259765625,7.081573009490967
224,40349,,,,-2.464646577835083,1.773653507232666,5.488748073577881,,,
224,40399,,,,-2.430997848510742,1.849135160446167,5.930924415588379,,,
224,40449,,,,-1.8485723733901978,3.707850933074951,22.67501449584961,,,
224,40499,,,,-2.3301842212677,1.7243506908416748,7.480586051940918,,,
224,40499,,,,,,,-2.424934148788452,1.7144628763198853,7.183474063873291
225,40549,,,,-2.478438377380371,1.436970591545105,5.317180156707764,,,
225,40599,,,,-2.1167988777160645,2.784879684448242,12.227031707763672,,,
225,40649,,,,-2.385547161102295,1.8838975429534912,6.585259437561035,,,
225,40679,,,,,,,-2.403665781021118,1.7819422483444214,7.114984512329102
226,40699,,,,-2.7864773273468018,1.1215665340423584,2.616029739379883,,,
226,40749,,,,-2.713944435119629,1.4218165874481201,3.091546058654785,,,
226,40799,,,,-2.451028823852539,1.754616379737854,5.663583755493164,,,
226,40849,,,,-2.6304030418395996,1.3080825805664062,3.7472875118255615,,,
226,40859,,,,,,,-2.3224074840545654,1.9283596277236938,8.528306007385254
227,40899,,,,-1.9296571016311646,3.488499879837036,18.813217163085938,,,
227,40949,,,,-2.5049190521240234,1.5474026203155518,5.002658843994141,,,
227,40999,,,,-1.7256808280944824,4.244146347045898,30.09117889404297,,,
227,41039,,,,,,,-2.1113617420196533,2.7581913471221924,13.264555931091309
228,41049,,,,-2.4053430557250977,1.6141247749328613,6.291828632354736,,,
228,41099,,,,-2.274508237838745,1.7703077793121338,8.503775596618652,,,
228,41149,,,,-2.4576454162597656,1.8773555755615234,5.577949523925781,,,
228,41199,,,,-2.5046701431274414,1.7041242122650146,5.005528926849365,,,
228,41219,,,,,,,-2.196831226348877,2.3421990871429443,11.027873992919922
229,41249,,,,-2.5197269916534424,1.5895235538482666,4.834963321685791,,,
229,41299,,,,-2.3691117763519287,1.9651997089385986,6.839245796203613,,,
229,41349,,,,-2.0535659790039062,2.3850512504577637,14.14340591430664,,,
229,41399,,,,-2.030757427215576,2.074984550476074,14.906052589416504,,,
229,41399,,,,,,,-2.440349817276001,1.6138824224472046,6.800131797790527
230,41449,,,,-2.294478416442871,2.287637233734131,8.121602058410645,,,
230,41499,,,,-2.3316972255706787,2.138249158859253,7.4545745849609375,,,
230,41549,,,,-1.752895474433899,3.365147113800049,28.263412475585938,,,
230,41579,,,,,,,-2.2979917526245117,2.0250444412231445,8.87738037109375
231,41599,,,,-2.237093687057495,2.2782680988311768,9.268857955932617,,,
231,41649,,,,-2.0681028366088867,2.190696954727173,13.677824020385742,,,
231,41699,,,,-2.6831350326538086,1.3761956691741943,3.3188295364379883,,,
231,41749,,,,-2.6200966835021973,1.640437126159668,3.837278127670288,,,
231,41759,,,,,,,-1.886085033416748,3.511793613433838,22.40934944152832
232,41799,,,,-2.0397167205810547,3.4377715587615967,14.601692199707031,,,
232,41849,,,,-2.2727956771850586,1.7312607765197754,8.537371635437012,,,
232,41899,,,,-2.229238510131836,2.295781135559082,9.438033103942871,,,
232,41939,,,,,,,-2.1482021808624268,2.594247341156006,12.305418968200684
233,41949,,,,-2.4426896572113037,1.6128215789794922,5.773380279541016,,,
233,41999,,,,-2.7210381031036377,1.5238018035888672,3.041457414627075,,,
233,42049,,,,-2.47482967376709,1.7067582607269287,5.36154842376709,,,
233,42099,,,,-1.9848251342773438,2.845259189605713,16.568946838378906,,,
233,42119,,,,,,,-1.3839941024780273,6.257042407989502,71.0695571899414
234,42149,,,,-2.1885979175567627,1.9855819940567017,10.363870620727539,,,
234,42199,,,,-2.0721311569213867,2.715362071990967,13.551543235778809,,,
234,42249,,,,-2.889686346054077,0.9713442921638489,2.0626883506774902,,,
234,42299,,,,-1.4075438976287842,5.80736780166626,62.600257873535156,,,
234,42299,,,,,,,-2.214857578277588,2.391832113265991,10.573531150817871
235,42349,,,,-2.2441916465759277,2.1393513679504395,9.118607521057129,,,
235,42399,,,,-2.5619359016418457,1.7287321090698242,4.387169361114502,,,
235,42449,,,,-1.9668760299682617,2.9836575984954834,17.268081665039062,,,
235,42479,,,,,,,-2.0584537982940674,2.5021815299987793,15.558666229248047
236,42499,,,,-1.9741718769073486,2.85103702545166,16.980411529541016,,,
236,42549,,,,-2.4624016284942627,1.6605875492095947,5.517197132110596,,,
236,42599,,,,-2.3845794200897217,2.316906452178955,6.599950313568115,,,
236,42649,,,,-2.7573142051696777,1.2616029977798462,2.797731399536133,,,
236,42659,,,,,,,-2.2945046424865723,2.111398458480835,9.030668258666992
237,42699,,,,-2.331373453140259,1.7225879430770874,7.460135459899902,,,
237,42749,,,,-2.2754926681518555,1.9596624374389648,8.484521865844727,,,
237,42799,,,,-2.1553735733032227,2.452676296234131,11.187844276428223,,,
237,42839,,,,,,,-2.046452045440674,2.968411922454834,15.046506881713867
238,42849,,,,-2.6526939868927,1.5348420143127441,3.5598039627075195,,,
238,42899,,,,-2.402484655380249,1.6365904808044434,6.333379745483398,,,
238,42949,,,,-2.2912113666534424,1.6561758518218994,8.182924270629883,,,
238,42999,,,,-2.2471256256103516,2.14888072013855,9.057209968566895,,,
238,43019,,,,,,,-2.0836007595062256,2.8516244888305664,13.920892715454102
239,43049,,,,-2.6200075149536133,1.408369779586792,3.8380658626556396,,,
239,43099,,,,-2.571776866912842,1.3345396518707275,4.288873672485352,,,
239,43149,,,,-2.3020782470703125,2.2746310234069824,7.980716228485107,,,
239,43199,,,,-2.1207876205444336,2.0430033206939697,12.115257263183594,,,
239,43199,,,,,,,-1.8307313919067383,3.454753875732422,25.749553680419922
240,43249,,,,-2.453665256500244,1.5836772918701172,5.629303932189941,,,
240,43299,,,,-1.9971120357513428,2.608837604522705,16.106746673583984,,,
240,43349,,,,-2.073051929473877,2.709122657775879,13.522846221923828,,,
240,43379,,,,,,,-2.3775441646575928,1.839213490486145,7.450303077697754
241,43399,,,,-2.3488967418670654,1.8182594776153564,7.1651177406311035,,,
241,43449,,,,-1.668318748474121,2.8116378784179688,34.34007263183594,,,
241,43499,,,,-1.9756989479064941,2.750788688659668,16.92080307006836,,,
241,43549,,,,-2.2540013790130615,1.832361102104187,8.914941787719727,,,
241,43559,,,,,,,-2.4583892822265625,1.6497431993484497,6.409611701965332
242,43599,,,,-2.4861044883728027,1.678762435913086,5.224151611328125,,,
242,43649,,,,-2.3350534439086914,2.3541383743286133,7.397187232971191,,,
242,43699,,,,-2.3060009479522705,2.059072256088257,7.908949851989746,,,
242,43739,,,,,,,-1.870546817779541,3.3316171169281006,23.50261878967285
243,43749,,,,-2.072646379470825,2.6000802516937256,13.535479545593262,,,
243,43799,,,,-2.1839237213134766,2.386017322540283,10.476022720336914,,,
243,43849,,,,-1.7637925148010254,4.268550872802734,27.563064575195312,,,
243,43899,,,,-1.8590704202651978,4.172011375427246,22.133480072021484,,,
243,43919,,,,,,,-2.42706036567688,1.7224633693695068,6.717550277709961
244,43949,,,,-2.97983980178833,1.0495507717132568,1.6760244369506836,,,
244,43999,,,,-2.0492520332336426,2.944425582885742,14.284595489501953,,,
244,44049,,,,-2.6837165355682373,1.3019988536834717,3.3143887519836426,,,
244,44099,,,,-1.978466272354126,2.9885857105255127,16.81332778930664,,,
244,44099,,,,,,,-2.213247299194336,2.3278377056121826,10.523077964782715
245,44149,,,,-1.8309916257858276,3.15459942817688,23.61176300048828,,,
245,44199,,,,-1.9216395616531372,3.7565884590148926,19.163745880126953,,,
245,44249,,,,-2.29964017868042,2.350274085998535,8.02564525604248,,,
245,44279,,,,,,,-2.421677350997925,1.73835289478302,6.902735233306885
246,44299,,,,-2.640970468521118,1.3024078607559204,3.6572084426879883,,,
246,44349,,,,-2.2356276512145996,2.2596592903137207,9.300203323364258,,,
246,44399,,,,-1.5193092823028564,5.493250370025635,48.39612579345703,,,
246,44449,,,,-2.2606241703033447,1.9474202394485474,8.780029296875,,,
246,44459,,,,,,,-2.4206695556640625,1.8480799198150635,6.714163303375244
247,44499,,,,-1.7437551021575928,3.8523621559143066,28.86455726623535,,,
247,44549,,,,-2.4965500831604004,1.598832130432129,5.099996089935303,,,
247,44599,,,,-2.555410146713257,1.4483548402786255,4.453584671020508,,,
247,44639,,,,,,,-2.4955830574035645,1.4798121452331543,5.904987335205078
248,44649,,,,-2.0085253715515137,3.3256735801696777,15.688977241516113,,,
248,44699,,,,-2.7070462703704834,1.335401177406311,3.141042470932007,,,
248,44749,,,,-1.941430926322937,3.4832980632781982,18.310029983520508,,,
248,44799,,,,-2.37628436088562,1.686227560043335,6.727224349975586,,,
248,44819,,,,,,,-2.09889554977417,2.7144081592559814,13.579148292541504
249,44849,,,,-1.8087818622589111,3.437812328338623,24.850664138793945,,,
249,44899,,,,-2.356750726699829,2.0359721183776855,7.036704063415527,,,
249,44949,,,,-2.451453685760498,1.4933080673217773,5.658046722412109,,,
249,44999,,,,-2.2778308391571045,1.9489102363586426,8.438966751098633,,,
249,44999,,,,,,,-2.0173213481903076,3.0417394638061523,16.541196823120117
250,45049,,,,-2.627039670944214,1.589932918548584,3.776421070098877,,,
250,45099,,,,-2.324483871459961,2.1933083534240723,7.5794267654418945,,,
250,45149,,,,-2.5702457427978516,1.6026370525360107,4.304020881652832,,,
250,45179,,,,,,,-2.3297278881073,2.037473440170288,8.273513793945312
251,45199,,,,-2.185122489929199,2.5553016662597656,10.447145462036133,,,
251,45249,,,,-2.173785448074341,2.41080379486084,10.72344970703125,,,
251,45299,,,,-2.041029453277588,2.5009326934814453,14.557622909545898,,,
251,45349,,,,-1.7788116931915283,3.882767915725708,26.626140594482422,,,
251,45359,,,,,,,-1.6325346231460571,4.519248008728027,40.39403533935547
252,45399,,,,-2.5205719470977783,1.3444359302520752,4.825563430786133,,,
252,45449,,,,-2.095268487930298,2.3222498893737793,12.848470687866211,,,
252,45499,,,,-1.5711829662322998,4.740148067474365,42.947418212890625,,,
252,45539,,,,,,,-2.567267417907715,1.3411823511123657,5.233391284942627
253,45549,,,,-2.021343469619751,2.171323299407959,15.232691764831543,,,
253,45599,,,,-2.5665385723114014,1.2965564727783203,4.340918064117432,,,
253,45649,,,,-2.4841630458831787,1.3963346481323242,5.247556686401367,,,
253,45699,,,,-2.589566230773926,1.2350852489471436,4.1167426109313965,,,
253,45719,,,,,,,-1.9026378393173218,3.337648630142212,21.271408081054688
254,45749,,,,-2.508911609649658,1.4247353076934814,4.956881523132324,,,
254,45799,,,,-2.5212817192077637,1.6880366802215576,4.817683219909668,,,
254,45849,,,,-2.1522185802459717,2.1205692291259766,11.269418716430664,,,
254,45899,,,,-1.5459274053573608,4.9166741371154785,45.51899719238281,,,
254,45899,,,,,,,-1.5872575044631958,4.7670159339904785,45.45493698120117
255,45949,,,,-2.2249414920806885,2.6806278228759766,9.531880378723145,,,
255,45999,,,,-1.9601612091064453,2.8190741539001465,17.537145614624023,,,
255,46049,,,,-2.7914063930511475,0.8804787397384644,2.58650803565979,,,
255,46079,,,,,,,-1.7182667255401611,3.938370704650879,32.42329788208008
256,46099,,,,-1.913867712020874,3.300356864929199,19.509777069091797,,,
256,46149,,,,-1.8787004947662354,3.531202554702759,21.15531349182129,,,
256,46199,,,,-2.323698043823242,2.014155864715576,7.593146800994873,,,
256,46249,,,,-1.7973382472991943,4.823375701904297,25.51418685913086,,,
256,46259,,,,,,,-1.6668241024017334,4.569296836853027,36.8177604675293
257,46299,,,,-1.9299829006195068,3.5911645889282227,18.799102783203125,,,
257,46349,,,,-2.5167689323425293,1.6428511142730713,4.868007659912109,,,
257,46399,,,,-1.8451769351959229,3.4337291717529297,22.852996826171875,,,
257,46439,,,,,,,-2.2809081077575684,2.0969552993774414,9.228555679321289
258,46449,,,,-2.868997812271118,1.0810222625732422,2.1633262634277344,,,
258,46499,,,,-1.9666025638580322,2.677215099334717,17.278953552246094,,,
258,46549,,,,-2.7340190410614014,1.132554531097412,2.9518957138061523,,,
258,46599,,,,-2.376803398132324,1.8667510747909546,6.719187259674072,,,
258,46619,,,,,,,-2.496732473373413,1.511692762374878,6.110774517059326
259,46649,,,,-2.327855348587036,1.9556934833526611,7.520808219909668,,,
259,46699,,,,-1.5363893508911133,4.546661853790283,46.529747009277344,,,
259,46749,,,,-2.2145273685455322,2.091844081878662,9.763206481933594,,,
259,46799,,,,-2.6599245071411133,1.443976640701294,3.5010263919830322,,,
259,46799,,,,,,,-2.420171022415161,1.7247811555862427,6.918948650360107
260,46849,,,,-2.5470123291015625,1.306549310684204,4.540544509887695,,,
260,46899,,,,-2.8045690059661865,1.2748346328735352,2.509289264678955,,,
260,46949,,,,-2.4737608432769775,1.7030937671661377,5.374760627746582,,,
260,46979,,,,,,,-2.1238057613372803,2.547748327255249,13.092178344726562
261,46999,,,,-3.117793560028076,0.7936597466468811,1.2199069261550903,,,
261,47049,,,,-2.570847511291504,1.3521592617034912,4.298060417175293,,,
261,47099,,,,-2.39357328414917,1.9192777872085571,6.464674949645996,,,
261,47149,,,,-2.656303882598877,1.080249309539795,3.530338764190674,,,
261,47159,,,,,,,-2.451915979385376,1.7167623043060303,6.430292129516602
262,47199,,,,-2.3220155239105225,1.9537333250045776,7.622622489929199,,,
262,47249,,,,-2.556161403656006,1.371774673461914,4.445889472961426,,,
262,47299,,,,-1.7613070011138916,3.1435728073120117,27.721261978149414,,,
262,47339,,,,,,,-2.4007091522216797,1.7058857679367065,7.4085235595703125
263,47349,,,,-2.3232662677764893,2.0611658096313477,7.60070276260376,,,
263,47399,,,,-2.293896436691284,2.0242104530334473,8.132490158081055,,,
263,47449,,,,-2.3914098739624023,2.1395652294158936,6.496960639953613,,,
263,47499,,,,-1.8668524026870728,3.5623579025268555,21.740406036376953,,,
263,47519,,,,,,,-2.325692892074585,1.93575119972229,8.09135627746582
264,47549,,,,-2.3510985374450684,1.7349671125411987,7.128885269165039,,,
264,47599,,,,-2.482776403427124,1.7194340229034424,5.264335632324219,,,
264,47649,,,,-1.812393069267273,3.7686803340911865,24.644893646240234,,,
264,47699,,,,-2.080814838409424,2.519075393676758,13.283280372619629,,,
264,47699,,,,,,,-1.8105132579803467,3.526439905166626,27.143714904785156
265,47749,,,,-2.222520112991333,2.645028829574585,9.585173606872559,,,
265,47799,,,,-2.496396064758301,1.626115322113037,5.101805686950684,,,
265,47849,,,,-2.4332985877990723,1.727978229522705,5.899587154388428,,,
265,47879,,,,,,,-2.398000955581665,1.7971857786178589,7.081993103027344
266,47899,,,,-2.624843120574951,1.3524792194366455,3.7955679893493652,,,
266,47949,,,,-2.230084180831909,1.9678943157196045,9.419676780700684,,,
266,47999,,,,-2.228121519088745,2.1714797019958496,9.462339401245117,,,
266,48049,,,,-2.039074659347534,2.5257980823516846,14.623302459716797,,,
266,48059,,,,,,,-2.3877811431884766,1.9348270893096924,7.239201068878174
267,48099,,,,-2.160001039505005,2.7185750007629395,11.069268226623535,,,
267,48149,,,,-2.6569812297821045,1.2332260608673096,3.524834632873535,,,
267,48199,,,,-2.505322217941284,1.666245460510254,4.998016834259033,,,
267,48239,,,,,,,-2.1046011447906494,2.453714609146118,13.912304878234863
268,48249,,,,-2.4785947799682617,1.795036792755127,5.315269470214844,,,
268,48299,,,,-2.6187984943389893,1.4248476028442383,3.8487658500671387,,,
268,48349,,,,-2.930818557739258,1.0115458965301514,1.8762967586517334,,,
268,48399,,,,-2.062962293624878,2.837930202484131,13.840693473815918,,,
268,48419,,,,,,,-2.2740800380706787,2.274196147918701,9.080772399902344
269,48449,,,,-2.313831090927124,1.5968716144561768,7.767635345458984,,,
269,48499,,,,-2.8720810413360596,1.1148207187652588,2.1480236053466797,,,
269,48549,,,,-1.6035034656524658,4.973859786987305,39.867271423339844,,,
269,48599,,,,-2.6492631435394287,1.383249282836914,3.5880346298217773,,,
269,48599,,,,,,,-2.318599224090576,2.2799360752105713,8.19616985321045
270,48649,,,,-1.8395012617111206,3.9683501720428467,23.153615951538086,,,
270,48699,,,,-1.841551661491394,3.0629165172576904,23.044551849365234,,,
270,48749,,,,-2.135232448577881,2.957486391067505,11.718915939331055,,,
270,48779,,,,,,,-1.7806041240692139,3.7895326614379883,28.70479965209961
271,48799,,,,-2.9184324741363525,0.9569860696792603,1.9305789470672607,,,
271,48849,,,,-1.5508966445922852,5.124998092651367,45.001121520996094,,,
271,48899,,,,-2.3978400230407715,2.1824514865875244,6.401477336883545,,,
271,48949,,,,-2.4206249713897705,1.8312411308288574,6.074285507202148,,,
271,48959,,,,,,,-2.201334238052368,2.5676422119140625,10.695838928222656
272,48999,,,,-2.974236011505127,0.8945462703704834,1.6977903842926025,,,
272,49049,,,,-2.049680709838867,2.712592601776123,14.270503997802734,,,
272,49099,,,,-2.4303171634674072,1.4215648174285889,5.940223693847656,,,
272,49139,,,,,,,-2.5088870525360107,1.5270342826843262,5.905817985534668
273,49149,,,,-2.557857036590576,1.6062307357788086,4.42856502532959,,,
273,49199,,,,-2.0594427585601807,2.8316407203674316,13.953310012817383,,,
273,49249,,,,-2.2653708457946777,1.8763442039489746,8.684589385986328,,,
273,49299,,,,-2.166947364807129,2.194436550140381,10.893632888793945,,,
273,49319,,,,,,,-2.2652435302734375,1.9853092432022095,9.92003345489502
274,49349,,,,-2.3530116081237793,1.8869069814682007,7.0975494384765625,,,
274,49399,,,,-2.077483654022217,2.2416439056396484,13.3855562210083,,,
274,49449,,,,-2.0815341472625732,2.4719486236572266,13.26129150390625,,,
274,49499,,,,-2.319636821746826,2.147129535675049,7.664490699768066,,,
274,49499,,,,,,,-2.2801477909088135,1.9773489236831665,9.488580703735352
275,49549,,,,-2.504945755004883,1.7417126893997192,5.002353668212891,,,
275,49599,,,,-2.2340900897979736,2.806184768676758,9.333184242248535,,,
275,49649,,,,-2.1672959327697754,2.279397964477539,10.884891510009766,,,
275,49679,,,,,,,-2.4125194549560547,1.757457971572876,6.92481803894043
276,49699,,,,-2.8073627948760986,1.2050244808197021,2.493201732635498,,,
276,49749,,,,-2.27856707572937,2.5438873767852783,8.424671173095703,,,
276,49799,,,,-1.80426824092865,3.3571996688842773,25.110294342041016,,,
276,49849,,,,-2.1387102603912354,1.8486747741699219,11.62545108795166,,,
276,49859,,,,,,,-2.2869417667388916,1.8797953128814697,9.096158027648926
277,49899,,,,-2.4895100593566895,1.554356575012207,5.183342456817627,,,
277,49949,,,,-2.174065589904785,2.1979849338531494,10.716536521911621,,,
277,49999,,,,-2.761244058609009,1.1066186428070068,2.7725272178649902,,,
277,50039,,,,,,,-1.941731333732605,2.752492904663086,20.815616607666016
278,50049,,,,-2.1939480304718018,2.3397319316864014,10.236982345581055,,,
278,50099,,,,-2.2180981636047363,1.9181427955627441,9.683267593383789,,,
278,50149,,,,-2.840794563293457,1.2564802169799805,2.308476686477661,,,
278,50199,,,,-2.1201887130737305,2.3965439796447754,12.13197135925293,,,
278,50219,,,,,,,-2.174858570098877,2.266124725341797,11.926758766174316
279,50249,,,,-2.096064329147339,2.83303165435791,12.824946403503418,,,
279,50299,,,,-2.414318084716797,1.3266332149505615,6.163138389587402,,,
279,50349,,,,-2.320693016052246,1.9447777271270752,7.645870208740234,,,
279,50399,,,,-2.5237159729003906,1.6985632181167603,4.790755271911621,,,
279,50399,,,,,,,-2.506011962890625,1.5255393981933594,5.8628010749816895
280,50449,,,,-1.8664326667785645,4.037629127502441,21.761428833007812,,,
280,50499,,,,-2.1265523433685303,2.8263092041015625,11.955497741699219,,,
280,50549,,,,-1.6859564781188965,3.7660484313964844,32.973388671875,,,
280,50579,,,,,,,-2.0834317207336426,2.732102870941162,14.217899322509766
281,50599,,,,-2.3049142360687256,2.225167989730835,7.928772449493408,,,
281,50649,,,,-2.1770474910736084,2.516188621520996,10.643206596374512,,,
281,50699,,,,-1.611815094947815,5.055432319641113,39.111534118652344,,,
281,50749,,,,-2.413905382156372,1.572312355041504,6.169000625610352,,,
281,50759,,,,,,,-2.2152369022369385,2.6346778869628906,10.287808418273926
282,50799,,,,-1.8469618558883667,2.9141902923583984,22.759265899658203,,,
282,50849,,,,-2.3962490558624268,1.661821961402893,6.424970626831055,,,
282,50899,,,,-2.4569225311279297,1.6406837701797485,5.5872392654418945,,,
282,50939,,,,,,,-2.11081600189209,2.7126049995422363,13.343789100646973
283,50949,,,,-1.8764511346817017,3.4279723167419434,21.265167236328125,,,
283,50999,,,,-1.9841883182525635,2.796541690826416,16.59326171875,,,
283,51049,,,,-1.5867164134979248,4.396923065185547,41.43846893310547,,,
283,51099,,,,-2.3756673336029053,1.770616054534912,6.736783504486084,,,
283,51119,,,,,,,-1.8662301301956177,3.5023515224456787,23.496597290039062
284,51149,,,,-2.42116641998291,1.6734199523925781,6.066717147827148,,,
284,51199,,,,-2.9152305126190186,0.7893247008323669,1.9448661804199219,,,
284,51249,,,,-1.5671818256378174,4.943120002746582,43.34491729736328,,,
284,51299,,,,-2.5109190940856934,1.844764232635498,4.93402099609375,,,
284,51299,,,,,,,-2.365553379058838,1.8642362356185913,7.746861457824707
285,51349,,,,-2.3639369010925293,1.7425553798675537,6.921228408813477,,,
285,51399,,,,-2.34470272064209,1.9889805316925049,7.234643459320068,,,
285,51449,,,,-2.523919105529785,1.5284090042114258,4.788516998291016,,,
285,51479,,,,,,,-2.189282178878784,2.5725414752960205,10.975543975830078
286,51499,,,,-2.4048120975494385,1.8862566947937012,6.299527168273926,,,
286,51549,,,,-1.9238066673278809,3.0785059928894043,19.068361282348633,,,
286,51599,,,,-2.415262460708618,1.5643000602722168,6.14975118637085,,,
286,51649,,,,-1.8232873678207397,3.8965280055999756,24.034358978271484,,,
286,51659,,,,,,,-2.4310598373413086,1.6383715867996216,6.775585174560547
287,51699,,,,-2.3070249557495117,2.4086005687713623,7.8903303146362305,,,
287,51749,,,,-2.7102439403533936,1.241209626197815,3.1180014610290527,,,
287,51799,,,,-2.6623518466949463,1.4348785877227783,3.4815146923065186,,,
287,51839,,,,,,,-2.0944035053253174,2.7729363441467285,13.812051773071289
288,51849,,,,-1.3505208492279053,5.776848793029785,71.38369750976562,,,
288,51899,,,,-2.931283473968506,0.950557291507721,1.8742895126342773,,,
288,51949,,,,-2.289879322052002,2.2018401622772217,8.208066940307617,,,
288,51999,,,,-2.717200756072998,1.260650634765625,3.068451404571533,,,
288,52019,,,,,,,-2.4441640377044678,1.590971827507019,6.606293201446533
289,52049,,,,-1.8853214979171753,3.055445671081543,20.83523941040039,,,
289,52099,,,,-2.6131675243377686,1.6569499969482422,3.8989953994750977,,,
289,52149,,,,-2.4774670600891113,1.6218281984329224,5.329089164733887,,,
289,52199,,,,-2.838435411453247,1.044771432876587,2.321052312850952,,,
289,52199,,,,,,,-2.4116053581237793,1.7569010257720947,6.893375873565674
290,52249,,,,-2.1067681312561035,2.615701198577881,12.512726783752441,,,
290,52299,,,,-2.672459840774536,1.3443841934204102,3.401421546936035,,,
290,52349,,,,-2.0335726737976074,3.2824175357818604,14.809736251831055,,,
290,52379,,,,,,,-2.507791757583618,1.527496337890625,5.888129234313965
291,52399,,,,-2.7067811489105225,1.4425278902053833,3.1429600715637207,,,
291,52449,,,,-2.1860272884368896,2.045234441757202,10.42540168762207,,,
291,52499,,,,-2.438326120376587,1.9425578117370605,5.831680774688721,,,
291,52549,,,,-2.413027763366699,1.6457613706588745,6.1814775466918945,,,
291,52559,,,,,,,-2.0787200927734375,2.7924718856811523,14.323599815368652
292,52599,,,,-2.567490816116333,1.638013243675232,4.331408977508545,,,
292,52649,,,,-2.041144371032715,3.0117673873901367,14.553768157958984,,,
292,52699,,,,-1.9970958232879639,2.991222858428955,16.107349395751953,,,
292,52739,,,,,,,-2.4471821784973145,1.5182163715362549,6.382424831390381
293,52749,,,,-2.5242276191711426,1.446101427078247,4.7851152420043945,,,
293,52799,,,,-2.735978364944458,1.071747064590454,2.9386067390441895,,,
293,52849,,,,-2.566608190536499,1.7912821769714355,4.340221881866455,,,
293,52899,,,,-2.9472475051879883,0.9844446778297424,1.806644320487976,,,
293,52919,,,,,,,-2.002912759780884,3.0095903873443604,17.122350692749023
294,52949,,,,-2.454540491104126,1.8735933303833008,5.617971897125244,,,
294,52999,,,,-2.6903889179229736,1.3107998371124268,3.263856887817383,,,
294,53049,,,,-2.7515532970428467,1.317164659500122,2.8350906372070312,,,
294,53099,,,,-2.3960840702056885,1.5243887901306152,6.427405834197998,,,
294,53099,,,,,,,-2.4196417331695557,1.6929014921188354,6.789023399353027
295,53149,,,,-2.020493984222412,2.7420763969421387,15.262519836425781,,,
295,53199,,,,-2.1613588333129883,2.556222438812256,11.034711837768555,,,
295,53249,,,,-1.8281903266906738,3.3547840118408203,23.76456069946289,,,
295,53279,,,,,,,-2.5279226303100586,1.4283744096755981,5.552591323852539
296,53299,,,,-2.3452093601226807,1.7567187547683716,7.226210117340088,,,
296,53349,,,,-2.234572410583496,2.176617383956909,9.322824478149414,,,
296,53399,,,,-1.7223459482192993,4.258638858795166,30.323135375976562,,,
296,53449,,,,-1.984788417816162,2.9949259757995605,16.570348739624023,,,
296,53459,,,,,,,-2.4179632663726807,1.6647608280181885,7.086442947387695
297,53499,,,,-2.5734665393829346,1.3759714365005493,4.272217273712158,,,
297,53549,,,,-2.3744871616363525,2.0763630867004395,6.755115985870361,,,
297,53599,,,,-2.2370965480804443,2.4502243995666504,9.26880168914795,,,
297,53639,,,,,,,-2.2450428009033203,1.9466713666915894,10.074190139770508
298,53649,,,,-2.476893901824951,1.8302525281906128,5.336125373840332,,,
298,53699,,,,-3.145669460296631,0.8666678667068481,1.1440646648406982,,,
298,53749,,,,-2.435495376586914,1.8320033550262451,5.869815826416016,,,
298,53799,,,,-2.949913501739502,0.9731007218360901,1.7955873012542725,,,
298,53819,,,,,,,-2.3144872188568115,2.1113176345825195,8.44958209991455
299,53849,,,,-2.0289108753204346,2.77156138420105,14.96956729888916,,,
299,53899,,,,-2.4472477436065674,1.9084198474884033,5.713107109069824,,,
299,53949,,,,-2.6511356830596924,1.2993659973144531,3.572599411010742,,,
299,53999,,,,-2.5995805263519287,1.614687442779541,4.022904396057129,,,
299,53999,,,,,,,-2.268939971923828,2.233944892883301,9.112899780273438
300,54049,,,,-2.1788814067840576,2.4360511302948,10.598358154296875,,,
300,54099,,,,-2.818951368331909,1.2214704751968384,2.4275524616241455,,,
300,54149,,,,-2.1163153648376465,2.1748054027557373,12.240650177001953,,,
300,54179,,,,,,,-2.5288610458374023,1.457689881324768,5.664242267608643
301,54199,,,,-2.789376735687256,1.2095153331756592,2.5986223220825195,,,
301,54249,,,,-2.9236900806427,0.9539698362350464,1.9073481559753418,,,
301,54299,,,,-2.417205333709717,1.8672211170196533,6.122302055358887,,,
301,54349,,,,-2.873504400253296,1.0744916200637817,2.1409952640533447,,,
301,54359,,,,,,,-2.326056480407715,2.0358402729034424,8.238280296325684
302,54399,,,,-2.1496691703796387,2.58723783493042,11.335768699645996,,,
302,54449,,,,-2.7098093032836914,1.0631358623504639,3.1211225986480713,,,
302,54499,,,,-2.0156099796295166,2.5546720027923584,15.435128211975098,,,
302,54539,,,,,,,-2.388735771179199,1.6651556491851807,7.442681789398193
303,54549,,,,-2.5346360206604004,1.325927495956421,4.671798229217529,,,
303,54599,,,,-2.2292885780334473,2.378844976425171,9.4369478225708,,,
303,54649,,,,-2.7296552658081055,1.2361853122711182,2.981705665588379,,,
303,54699,,,,-2.7386279106140137,1.1878716945648193,2.9207353591918945,,,
303,54719,,,,,,,-2.4263813495635986,1.5587050914764404,6.988611698150635
304,54749,,,,-2.495330572128296,1.4667844772338867,5.114339351654053,,,
304,54799,,,,-2.392225980758667,1.7797703742980957,6.484762191772461,,,
304,54849,,,,-2.976794958114624,0.911860466003418,1.6878161430358887,,,
304,54899,,,,-2.583005428314209,1.152900218963623,4.179404258728027,,,
304,54899,,,,,,,-2.4394965171813965,1.6603381633758545,6.619079113006592
305,54949,,,,-2.768282413482666,1.2675939798355103,2.727957248687744,,,
305,54999,,,,-2.548107862472534,1.376258134841919,4.529104232788086,,,
305,55049,,,,-3.106261730194092,0.7222595810890198,1.2527321577072144,,,
305,55079,,,,,,,-2.426189422607422,1.657686471939087,6.783721446990967
306,55099,,,,-2.541278839111328,1.7048289775848389,4.600883483886719,,,
306,55149,,,,-2.6618990898132324,1.3736587762832642,3.4851455688476562,,,
306,55199,,,,-2.766117572784424,1.1701712608337402,2.7415900230407715,,,
306,55249,,,,-2.970134735107422,1.003335952758789,1.7138991355895996,,,
306,55259,,,,,,,-2.3369202613830566,1.9123711585998535,8.193696975708008
307,55299,,,,-2.1616077423095703,2.511845588684082,11.02839469909668,,,
307,55349,,,,-2.7136058807373047,1.5211557149887085,3.0939557552337646,,,
307,55399,,,,-2.574042320251465,1.2709763050079346,4.2665581703186035,,,
307,55439,,,,,,,-2.130998373031616,2.5062592029571533,13.14846420288086
308,55449,,,,-2.8510072231292725,0.9119423031806946,2.2548251152038574,,,
308,55499,,,,-2.105275869369507,2.573953628540039,12.555791854858398,,,
308,55549,,,,-2.410276174545288,1.8119088411331177,6.220767498016357,,,
308,55599,,,,-2.5804593563079834,1.5302455425262451,4.2039794921875,,,
308,55619,,,,,,,-2.0979034900665283,2.7588236331939697,14.08860969543457
309,55649,,,,-2.473445415496826,1.5462429523468018,5.378667831420898,,,
309,55699,,,,-2.650937557220459,1.4352521896362305,3.574230670928955,,,
309,55749,,,,-2.1800732612609863,2.123262405395508,10.56931209564209,,,
309,55799,,,,-3.1126694679260254,0.7152475118637085,1.2343848943710327,,,
309,55799,,,,,,,-2.428771734237671,1.5278475284576416,6.885849952697754
310,55849,,,,-2.381406307220459,1.4675451517105103,6.648344993591309,,,
310,55899,,,,-2.559018135070801,1.74137282371521,4.4167399406433105,,,
310,55949,,,,-3.0140461921691895,0.8002621531486511,1.5490796566009521,,,
310,55979,,,,,,,-1.99085533618927,3.0228018760681152,17.398998260498047
311,55999,,,,-1.8589153289794922,3.2852330207824707,22.141376495361328,,,
311,56049,,,,-1.9841582775115967,3.186069965362549,16.594404220581055,,,
311,56099,,,,-2.8910934925079346,1.1797689199447632,2.056016206741333,,,
311,56149,,,,-2.782353401184082,1.096352458000183,2.6409902572631836,,,
311,56159,,,,,,,-2.4433276653289795,1.6516395807266235,6.612239360809326
312,56199,,,,-2.458123207092285,1.50194251537323,5.57181453704834,,,
312,56249,,,,-2.137362241744995,2.6182429790496826,11.661590576171875,,,
312,56299,,,,-2.8428330421447754,1.1476298570632935,2.29766583442688,,,
312,56339,,,,,,,-1.8319313526153564,3.5152392387390137,25.004377365112305
313,56349,,,,-2.387721061706543,1.7513539791107178,6.552381992340088,,,
313,56399,,,,-2.518310308456421,1.5821290016174316,4.850757598876953,,,
313,56449,,,,-1.7499204874038696,3.652160167694092,28.457674026489258,,,
313,56499,,,,-1.6617647409439087,4.266858100891113,34.86223602294922,,,
313,56519,,,,,,,-1.9116909503936768,3.4578464031219482,20.85773468017578
314,56549,,,,-2.7532787322998047,1.1171510219573975,2.8238472938537598,,,
314,56599,,,,-2.7222681045532227,1.0939139127731323,3.0328567028045654,,,
314,56649,,,,-2.0693886280059814,3.1367111206054688,13.637396812438965,,,
314,56699,,,,-2.7036914825439453,1.1773751974105835,3.165398597717285,,,
314,56699,,,,,,,-2.2275686264038086,2.411576509475708,10.207386016845703
315,56749,,,,-2.3548569679260254,1.9965827465057373,7.067456245422363,,,
315,56799,,,,-2.4300382137298584,1.5687472820281982,5.944039344787598,,,
315,56849,,,,-2.5492167472839355,1.3984510898590088,4.517555236816406,,,
315,56879,,,,,,,-1.8684462308883667,3.2257468700408936,23.98501968383789
316,56899,,,,-2.4755380153656006,1.2103590965270996,5.352813720703125,,,
316,56949,,,,-2.16982364654541,2.1861560344696045,10.821724891662598,,,
316,56999,,,,-2.3664889335632324,1.8145132064819336,6.880675315856934,,,
316,57049,,,,-1.8350199460983276,3.249607563018799,23.393768310546875,,,
316,57059,,,,,,,-1.8935420513153076,3.5119309425354004,21.959999084472656
317,57099,,,,-2.229848623275757,2.630453586578369,9.424785614013672,,,
317,57149,,,,-3.078587055206299,0.9201868772506714,1.3351589441299438,,,
317,57199,,,,-2.288273572921753,2.053670644760132,8.238465309143066,,,
317,57239,,,,,,,-2.529637098312378,1.4265376329421997,5.56019401550293
318,57249,,,,-2.6468594074249268,1.218860387802124,3.60795259475708,,,
318,57299,,,,-2.4168593883514404,2.0725059509277344,6.127178192138672,,,
318,57349,,,,-2.5305612087249756,1.8295259475708008,4.715839385986328,,,
318,57399,,,,-1.792548656463623,3.27422833442688,25.797119140625,,,
318,57419,,,,,,,-2.535769462585449,1.4268972873687744,5.622654914855957
319,57449,,,,-1.8280984163284302,4.330779552459717,23.769582748413086,,,
319,57499,,,,-2.624288320541382,1.4851011037826538,3.800419330596924,,,
319,57549,,,,-2.272275686264038,2.234421968460083,8.547605514526367,,,
319,57599,,,,-2.643723726272583,1.3061870336532593,3.634097099304199,,,
319,57599,,,,,,,-2.397188901901245,1.8890058994293213,7.116705894470215
320,57649,,,,-2.588973045349121,1.571152925491333,4.12237024307251,,,
320,57699,,,,-2.6373960971832275,1.4794220924377441,3.687432050704956,,,
320,57749,,,,-2.330401659011841,1.8891751766204834,7.4768476486206055,,,
320,57779,,,,,,,-2.0840184688568115,2.6279497146606445,14.329998016357422
321,57799,,,,-2.6862995624542236,1.232742428779602,3.2947349548339844,,,
321,57849,,,,-2.3821754455566406,1.7366878986358643,6.636587142944336,,,
321,57899,,,,-2.710801124572754,1.3975415229797363,3.1140031814575195,,,
321,57949,,,,-2.5999841690063477,1.401123046875,4.019164085388184,,,
321,57959,,,,,,,-2.398014783859253,1.6671438217163086,7.353528022766113
322,57999,,,,-2.7814056873321533,1.2887368202209473,2.6467578411102295,,,
322,58049,,,,-2.568891763687134,1.4872997999191284,4.317458152770996,,,
322,58099,,,,-2.372499465942383,1.9516689777374268,6.7861008644104,,,
322,58139,,,,,,,-2.4521219730377197,1.5684874057769775,6.407418251037598
323,58149,,,,-2.277703285217285,2.7468161582946777,8.441446304321289,,,
323,58199,,,,-2.823305606842041,1.1583857536315918,2.4033350944519043,,,
323,58249,,,,-2.9021365642547607,0.9786468148231506,2.0043954849243164,,,
323,58299,,,,-2.419297933578491,2.1724066734313965,6.0928730964660645,,,
323,58319,,,,,,,-1.5785189867019653,5.159402370452881,44.24968719482422
324,58349,,,,-2.759141206741333,1.1221036911010742,2.7859864234924316,,,
324,58399,,,,-2.418532133102417,1.675530195236206,6.103628158569336,,,
324,58449,,,,-2.407309055328369,2.190639019012451,6.2634100914001465,,,
324,58499,,,,-2.457681655883789,1.897196888923645,5.577485084533691,,,
324,58499,,,,,,,-2.3689229488372803,1.9576536417007446,7.589961528778076
325,58549,,,,-2.2768609523773193,2.463895797729492,8.45783519744873,,,
325,58599,,,,-2.483062744140625,1.118337869644165,5.260867118835449,,,
325,58649,,,,-2.7864112854003906,1.124518632888794,2.6164278984069824,,,
325,58679,,,,,,,-2.4361300468444824,1.6983319520950317,6.657721519470215
326,58699,,,,-2.730860948562622,1.2173303365707397,2.9734396934509277,,,
326,58749,,,,-2.8292977809906006,1.1573113203048706,2.370403289794922,,,
326,58799,,,,-2.90040922164917,1.2296786308288574,2.012383222579956,,,
326,58849,,,,-2.576266288757324,1.2449544668197632,4.244765281677246,,,
326,58859,,,,,,,-2.0862298011779785,2.663412570953369,14.066938400268555
327,58899,,,,-2.739352226257324,1.070171594619751,2.9158668518066406,,,
327,58949,,,,-2.248806953430176,2.354792594909668,9.022212982177734,,,
327,58999,,,,-2.3767738342285156,2.0053958892822266,6.719642162322998,,,
327,59039,,,,,,,-1.6570179462432861,4.62461519241333,37.92955017089844
328,59049,,,,-2.8458187580108643,1.012642741203308,2.281924247741699,,,
328,59099,,,,-2.4739186763763428,1.812145709991455,5.372806549072266,,,
328,59149,,,,-2.286811351776123,2.08303165435791,8.26624870300293,,,
328,59199,,,,-2.4250996112823486,1.8016419410705566,6.012019157409668,,,
328,59219,,,,,,,-2.3402955532073975,1.8269271850585938,8.194756507873535
329,59249,,,,-2.6262643337249756,1.3286672830581665,3.783168077468872,,,
329,59299,,,,-2.6445529460906982,1.382364273071289,3.6271615028381348,,,
329,59349,,,,-2.5912904739379883,1.386467695236206,4.1004319190979,,,
329,59399,,,,-2.0789623260498047,2.746523380279541,13.34006118774414,,,
329,59399,,,,,,,-1.989426851272583,3.19075870513916,17.239416122436523
330,59449,,,,-2.5764834880828857,1.3190104961395264,4.242645263671875,,,
330,59499,,,,-2.6176133155822754,1.3485832214355469,3.859286308288574,,,
330,59549,,,,-2.6414759159088135,1.3083363771438599,3.6529531478881836,,,
330,59579,,,,,,,-2.375762462615967,1.6965408325195312,7.591609477996826
331,59599,,,,-2.8434529304504395,1.0964031219482422,2.294389247894287,,,
331,59649,,,,-2.5681543350219727,1.4655201435089111,4.324797630310059,,,
331,59699,,,,-2.2092182636260986,2.0121021270751953,9.883295059204102,,,
331,59749,,,,-2.260246515274048,1.9090619087219238,8.787664413452148,,,
331,59759,,,,,,,-2.2305283546447754,2.0911059379577637,10.369633674621582
332,59799,,,,-2.5952320098876953,1.6613839864730835,4.063385009765625,,,
332,59849,,,,-2.5906412601470947,1.40028977394104,4.106565475463867,,,
332,59899,,,,-2.590954065322876,1.44307279586792,4.103609085083008,,,
332,59939,,,,,,,-2.084237813949585,2.796450614929199,14.081862449645996
333,59949,,,,-2.8636574745178223,1.1647260189056396,2.190093517303467,,,
333,59999,,,,-2.4197864532470703,2.141563892364502,6.086025714874268,,,
333,60049,,,,-2.1173248291015625,2.671530246734619,12.212236404418945,,,
333,60099,,,,-2.6668906211853027,1.1129361391067505,3.4453179836273193,,,
333,60119,,,,,,,-2.474565267562866,1.4413862228393555,6.1372504234313965
334,60149,,,,-2.233417272567749,2.3257923126220703,9.34765625,,,
334,60199,,,,-2.347289562225342,1.7156131267547607,7.191680431365967,,,
334,60249,,,,-2.575505256652832,1.6839245557785034,4.252211093902588,,,
334,60299,,,,-2.6529791355133057,1.426398515701294,3.557466745376587,,,
334,60299,,,,,,,-2.4471805095672607,1.5358563661575317,6.639543056488037
335,60349,,,,-2.858945369720459,1.2462654113769531,2.213984489440918,,,
335,60399,,,,-2.8089215755462646,1.037692904472351,2.4842681884765625,,,
335,60449,,,,-2.8444929122924805,1.2256462574005127,2.2889018058776855,,,
335,60479,,,,,,,-2.305826425552368,2.2215287685394287,8.727704048156738
336,60499,,,,-2.3456838130950928,1.9318081140518188,7.21832275390625,,,
336,60549,,,,-2.820852279663086,1.3425109386444092,2.41695237159729,,,
336,60599,,,,-2.636056900024414,1.4553194046020508,3.698819637298584,,,
336,60649,,,,-2.814537286758423,1.1910841464996338,2.4523515701293945,,,
336,60659,,,,,,,-2.327624559402466,2.0066754817962646,8.258780479431152
337,60699,,,,-2.8821663856506348,1.0990595817565918,2.0987160205841064,,,
337,60749,,,,-2.7946274280548096,1.0896648168563843,2.5673940181732178,,,
337,60799,,,,-2.5809574127197266,1.2389440536499023,4.199160099029541,,,
337,60839,,,,,,,-2.1213438510894775,2.6806271076202393,13.001994132995605
338,60849,,,,-2.5756173133850098,1.358689308166504,4.251114368438721,,,
338,60899,,,,-2.4828543663024902,1.6874420642852783,5.263391017913818,,,
338,60949,,,,-2.74334454536438,1.1707117557525635,2.8891866207122803,,,
338,60999,,,,-2.6811435222625732,1.5511913299560547,3.334082841873169,,,
338,61019,,,,,,,-2.362151622772217,1.9829633235931396,7.619625091552734
339,61049,,,,-2.115770101547241,2.1487274169921875,12.256032943725586,,,
339,61099,,,,-2.4964418411254883,1.6258584260940552,5.101269721984863,,,
339,61149,,,,-2.793276309967041,0.9252548813819885,2.5753939151763916,,,
339,61199,,,,-2.229231357574463,2.441439151763916,9.438194274902344,,,
339,61199,,,,,,,-2.229257106781006,2.4264156818389893,10.087182998657227
340,61249,,,,-2.3451178073883057,1.9868230819702148,7.227733135223389,,,
340,61299,,,,-2.323474645614624,1.7792311906814575,7.597053527832031,,,
340,61349,,,,-2.608194351196289,1.165930986404419,3.943896770477295,,,
340,61379,,,,,,,-2.4584803581237793,1.475022792816162,6.589165210723877
341,61399,,,,-2.517221689224243,1.4302775859832764,4.862936019897461,,,
341,61449,,,,-2.719528913497925,1.1607630252838135,3.052046298980713,,,
341,61499,,,,-2.6715338230133057,1.1445033550262451,3.408679723739624,,,
341,61549,,,,-2.5678985118865967,1.4071035385131836,4.327347278594971,,,
341,61559,,,,,,,-2.483289957046509,1.4630826711654663,6.08643102645874
342,61599,,,,-2.897402286529541,1.140981912612915,2.0263664722442627,,,
342,61649,,,,-2.7134928703308105,1.07925546169281,3.094759941101074,,,
342,61699,,,,-1.459939956665039,5.537355422973633,55.485565185546875,,,
342,61739,,,,,,,-2.5100009441375732,1.4785419702529907,5.7270917892456055
343,61749,,,,-2.7458906173706055,1.2768657207489014,2.872297763824463,,,
343,61799,,,,-2.468327045440674,1.3039470911026,5.442431449890137,,,
343,61849,,,,-2.231367349624634,1.7869923114776611,9.391881942749023,,,
343,61899,,,,-2.061375617980957,2.0843021869659424,13.891347885131836,,,
343,61919,,,,,,,-2.4567089080810547,1.6274389028549194,6.301289081573486
344,61949,,,,-3.124479293823242,0.7451263666152954,1.2012704610824585,,,
344,61999,,,,-2.1030592918395996,2.4572365283966064,12.620038986206055,,,
344,62049,,,,-2.6906626224517822,1.3820834159851074,3.26180100440979,,,
344,62099,,,,-2.4942352771759033,1.7115651369094849,5.127254009246826,,,
344,62099,,,,,,,-2.5235595703125,1.4410091638565063,5.642367362976074
345,62149,,,,-3.5734479427337646,0.48460137844085693,0.4272405505180359,,,
345,62199,,,,-2.082613706588745,2.926647663116455,13.228363990783691,,,
345,62249,,,,-2.50097393989563,1.2645728588104248,5.048312187194824,,,
345,62279,,,,,,,-2.2590935230255127,2.0598020553588867,9.76192569732666
346,62299,,,,-2.7063958644866943,1.2927501201629639,3.145749092102051,,,
346,62349,,,,-2.827674150466919,0.7408331632614136,2.3792824745178223,,,
346,62399,,,,-3.1434998512268066,0.5841575264930725,1.1497936248779297,,,
346,62449,,,,-2.874324083328247,0.8092904090881348,2.1369588375091553,,,
346,62459,,,,,,,-2.1041455268859863,2.558119297027588,13.548678398132324
347,62499,,,,-2.9333043098449707,1.0801923274993896,1.8655872344970703,,,
347,62549,,,,-2.56268572807312,1.4563089609146118,4.379599571228027,,,
347,62599,,,,-2.457960605621338,1.7256770133972168,5.573904991149902,,,
347,62639,,,,,,,-2.580486297607422,1.306174635887146,5.067042350769043
348,62649,,,,-2.5045039653778076,1.2874727249145508,5.007445335388184,,,
348,62699,,,,-2.506380081176758,1.6780751943588257,4.985858917236328,,,
348,62749,,,,-2.4467787742614746,1.5448471307754517,5.719276428222656,,,
348,62799,,,,-2.326958417892456,1.4018585681915283,7.536358833312988,,,
348,62819,,,,,,,-2.37772274017334,2.048346757888794,7.275766849517822
349,62849,,,,-2.52266526222229,1.43623685836792,4.802361011505127,,,
349,62899,,,,-2.5236756801605225,1.2905751466751099,4.791199684143066,,,
349,62949,,,,-2.281682252883911,1.8225390911102295,8.364459037780762,,,
349,62999,,,,-2.7681632041931152,1.3116410970687866,2.728706121444702,,,
349,62999,,,,,,,-2.384255886077881,1.8463212251663208,7.283769130706787
350,63049,,,,-2.7369697093963623,1.1189837455749512,2.931908369064331,,,
350,63099,,,,-1.7090275287628174,3.4655544757843018,31.267454147338867,,,
350,63149,,,,-2.0829789638519287,2.3062474727630615,13.217248916625977,,,
350,63179,,,,,,,-2.5206263065338135,1.4513647556304932,5.626931190490723
351,63199,,,,-2.492610454559326,1.6534886360168457,5.146471977233887,,,
351,63249,,,,-2.0623772144317627,2.7832274436950684,13.859352111816406,,,
351,63299,,,,-3.1388163566589355,0.8371662497520447,1.1622607707977295,,,
351,63349,,,,-2.597731828689575,1.794877052307129,4.040065765380859,,,
351,63359,,,,,,,-2.447599172592163,1.5180563926696777,6.621652603149414
352,63399,,,,-2.3745038509368896,1.9716347455978394,6.754858016967773,,,
352,63449,,,,-2.7608251571655273,1.1370105743408203,2.7752037048339844,,,
352,63499,,,,-2.557907819747925,1.5332615375518799,4.428048133850098,,,
352,63539,,,,,,,-2.1708216667175293,2.5556323528289795,11.579675674438477
353,63549,,,,-2.9729433059692383,1.041013479232788,1.7028508186340332,,,
353,63599,,,,-2.5416653156280518,1.9543414115905762,4.596792221069336,,,
353,63649,,,,-2.655794620513916,1.5405592918395996,3.5344791412353516,,,
353,63699,,,,-3.3344790935516357,0.6110586524009705,0.7406977415084839,,,
353,63719,,,,,,,-2.4477434158325195,1.7045836448669434,6.516878604888916
354,63749,,,,-2.7228951454162598,1.1955735683441162,3.0284814834594727,,,
354,63799,,,,-2.2503294944763184,2.3974480628967285,8.990636825561523,,,
354,63849,,,,-2.314140558242798,1.6049847602844238,7.762103080749512,,,
354,63899,,,,-2.5358197689056396,1.6788241863250732,4.659082412719727,,,
354,63899,,,,,,,-1.900405764579773,3.354863405227661,21.514934539794922
355,63949,,,,-2.9364712238311768,0.9999895691871643,1.8520324230194092,,,
355,63999,,,,-2.622974395751953,1.487987995147705,3.811934471130371,,,
355,64049,,,,-2.607590675354004,1.4255180358886719,3.9493861198425293,,,
355,64079,,,,,,,-2.2098846435546875,2.159205436706543,10.99878215789795
356,64099,,,,-2.3432278633117676,2.3752963542938232,7.259256362915039,,,
356,64149,,,,-2.6807963848114014,1.3208065032958984,3.3367512226104736,,,
356,64199,,,,-1.8574143648147583,4.096972942352295,22.218036651611328,,,
356,64249,,,,-2.4202609062194824,1.5726795196533203,6.079380512237549,,,
356,64259,,,,,,,-2.3605711460113525,1.8487211465835571,7.813591480255127
357,64299,,,,-2.255908250808716,2.231764793395996,8.875886917114258,,,
357,64349,,,,-2.9166078567504883,0.9129841327667236,1.9387074708938599,,,
357,64399,,,,-2.9963295459747314,0.6346876621246338,1.6135796308517456,,,
357,64439,,,,,,,-2.116114854812622,2.431875705718994,13.445043563842773
358,64449,,,,-3.078394889831543,0.7193895578384399,1.3357493877410889,,,
358,64499,,,,-2.067107915878296,2.6010050773620605,13.709205627441406,,,
358,64549,,,,-2.63485050201416,1.4675078392028809,3.709108591079712,,,
358,64599,,,,-2.5150935649871826,1.6720777750015259,4.886821746826172,,,
358,64619,,,,,,,-2.540156364440918,1.385086178779602,5.471735000610352
359,64649,,,,-2.570852279663086,1.4473270177841187,4.298013210296631,,,
359,64699,,,,-2.56506085395813,1.6370891332626343,4.355711936950684,,,
359,64749,,,,-2.1558573246002197,2.2153730392456055,11.175395965576172,,,
359,64799,,,,-2.4870340824127197,1.589867353439331,5.212978363037109,,,
359,64799,,,,,,,-2.531282663345337,1.4071208238601685,5.491020679473877
360,64849,,,,-2.28631854057312,1.868878960609436,8.275640487670898,,,
360,64899,,,,-2.517329692840576,1.6287596225738525,4.861723899841309,,,
360,64949,,,,-2.7040793895721436,1.2247791290283203,3.1625728607177734,,,
360,64979,,,,,,,-2.5936026573181152,1.278369665145874,4.992500305175781
361,64999,,,,-2.3822712898254395,2.1783671379089355,6.635120868682861,,,
361,65049,,,,-2.490614891052246,1.3741439580917358,5.170171737670898,,,
361,65099,,,,-2.5024428367614746,1.1654611825942993,5.031266212463379,,,
361,65149,,,,-2.6638574600219727,1.3120357990264893,3.4694645404815674,,,
361,65159,,,,,,,-2.143923044204712,2.248445749282837,12.902676582336426
362,65199,,,,-2.4116852283477783,1.9541935920715332,6.200617790222168,,,
362,65249,,,,-2.6662888526916504,1.098610758781433,3.4500961303710938,,,
362,65299,,,,-2.7543585300445557,1.2495073080062866,2.8168349266052246,,,
362,65339,,,,,,,-2.354097604751587,1.7581249475479126,8.17116641998291
363,65349,,,,-2.752563953399658,0.9789124727249146,2.828498363494873,,,
363,65399,,,,-3.0269932746887207,0.8442606329917908,1.5035792589187622,,,
363,65449,,,,-2.585087299346924,1.2376532554626465,4.159420013427734,,,
363,65499,,,,-2.7181246280670166,1.340466022491455,3.061929941177368,,,
363,65519,,,,,,,-2.468655586242676,1.586309552192688,6.234412670135498
364,65549,,,,-2.3286612033843994,1.6208434104919434,7.506868839263916,,,
364,65599,,,,-2.6243584156036377,1.4566937685012817,3.7998063564300537,,,
364,65649,,,,-2.361440658569336,2.160987377166748,6.961123466491699,,,
364,65699,,,,-2.7158608436584473,1.0976841449737549,3.077932834625244,,,
364,65699,,,,,,,-2.496866464614868,1.5340391397476196,5.973724842071533
365,65749,,,,-2.3750529289245605,1.5640418529510498,6.746322154998779,,,
365,65799,,,,-2.5078723430633545,1.4527180194854736,4.968755722045898,,,
365,65849,,,,-2.7872467041015625,1.0864410400390625,2.6114001274108887,,,
365,65879,,,,,,,-2.452594041824341,1.4522206783294678,6.468753337860107
366,65899,,,,-2.227139711380005,2.113126039505005,9.483757972717285,,,
366,65949,,,,-2.6104700565338135,1.435851812362671,3.923285722732544,,,
366,65999,,,,-2.6187424659729004,1.1425561904907227,3.8492624759674072,,,
366,66049,,,,-3.190498113632202,0.7918330430984497,1.0318634510040283,,,
366,66059,,,,,,,-2.0773122310638428,2.822049617767334,14.315306663513184
367,66099,,,,-2.8593673706054688,1.1507298946380615,2.2118351459503174,,,
367,66149,,,,-2.661548137664795,1.2225502729415894,3.4879636764526367,,,
367,66199,,,,-2.1060450077056885,2.1679530143737793,12.533576965332031,,,
367,66239,,,,,,,-2.4818978309631348,1.5419998168945312,6.016811847686768
368,66249,,,,-2.3914966583251953,2.01674222946167,6.495661735534668,,,
368,66299,,,,-2.5010459423065186,2.016284704208374,5.0474724769592285,,,
368,66349,,,,-2.4979639053344727,1.795937180519104,5.08342170715332,,,
368,66399,,,,-2.81638765335083,1.2089407444000244,2.4419260025024414,,,
368,66419,,,,,,,-2.5210535526275635,1.4992727041244507,5.603396415710449
369,66449,,,,-3.3524038791656494,0.6829750537872314,0.7107490301132202,,,
369,66499,,,,-2.404911756515503,2.1627650260925293,6.298081398010254,,,
369,66549,,,,-2.310518980026245,2.3716671466827393,7.827099800109863,,,
369,66599,,,,-2.0651168823242188,2.6421868801116943,13.772195816040039,,,
369,66599,,,,,,,-2.2183430194854736,2.194392681121826,10.540093421936035
370,66649,,,,-2.921344757080078,0.8475271463394165,1.917675256729126,,,
370,66699,,,,-2.349837303161621,1.9112334251403809,7.149615287780762,,,
370,66749,,,,-2.3008129596710205,2.2190818786621094,8.003999710083008,,,
370,66779,,,,,,,-2.010873794555664,2.84865403175354,16.954084396362305
371,66799,,,,-2.5697662830352783,1.6769689321517944,4.308775901794434,,,
371,66849,,,,-2.7584290504455566,1.1180229187011719,2.7905588150024414,,,
371,66899,,,,-2.643723249435425,1.4019837379455566,3.6341004371643066,,,
371,66949,,,,-2.544705867767334,1.49931800365448,4.5647172927856445,,,
371,66959,,,,,,,-2.461301565170288,1.5213245153427124,6.477949619293213
372,66999,,,,-2.7849018573760986,0.8220874667167664,2.625537395477295,,,
372,67049,,,,-2.3675363063812256,1.888954997062683,6.864102840423584,,,
372,67099,,,,-2.2100300788879395,2.134650230407715,9.864839553833008,,,
372,67139,,,,,,,-1.782088279724121,3.742988348007202,28.09305191040039
373,67149,,,,-2.399780035018921,1.610037088394165,6.372941017150879,,,
373,67199,,,,-2.3646881580352783,1.8961641788482666,6.909262180328369,,,
373,67249,,,,-2.4282994270324707,1.6427042484283447,5.967888832092285,,,
373,67299,,,,-2.554051399230957,1.8943641185760498,4.467540740966797,,,
373,67319,,,,,,,-2.5135180950164795,1.413819432258606,5.736115455627441
374,67349,,,,-2.527423620223999,1.8021149635314941,4.750030517578125,,,
374,67399,,,,-2.683804988861084,1.2473551034927368,3.3137142658233643,,,
374,67449,,,,-2.9750704765319824,0.9783738255500793,1.6945314407348633,,,
374,67499,,,,-2.272775173187256,2.055604934692383,8.537775039672852,,,
374,67499,,,,,,,-2.198979139328003,2.5970447063446045,10.783141136169434
375,67549,,,,-2.7067148685455322,1.0784862041473389,3.143439292907715,,,
375,67599,,,,-2.6617929935455322,1.2156354188919067,3.485999584197998,,,
375,67649,,,,-2.5347328186035156,1.517175316810608,4.6707563400268555,,,
375,67679,,,,,,,-2.4989936351776123,1.4659018516540527,5.9514479637146
376,67699,,,,-2.4949734210968018,1.7307051420211792,5.118546962738037,,,
376,67749,,,,-3.250803232192993,0.6449225544929504,0.8980840444564819,,,
376,67799,,,,-2.560490846633911,1.4036606550216675,4.401787757873535,,,
376,67849,,,,-2.52860164642334,1.2651917934417725,4.7371625900268555,,,
376,67859,,,,,,,-2.4753520488739014,1.468428611755371,6.322267055511475
377,67899,,,,-2.8208110332489014,1.2103087902069092,2.4171807765960693,,,
377,67949,,,,-3.267420530319214,0.6486343145370483,0.8643696308135986,,,
377,67999,,,,-2.4551403522491455,2.049323320388794,5.610217094421387,,,
377,68039,,,,,,,-2.504345178604126,1.5819604396820068,5.8829216957092285
378,68049,,,,-2.798539638519287,1.343549370765686,2.5443708896636963,,,
378,68099,,,,-3.108400583267212,0.8719807267189026,1.2465782165527344,,,
378,68149,,,,-2.2400779724121094,2.3633415699005127,9.205388069152832,,,
378,68199,,,,-2.689385175704956,1.10453200340271,3.271409034729004,,,
378,68219,,,,,,,-2.4880690574645996,1.5738853216171265,6.006880283355713
379,68249,,,,-3.39782452583313,0.5939936637878418,0.6401700973510742,,,
379,68299,,,,-3.3394362926483154,0.5539216995239258,0.7322906255722046,,,
379,68349,,,,-2.7876062393188477,0.8980811834335327,2.609239101409912,,,
379,68399,,,,-1.929066777229309,3.09483003616333,18.838804244995117,,,
379,68399,,,,,,,-2.0361409187316895,2.6079790592193604,16.341163635253906
380,68449,,,,-2.655019998550415,1.432096004486084,3.5407874584198,,,
380,68499,,,,-2.7897417545318604,0.9697872400283813,2.5964407920837402,,,
380,68549,,,,-3.0059127807617188,0.9347661137580872,1.5783635377883911,,,
380,68579,,,,,,,-1.8606888055801392,3.329376459121704,23.631723403930664
381,68599,,,,-1.8540446758270264,4.265175819396973,22.39109992980957,,,
381,68649,,,,-2.492082357406616,2.0932376384735107,5.1527323722839355,,,
381,68699,,,,-2.4136366844177246,1.8551392555236816,6.172815799713135,,,
381,68749,,,,-2.8640518188476562,1.1838109493255615,2.188105821609497,,,
381,68759,,,,,,,-2.418802499771118,1.5506504774093628,7.148754596710205
382,68799,,,,-2.7056260108947754,1.2070486545562744,3.1513314247131348,,,
382,68849,,,,-2.4019055366516113,1.602278470993042,6.341831207275391,,,
382,68899,,,,-2.580303907394409,1.2691669464111328,4.205486297607422,,,
382,68939,,,,,,,-2.4553260803222656,1.6840332746505737,6.351215839385986
383,68949,,,,-2.61384654045105,1.6385949850082397,3.892900228500366,,,
383,68999,,,,-2.5443785190582275,1.7513282299041748,4.568161964416504,,,
383,69049,,,,-2.514704704284668,1.3560261726379395,4.891200542449951,,,
383,69099,,,,-3.0467915534973145,0.8931765556335449,1.436576008796692,,,
383,69119,,,,,,,-2.3644356727600098,1.9069541692733765,7.668068885803223
384,69149,,,,-2.4529576301574707,1.806915521621704,5.638486862182617,,,
384,69199,,,,-2.5627400875091553,1.5063778162002563,4.379051685333252,,,
384,69249,,,,-2.332409143447876,1.919211506843567,7.442364692687988,,,
384,69299,,,,-2.1498780250549316,2.197683334350586,11.330314636230469,,,
384,69299,,,,,,,-2.4216549396514893,1.5459883213043213,6.848963737487793
385,69349,,,,-1.8309332132339478,3.1803505420684814,23.614938735961914,,,
385,69399,,,,-3.4456214904785156,0.5843284130096436,0.5734535455703735,,,
385,69449,,,,-2.769895076751709,1.0314717292785645,2.7178456783294678,,,
385,69479,,,,,,,-1.8841328620910645,3.5532851219177246,21.90203285217285
386,69499,,,,-2.379059076309204,1.993965744972229,6.684375762939453,,,
386,69549,,,,-2.279236316680908,1.908496618270874,8.411697387695312,,,
386,69599,,,,-3.1641478538513184,0.8027597069740295,1.0964082479476929,,,
386,69649,,,,-2.994952440261841,0.8605102896690369,1.618706226348877,,,
386,69659,,,,,,,-2.528546094894409,1.3332399129867554,5.583164691925049
387,69699,,,,-2.7220287322998047,1.3302326202392578,3.0345287322998047,,,
387,69749,,,,-2.443098306655884,1.2492448091506958,5.767952919006348,,,
387,69799,,,,-2.468191385269165,1.6630134582519531,5.444133758544922,,,
387,69839,,,,,,,-1.9073185920715332,3.4986672401428223,21.195735931396484
388,69849,,,,-2.446357250213623,1.8566701412200928,5.724833011627197,,,
388,69899,,,,-2.642629623413086,1.1354503631591797,3.6432626247406006,,,
388,69949,,,,-2.682731866836548,1.1696186065673828,3.321913003921509,,,
388,69999,,,,-2.6000349521636963,1.53035306930542,4.018695831298828,,,
388,70019,,,,,,,-2.5447909832000732,1.3501909971237183,5.339109897613525
389,70049,,,,-2.6213109493255615,1.4644176959991455,3.8265652656555176,,,
389,70099,,,,-2.916562795639038,0.9789396524429321,1.9389077425003052,,,
389,70149,,,,-2.7892894744873047,1.1688270568847656,2.5991451740264893,,,
389,70199,,,,-2.215710163116455,2.7141056060791016,9.736658096313477,,,
389,70199,,,,,,,-2.3453381061553955,1.992781162261963,8.01968765258789
390,70249,,,,-3.1086695194244385,0.7759985327720642,1.245804786682129,,,
390,70299,,,,-2.272787570953369,2.147995710372925,8.537530899047852,,,
390,70349,,,,-1.6610264778137207,4.545645713806152,34.92155456542969,,,
390,70379,,,,,,,-2.1253726482391357,2.338352918624878,13.264791488647461
391,70399,,,,-2.3900229930877686,1.8583205938339233,6.517741680145264,,,
391,70449,,,,-3.0176639556884766,0.9851377010345459,1.5362300872802734,,,
391,70499,,,,-2.9297077655792236,0.9229836463928223,1.8811028003692627,,,
391,70549,,,,-3.029874324798584,0.8256590962409973,1.4936392307281494,,,
391,70559,,,,,,,-2.5905752182006836,1.2628345489501953,5.024756908416748
392,70599,,,,-2.6915132999420166,1.3707940578460693,3.2554171085357666,,,
392,70649,,,,-2.5926144123077393,1.5561445951461792,4.08795166015625,,,
392,70699,,,,-2.7500736713409424,1.0949122905731201,2.8447628021240234,,,
392,70739,,,,,,,-2.4830758571624756,1.4802924394607544,6.227149486541748
393,70749,,,,-2.9231128692626953,0.8292055726051331,1.9098838567733765,,,
393,70799,,,,-1.6510740518569946,3.898174285888672,35.731056213378906,,,
393,70849,,,,-2.8173627853393555,1.106911301612854,2.4364495277404785,,,
393,70899,,,,-3.028614044189453,0.7368425726890564,1.4979790449142456,,,
393,70919,,,,,,,-1.7560030221939087,4.148650646209717,29.914657592773438
394,70949,,,,-2.002737045288086,3.511077642440796,15.899479866027832,,,
394,70999,,,,-3.0759217739105225,0.8805460333824158,1.3433778285980225,,,
394,71049,,,,-2.749598741531372,1.2844524383544922,2.8478763103485107,,,
394,71099,,,,-3.07887864112854,0.6825557947158813,1.3342633247375488,,,
394,71099,,,,,,,-2.5367777347564697,1.3171305656433105,5.555850505828857
395,71149,,,,-2.8104660511016846,0.8840747475624084,2.4754509925842285,,,
395,71199,,,,-2.3915092945098877,1.6093249320983887,6.495471000671387,,,
395,71249,,,,-2.6022958755493164,1.582322120666504,3.9978251457214355,,,
395,71279,,,,,,,-2.4781579971313477,1.4982259273529053,6.166574478149414
396,71299,,,,-2.7934482097625732,1.1698577404022217,2.5743765830993652,,,
396,71349,,,,-2.274916410446167,2.1399407386779785,8.495790481567383,,,
396,71399,,,,-2.82598876953125,1.1530728340148926,2.3885316848754883,,,
396,71449,,,,-3.092546224594116,0.8043668270111084,1.29292631149292,,,
396,71459,,,,,,,-2.214165449142456,2.1152126789093018,10.974199295043945
397,71499,,,,-3.0007524490356445,1.083580493927002,1.5972304344177246,,,
397,71549,,,,-2.2999277114868164,1.999140739440918,8.020331382751465,,,
397,71599,,,,-2.835073471069336,1.196752667427063,2.339088201522827,,,
397,71639,,,,,,,-2.4077630043029785,1.6431427001953125,7.102827548980713
398,71649,,,,-3.115244150161743,0.7905529141426086,1.227088212966919,,,
398,71699,,,,-3.0568974018096924,0.890411376953125,1.4035329818725586,,,
398,71749,,,,-3.1731231212615967,0.8038286566734314,1.0739820003509521,,,
398,71799,,,,-3.0255539417266846,0.778204083442688,1.5085715055465698,,,
398,71819,,,,,,,-2.1142385005950928,2.318171501159668,13.82157039642334
399,71849,,,,-2.6033613681793213,1.1437404155731201,3.988032341003418,,,
399,71899,,,,-3.060616970062256,0.9449954628944397,1.3915636539459229,,,
399,71949,,,,-2.6014652252197266,1.400163173675537,4.0054826736450195,,,
399,71999,,,,-2.963127613067627,0.9420893788337708,1.741776466369629,,,
399,71999,,,,,,,-2.4317924976348877,1.6456618309020996,6.713213920593262
400,72049,,,,-2.8850083351135254,1.1809437274932861,2.085026264190674,,,
400,72099,,,,-2.815192937850952,1.0637083053588867,2.4486522674560547,,,
400,72149,,,,-2.670114517211914,1.3992068767547607,3.4198379516601562,,,
400,72179,,,,,,,-2.4113008975982666,1.5139360427856445,7.266427040100098
401,72199,,,,-2.8570306301116943,1.02364182472229,2.2237682342529297,,,
401,72249,,,,-2.487579345703125,1.586050271987915,5.206438064575195,,,
401,72299,,,,-2.9039840698242188,1.0633537769317627,1.995886206626892,,,
401,72349,,,,-2.8342738151550293,0.876760721206665,2.3433992862701416,,,
401,72359,,,,,,,-2.5231783390045166,1.427535057067871,5.546092987060547
402,72399,,,,-2.5984554290771484,1.532393217086792,4.033337116241455,,,
402,72449,,,,-2.9179012775421143,1.0589741468429565,1.9329420328140259,,,
402,72499,,,,-3.0132620334625244,0.8489683866500854,1.5518802404403687,,,
402,72539,,,,,,,-2.511746406555176,1.4311563968658447,5.758333683013916
403,72549,,,,-2.8583319187164307,1.372035026550293,2.217114210128784,,,
403,72599,,,,-2.32484769821167,1.7317700386047363,7.573078632354736,,,
403,72649,,,,-3.232107639312744,0.6177164912223816,0.9375882148742676,,,
403,72699,,,,-3.0479166507720947,0.6140314340591431,1.432859182357788,,,
403,72719,,,,,,,-2.544102668762207,1.346527338027954,5.480807304382324
404,72749,,,,-2.9604880809783936,1.008216381072998,1.7523939609527588,,,
404,72799,,,,-2.4692397117614746,1.514634370803833,5.431007385253906,,,
404,72849,,,,-2.2848927974700928,1.662203311920166,8.302852630615234,,,
404,72899,,,,-2.9933104515075684,0.9530361294746399,1.6248364448547363,,,
404,72899,,,,,,,-2.3761563301086426,1.6562833786010742,7.618065357208252
405,72949,,,,-3.0281970500946045,0.9123919606208801,1.4994189739227295,,,
405,72999,,,,-2.3215551376342773,1.9807941913604736,7.630711078643799,,,
405,73049,,,,-2.0054879188537598,3.2282662391662598,15.799087524414062,,,
405,73079,,,,,,,-2.1839892864227295,2.010772943496704,11.840481758117676
406,73099,,,,-3.168306350708008,0.7832602262496948,1.0859594345092773,,,
406,73149,,,,-3.060140371322632,0.8260367512702942,1.393092155456543,,,
406,73199,,,,-2.190964698791504,1.9761264324188232,10.307544708251953,,,
406,73249,,,,-2.4977798461914062,1.3901381492614746,5.085577011108398,,,
406,73259,,,,,,,-2.2179336547851562,2.459559679031372,10.29976749420166
407,73299,,,,-1.9238097667694092,3.2417030334472656,19.068225860595703,,,
407,73349,,,,-3.0347347259521484,0.8883070349693298,1.4770170450210571,,,
407,73399,,,,-2.8229191303253174,1.1011502742767334,2.4054763317108154,,,
407,73439,,,,,,,-2.5520565509796143,1.2809288501739502,5.372524261474609
408,73449,,,,-2.881467819213867,1.127634048461914,2.1020944118499756,,,
408,73499,,,,-2.616487741470337,1.5626938343048096,3.8692989349365234,,,
408,73549,,,,-2.87607741355896,1.0040535926818848,2.1283466815948486,,,
408,73599,,,,-2.7983577251434326,1.0860042572021484,2.5454373359680176,,,
408,73619,,,,,,,-2.365137815475464,1.9254069328308105,7.52555513381958
409,73649,,,,-2.9897022247314453,0.8512661457061768,1.638392686843872,,,
409,73699,,,,-2.973109722137451,0.8459530472755432,1.70219886302948,,,
409,73749,,,,-2.876692771911621,0.9340023398399353,2.125335454940796,,,
409,73799,,,,-2.9272501468658447,1.081545352935791,1.8917769193649292,,,
409,73799,,,,,,,-2.444553852081299,1.6698646545410156,6.486566543579102
410,73849,,,,-2.5025596618652344,1.4379594326019287,5.029912948608398,,,
410,73899,,,,-2.510136842727661,1.1585707664489746,4.94291353225708,,,
410,73949,,,,-3.1019129753112793,0.8090255856513977,1.2653390169143677,,,
410,73979,,,,,,,-2.160989999771118,2.4371109008789062,12.024073600769043
411,73999,,,,-2.722067356109619,1.4566428661346436,3.03425931930542,,,
411,74049,,,,-2.325131893157959,2.107440710067749,7.568124294281006,,,
411,74099,,,,-2.5304667949676514,1.7095755338668823,4.716864109039307,,,
411,74149,,,,-2.5113086700439453,1.7236204147338867,4.929596900939941,,,
411,74159,,,,,,,-2.5483977794647217,1.4188672304153442,5.461246967315674
412,74199,,,,-2.8021857738494873,1.1833388805389404,2.523099660873413,,,
412,74249,,,,-3.1440484523773193,0.7177337408065796,1.1483432054519653,,,
412,74299,,,,-2.2894837856292725,2.0317282676696777,8.215546607971191,,,
412,74339,,,,,,,-2.5748276710510254,1.2546683549880981,5.0589752197265625
413,74349,,,,-3.424215316772461,0.6321344375610352,0.6024276614189148,,,
413,74399,,,,-2.9564645290374756,0.842833399772644,1.7687060832977295,,,
413,74449,,,,-2.624359369277954,1.2210206985473633,3.7998011112213135,,,
413,74499,,,,-2.4727118015289307,2.119901657104492,5.387759685516357,,,
413,74519,,,,,,,-2.325641632080078,1.9743937253952026,8.439906120300293
414,74549,,,,-2.611504316329956,1.2713017463684082,3.9139528274536133,,,
414,74599,,,,-2.6186463832855225,0.9532038569450378,3.850114107131958,,,
414,74649,,,,-3.130851984024048,0.7460519075393677,1.1837718486785889,,,
414,74699,,,,-2.6420187950134277,1.4667121171951294,3.648390531539917,,,
414,74699,,,,,,,-2.5663537979125977,1.2388302087783813,5.152434825897217
415,74749,,,,-2.5728938579559326,1.5015039443969727,4.27785587310791,,,
415,74799,,,,-2.9202699661254883,0.9965378642082214,1.9224262237548828,,,
415,74849,,,,-2.9256832599639893,1.0469170808792114,1.8986144065856934,,,
415,74879,,,,,,,-2.4581568241119385,1.6375501155853271,6.2978644371032715
416,74899,,,,-3.05291748046875,0.9589564800262451,1.4164541959762573,,,
416,74949,,,,-3.174288511276245,0.7519046068191528,1.071103572845459,,,
416,74999,,,,-1.8560322523117065,4.065025329589844,22.288854598999023,,,
416,75049,,,,-2.51039457321167,1.222501277923584,4.939983367919922,,,
416,75059,,,,,,,-2.518354892730713,1.473335862159729,5.633177757263184
417,75099,,,,-2.2553086280822754,2.3462555408477783,8.888151168823242,,,
417,75149,,,,-2.0453262329101562,2.616292953491211,14.41430950164795,,,
417,75199,,,,-2.414362907409668,1.4213502407073975,6.162501335144043,,,
417,75239,,,,,,,-2.4514448642730713,1.6199442148208618,6.53367805480957
418,75249,,,,-2.9977989196777344,0.8190565705299377,1.6081299781799316,,,
418,75299,,,,-2.9298951625823975,1.044337272644043,1.8802902698516846,,,
418,75349,,,,-2.6374921798706055,1.5983831882476807,3.686615228652954,,,
418,75399,,,,-2.3484647274017334,1.9538586139678955,7.172246932983398,,,
418,75419,,,,,,,-2.0423502922058105,2.855436086654663,15.757177352905273
419,75449,,,,-2.2830164432525635,2.4900965690612793,8.338802337646484,,,
419,75499,,,,-2.439948797225952,1.7304593324661255,5.809935569763184,,,
419,75549,,,,-2.5529136657714844,1.5007667541503906,4.47926139831543,,,
419,75599,,,,-1.9435229301452637,3.2685742378234863,18.222047805786133,,,
419,75599,,,,,,,-1.9951393604278564,3.0337893962860107,17.47248649597168
420,75649,,,,-2.7120730876922607,1.1098898649215698,3.1048946380615234,,,
420,75699,,,,-2.1299850940704346,2.6812989711761475,11.861369132995605,,,
420,75749,,,,-3.062648296356201,0.9328644275665283,1.3850700855255127,,,
420,75779,,,,,,,-2.5091261863708496,1.4240715503692627,5.744537353515625
421,75799,,,,-2.9747562408447266,0.899185061454773,1.6957565546035767,,,
421,75849,,,,-2.6607120037078857,1.2426302433013916,3.494683265686035,,,
421,75899,,,,-2.6778910160064697,1.448028802871704,3.3591461181640625,,,
421,75949,,,,-2.768998384475708,1.2025998830795288,2.723464012145996,,,
421,75959,,,,,,,-2.0741279125213623,2.7080752849578857,14.617316246032715
422,75999,,,,-2.526151657104492,1.310786485671997,4.7639641761779785,,,
422,76049,,,,-3.093008041381836,0.969302773475647,1.2915525436401367,,,
422,76099,,,,-3.0592880249023438,0.8447944521903992,1.3958277702331543,,,
422,76139,,,,,,,-2.555281162261963,1.2979137897491455,5.290904521942139
423,76149,,,,-2.6881468296051025,1.2514017820358276,3.280750036239624,,,
423,76199,,,,-2.6505286693573,1.1644713878631592,3.577597141265869,,,
423,76249,,,,-2.634791612625122,1.4718676805496216,3.7096118927001953,,,
423,76299,,,,-3.1984457969665527,0.7006860375404358,1.0131511688232422,,,
423,76319,,,,,,,-2.0844221115112305,3.1212615966796875,13.684768676757812
424,76349,,,,-3.022063970565796,0.8654050827026367,1.520743489265442,,,
424,76399,,,,-2.1466381549835205,2.423548460006714,11.415162086486816,,,
424,76449,,,,-3.088362216949463,0.8517813682556152,1.3054420948028564,,,
424,76499,,,,-3.0944409370422363,0.7644614577293396,1.287298560142517,,,
424,76499,,,,,,,-2.5644850730895996,1.3342915773391724,5.223114967346191
425,76549,,,,-2.4281980991363525,2.1055943965911865,5.969280242919922,,,
425,76599,,,,-2.6676764488220215,1.658324122428894,3.4390904903411865,,,
425,76649,,,,-2.782172679901123,1.2496731281280518,2.6420865058898926,,,
425,76679,,,,,,,-2.305708646774292,1.9802521467208862,8.79442024230957
426,76699,,,,-3.000030040740967,0.6898385286331177,1.5998902320861816,,,
426,76749,,,,-2.878645181655884,0.9413735270500183,2.1158013343811035,,,
426,76799,,,,-2.6299142837524414,1.593399167060852,3.7515065670013428,,,
426,76849,,,,-2.6913745403289795,1.2549123764038086,3.256458044052124,,,
426,76859,,,,,,,-2.476808786392212,1.6545023918151855,6.045810699462891
427,76899,,,,-2.893899440765381,0.9197196364402771,2.042776584625244,,,
427,76949,,,,-2.685765504837036,1.3369038105010986,3.2987890243530273,,,
427,76999,,,,-2.089538335800171,3.144353151321411,13.01911735534668,,,
427,77039,,,,,,,-2.2883141040802,2.0542120933532715,9.006834030151367
428,77049,,,,-2.4339091777801514,1.610764741897583,5.891297340393066,,,
428,77099,,,,-2.748147964477539,1.0789811611175537,2.857405662536621,,,
428,77149,,,,-2.9513988494873047,1.0545825958251953,1.789456844329834,,,
428,77199,,,,-2.8899600505828857,1.2480504512786865,2.061389207839966,,,
428,77219,,,,,,,-2.5715889930725098,1.238550066947937,5.05983304977417
429,77249,,,,-2.5003018379211426,1.9587150812149048,5.056129455566406,,,
429,77299,,,,-2.777082681655884,1.3226723670959473,2.6732356548309326,,,
429,77349,,,,-2.9199440479278564,1.2197842597961426,1.9238708019256592,,,
429,77399,,,,-3.2991931438446045,0.735569179058075,0.8033909201622009,,,
429,77399,,,,,,,-2.501554250717163,1.5384819507598877,5.890994548797607
430,77449,,,,-3.002885580062866,0.8111169338226318,1.5894050598144531,,,
430,77499,,,,-2.83445405960083,1.0260051488876343,2.3424277305603027,,,
430,77549,,,,-2.5858094692230225,1.5216524600982666,4.152509689331055,,,
430,77579,,,,,,,-2.310025930404663,2.0533809661865234,8.545173645019531
431,77599,,,,-2.45750093460083,1.9763360023498535,5.579808235168457,,,
431,77649,,,,-2.4814844131469727,1.6517072916030884,5.2800211906433105,,,
431,77699,,,,-3.3255300521850586,0.620482325553894,0.7561187744140625,,,
431,77749,,,,-1.8160154819488525,2.735938787460327,24.440189361572266,,,
431,77759,,,,,,,-2.2694811820983887,2.357907295227051,9.066762924194336
432,77799,,,,-3.0894956588745117,0.6912514567375183,1.3020402193069458,,,
432,77849,,,,-3.023461103439331,0.6896130442619324,1.5158597230911255,,,
432,77899,,,,-3.524447202682495,0.4572451710700989,0.4782697558403015,,,
432,77939,,,,,,,-2.3728458881378174,1.6889491081237793,7.876408576965332
433,77949,,,,-2.5731146335601807,1.4939405918121338,4.2756829261779785,,,
433,77999,,,,-2.841435194015503,1.2935435771942139,2.3050739765167236,,,
433,78049,,,,-2.8575525283813477,1.1109176874160767,2.221097946166992,,,
433,78099,,,,-3.343825101852417,0.608749508857727,0.7249279618263245,,,
433,78119,,,,,,,-2.5915074348449707,1.2391972541809082,4.904496192932129
434,78149,,,,-2.3177096843719482,2.1164817810058594,7.698575496673584,,,
434,78199,,,,-3.266329050064087,0.6326612830162048,0.8665446043014526,,,
434,78249,,,,-2.8063950538635254,0.9474906921386719,2.498762607574463,,,
434,78299,,,,-2.5651705265045166,1.0105198621749878,4.354611873626709,,,
434,78299,,,,,,,-2.435939311981201,1.4991827011108398,6.644303798675537
435,78349,,,,-2.5484955310821533,1.3813691139221191,4.52506160736084,,,
435,78399,,,,-1.8253625631332397,3.5553815364837646,23.919801712036133,,,
435,78449,,,,-2.961832284927368,0.7631435394287109,1.7469791173934937,,,
435,78479,,,,,,,-1.9405146837234497,3.121037006378174,19.863298416137695
436,78499,,,,-2.5838165283203125,1.271885871887207,4.1716084480285645,,,
436,78549,,,,-2.448991060256958,1.6621289253234863,5.690217018127441,,,
436,78599,,,,-2.545351266860962,1.5740350484848022,4.557940483093262,,,
436,78649,,,,-2.5674009323120117,1.349084734916687,4.3323073387146,,,
436,78659,,,,,,,-2.2164225578308105,2.0584797859191895,10.878576278686523
437,78699,,,,-2.5028557777404785,1.339830756187439,5.026483535766602,,,
437,78749,,,,-2.805330276489258,0.8913487195968628,2.504896640777588,,,
437,78799,,,,-2.354548692703247,2.0223352909088135,7.072474002838135,,,
437,78839,,,,,,,-2.2548022270202637,2.1998283863067627,9.713151931762695
438,78849,,,,-2.7124698162078857,1.270434856414795,3.102060556411743,,,
438,78899,,,,-2.84722900390625,1.1127885580062866,2.2745282649993896,,,
438,78949,,,,-2.9507579803466797,0.9348765015602112,1.7920994758605957,,,
438,78999,,,,-2.29118275642395,2.224383592605591,8.183464050292969,,,
438,79019,,,,,,,-2.4811058044433594,1.4011633396148682,6.058895587921143
439,79049,,,,-2.733534336090088,1.463545560836792,2.9551920890808105,,,
439,79099,,,,-2.9569084644317627,1.0878357887268066,1.7668983936309814,,,
439,79149,,,,-2.9247472286224365,0.8621089458465576,1.9027118682861328,,,
439,79199,,,,-2.917937994003296,1.0419987440109253,1.9327771663665771,,,
439,79199,,,,,,,-2.3310582637786865,1.9484807252883911,8.246630668640137
440,79249,,,,-2.2294373512268066,2.353771448135376,9.43371295928955,,,
440,79299,,,,-2.7837259769439697,1.2127432823181152,2.632655143737793,,,
440,79349,,,,-3.0990750789642334,0.7790679931640625,1.2736352682113647,,,
440,79379,,,,,,,-2.022981882095337,2.671168565750122,16.929222106933594
441,79399,,,,-2.361678123474121,2.1785688400268555,6.957318305969238,,,
441,79449,,,,-2.665269374847412,1.5630637407302856,3.458204746246338,,,
441,79499,,,,-2.7442710399627686,1.0082852840423584,2.883028030395508,,,
441,79549,,,,-3.3642876148223877,0.6151160001754761,0.6915643811225891,,,
441,79559,,,,,,,-2.571094274520874,1.2459367513656616,5.054410457611084
442,79599,,,,-3.3764760494232178,0.6153818368911743,0.6724252104759216,,,
442,79649,,,,-2.9178645610809326,1.0347321033477783,1.933105230331421,,,
442,79699,,,,-2.9811534881591797,0.9686962962150574,1.6709624528884888,,,
442,79739,,,,,,,-2.250222682952881,2.3196604251861572,9.491877555847168
443,79749,,,,-2.775275707244873,1.2654404640197754,2.6843817234039307,,,
443,79799,,,,-2.816765546798706,1.0712544918060303,2.439800977706909,,,
443,79849,,,,-3.1243579387664795,0.8892560601234436,1.2016055583953857,,,
443,79899,,,,-3.04709529876709,0.9404399991035461,1.4355707168579102,,,
443,79919,,,,,,,-2.3609931468963623,1.6629235744476318,8.158839225769043
444,79949,,,,-3.347724199295044,0.7120195627212524,0.7184487581253052,,,
444,79999,,,,-2.981370449066162,0.9680428504943848,1.670127272605896,,,
444,80049,,,,-2.9395225048065186,0.7918455600738525,1.8390674591064453,,,
444,80099,,,,-2.967411518096924,0.8745583295822144,1.724679946899414,,,
444,80099,,,,,,,-2.520601987838745,1.3184925317764282,5.561040878295898
445,80149,,,,-2.0075602531433105,2.5076208114624023,15.723886489868164,,,
445,80199,,,,-2.866452693939209,1.0971753597259521,2.1760413646698,,,
445,80249,,,,-2.4959278106689453,1.6637994050979614,5.1073126792907715,,,
445,80279,,,,,,,-2.4765167236328125,1.5820494890213013,6.036534786224365
446,80299,,,,-3.0792160034179688,0.8497577905654907,1.333227515220642,,,
446,80349,,,,-2.9334633350372314,0.8658167123794556,1.8649053573608398,,,
446,80399,,,,-2.313333749771118,2.199545383453369,7.77653694152832,,,
446,80449,,,,-3.2938802242279053,0.7092851996421814,0.8132801651954651,,,
446,80459,,,,,,,-2.3988776206970215,1.5482072830200195,7.197946548461914
447,80499,,,,-2.6234169006347656,1.4854246377944946,3.8080549240112305,,,
447,80549,,,,-2.9002091884613037,1.060347080230713,2.013310670852661,,,
447,80599,,,,-2.195357084274292,1.9470561742782593,10.203822135925293,,,
447,80639,,,,,,,-2.488150119781494,1.524266004562378,5.954847812652588
448,80649,,,,-2.7025198936462402,1.3316466808319092,3.1739492416381836,,,
448,80699,,,,-2.7136597633361816,0.9557000994682312,3.093571424484253,,,
448,80749,,,,-2.222040891647339,2.064177989959717,9.595759391784668,,,
448,80799,,,,-2.3949801921844482,2.0474114418029785,6.443764686584473,,,
448,80819,,,,,,,-2.4624440670013428,1.453312635421753,6.485533714294434
449,80849,,,,-3.5664305686950684,0.5049155354499817,0.4341999590396881,,,
449,80899,,,,-2.7245640754699707,1.3333797454833984,3.01686692237854,,,
449,80949,,,,-2.6742429733276367,1.2773964405059814,3.3874833583831787,,,
449,80999,,,,-2.9739022254943848,0.8908799290657043,1.6990957260131836,,,
449,80999,,,,,,,-2.4870145320892334,1.4968053102493286,6.0178704261779785
450,81049,,,,-3.090656280517578,0.757360577583313,1.2985649108886719,,,
450,81099,,,,-2.7202608585357666,1.2249867916107178,3.046907901763916,,,
450,81149,,,,-2.84741473197937,0.9103286862373352,2.2735536098480225,,,
450,81179,,,,,,,-2.1679303646087646,2.4088735580444336,11.87866497039795
451,81199,,,,-3.542707681655884,0.45778322219848633,0.45857754349708557,,,
451,81249,,,,-2.7583658695220947,1.2373920679092407,2.790964126586914,,,
451,81299,,,,-2.764167070388794,1.3126230239868164,2.75393009185791,,,
451,81349,,,,-2.4825551509857178,1.553056240081787,5.267019748687744,,,
451,81359,,,,,,,-2.5314395427703857,1.3627188205718994,5.446491718292236
452,81399,,,,-2.5148961544036865,1.6144022941589355,4.889040946960449,,,
452,81449,,,,-2.4250431060791016,1.7606397867202759,6.012801647186279,,,
452,81499,,,,-3.274813175201416,0.7726432681083679,0.8497806787490845,,,
452,81539,,,,,,,-2.150627374649048,2.1113874912261963,12.581439018249512
453,81549,,,,-3.0773561000823975,0.9572605490684509,1.33894944190979,,,
453,81599,,,,-2.700223684310913,1.2548158168792725,3.1907763481140137,,,
453,81649,,,,-2.9082295894622803,0.8617286682128906,1.976469874382019,,,
453,81699,,,,-3.1879971027374268,0.7488852143287659,1.0378221273422241,,,
453,81719,,,,,,,-2.57861065864563,1.2281548976898193,5.052918910980225
454,81749,,,,-2.863105058670044,0.8144351840019226,2.192880630493164,,,
454,81799,,,,-2.569023370742798,1.6992771625518799,4.316151142120361,,,
454,81849,,,,-3.2502903938293457,0.7673982977867126,0.8991446495056152,,,
454,81899,,,,-3.3296546936035156,0.6375872492790222,0.7489720582962036,,,
454,81899,,,,,,,-2.5704500675201416,1.2180073261260986,5.068840980529785
455,81949,,,,-2.6087698936462402,1.7769837379455566,3.9386754035949707,,,
455,81999,,,,-3.509317398071289,0.5321372747421265,0.49522483348846436,,,
455,82049,,,,-2.9733314514160156,0.9871743321418762,1.7013287544250488,,,
455,82079,,,,,,,-2.0014781951904297,2.9477627277374268,17.04198455810547
456,82099,,,,-2.730043411254883,1.5079445838928223,2.9790420532226562,,,
456,82149,,,,-2.597550630569458,1.467316746711731,4.041752815246582,,,
456,82199,,,,-2.7996675968170166,1.367196798324585,2.5377707481384277,,,
456,82249,,,,-3.2675273418426514,0.6305674314498901,0.8641568422317505,,,
456,82259,,,,,,,-2.4840362071990967,1.3397537469863892,6.0392022132873535
457,82299,,,,-2.806472063064575,1.2134346961975098,2.4983205795288086,,,
457,82349,,,,-3.38484787940979,0.6280509829521179,0.6595875024795532,,,
457,82399,,,,-3.1083037853240967,0.7956570982933044,1.246855616569519,,,
457,82439,,,,,,,-2.0099048614501953,2.968470573425293,16.86357879638672
458,82449,,,,-2.789533853530884,1.2612576484680176,2.5976831912994385,,,
458,82499,,,,-2.620894193649292,1.3677260875701904,3.8302385807037354,,,
458,82549,,,,-2.747079849243164,1.1580193042755127,2.864441156387329,,,
458,82599,,,,-3.320988655090332,0.6135709285736084,0.7640671133995056,,,
458,82619,,,,,,,-2.5368595123291016,1.3038864135742188,5.450139999389648
459,82649,,,,-3.0852298736572266,0.8456910252571106,1.3148921728134155,,,
459,82699,,,,-3.275498867034912,0.6625157594680786,0.8484393954277039,,,
459,82749,,,,-1.8285366296768188,4.007338523864746,23.745615005493164,,,
459,82799,,,,-2.9866180419921875,0.8957633972167969,1.6500685214996338,,,
459,82799,,,,,,,-2.5238757133483887,1.3866533041000366,5.580960273742676
460,82849,,,,-2.788909912109375,1.055774450302124,2.601417064666748,,,
460,82899,,,,-2.792794704437256,1.082150936126709,2.5782523155212402,,,
460,82949,,,,-3.225013494491577,0.6215604543685913,0.9530297517776489,,,
460,82979,,,,,,,-2.4797401428222656,1.4206881523132324,6.111087322235107
461,82980,,,,,,,-2.5936031341552734,1.278369665145874,4.992496013641357
461,82980,-2.588031768798828,1.2923235893249512,4.658547401428223,,,,,,
