epoch,step,test_loss,test_mae,test_mse,train_loss,train_mae,train_mse,val_loss,val_mae,val_mse
0,49,,,,-1.4624972343444824,6.053412437438965,55.159820556640625,,,
0,99,,,,-1.5529125928878784,5.555124759674072,44.79271697998047,,,
0,149,,,,-1.4815946817398071,6.075953483581543,52.78679275512695,,,
0,179,,,,,,,-1.5130311250686646,5.887763023376465,49.820186614990234
1,199,,,,-1.5552864074707031,5.455992698669434,44.54855728149414,,,
1,249,,,,-1.3480585813522339,7.462589740753174,71.78958129882812,,,
1,299,,,,-0.8635786771774292,13.271728515625,219.04904174804688,,,
1,349,,,,-1.522389531135559,5.694788932800293,48.05410385131836,,,
1,359,,,,,,,-1.5359076261520386,5.627452850341797,47.227378845214844
2,399,,,,-1.3969330787658691,6.711876392364502,64.1485595703125,,,
2,449,,,,-1.5418848991394043,5.772036075592041,45.94466781616211,,,
2,499,,,,-1.5534058809280396,5.344616413116455,44.74187469482422,,,
2,539,,,,,,,-1.561514139175415,5.536393642425537,44.38979721069336
3,549,,,,-1.3047184944152832,7.662871360778809,79.32344055175781,,,
3,599,,,,-1.551492691040039,5.7478251457214355,44.939395904541016,,,
3,649,,,,-1.5606929063796997,5.486310005187988,43.99741744995117,,,
3,699,,,,-1.5504753589630127,5.5467681884765625,45.04480743408203,,,
3,719,,,,,,,-1.5120376348495483,5.745684623718262,49.984649658203125
4,749,,,,-1.5098363161087036,5.918458938598633,49.463382720947266,,,
4,799,,,,-1.5056217908859253,6.041182994842529,49.945716857910156,,,
4,849,,,,-1.6040520668029785,5.27255392074585,39.81695556640625,,,
4,899,,,,-1.513422966003418,5.834290504455566,49.056556701660156,,,
4,899,,,,,,,-1.5470354557037354,5.561593055725098,45.98567581176758
5,949,,,,-1.5633050203323364,5.302078723907471,43.73358154296875,,,
5,999,,,,-1.6196720600128174,5.060327053070068,38.41032409667969,,,
5,1049,,,,-1.4893606901168823,6.040021896362305,51.85125732421875,,,
5,1079,,,,,,,-1.4716641902923584,6.161278247833252,54.814109802246094
6,1099,,,,-1.5081982612609863,5.967090606689453,49.65029525756836,,,
6,1149,,,,-1.4791830778121948,6.067971229553223,53.08073425292969,,,
6,1199,,,,-1.5064849853515625,5.922094345092773,49.84654235839844,,,
6,1249,,,,-1.494805097579956,5.550739765167236,51.20529556274414,,,
6,1259,,,,,,,-1.5510902404785156,5.618936538696289,45.48503494262695
7,1299,,,,-1.5403451919555664,5.578259468078613,46.10784912109375,,,
7,1349,,,,-1.452457308769226,6.096633434295654,56.44983673095703,,,
7,1399,,,,-1.5896848440170288,5.043367385864258,41.156185150146484,,,
7,1439,,,,,,,-1.553585171699524,5.4895243644714355,45.29778289794922
8,1449,,,,-1.6049507856369019,5.059876441955566,39.73463439941406,,,
8,1499,,,,-1.4778382778167725,5.924297332763672,53.245365142822266,,,
8,1549,,,,-1.5017197132110596,5.861566066741943,50.3964958190918,,,
8,1599,,,,-1.5064138174057007,5.86284875869751,49.854705810546875,,,
8,1619,,,,,,,-1.5074998140335083,5.738723278045654,50.529720306396484
9,1649,,,,-1.5837757587432861,5.35142707824707,41.719993591308594,,,
9,1699,,,,-1.5386269092559814,5.535783767700195,46.29063034057617,,,
9,1749,,,,-1.6954562664031982,4.645232677459717,32.25994873046875,,,
9,1799,,,,-1.5536004304885864,5.150285720825195,44.721832275390625,,,
9,1799,,,,,,,-1.6084866523742676,5.179030895233154,39.846981048583984
10,1849,,,,-1.4535573720932007,6.352017879486084,56.30704116821289,,,
10,1899,,,,-1.6268986463546753,5.1565070152282715,37.77646255493164,,,
10,1949,,,,-1.585900902748108,5.253584384918213,41.51634216308594,,,
10,1979,,,,,,,-1.637752652168274,5.076393127441406,37.26058578491211
11,1999,,,,-1.6562217473983765,4.884451866149902,35.31003952026367,,,
11,2049,,,,-1.5465794801712036,5.752007484436035,45.45069885253906,,,
11,2099,,,,-1.7365567684173584,4.33596658706665,29.346967697143555,,,
11,2149,,,,-1.8662586212158203,3.7164559364318848,21.770139694213867,,,
11,2159,,,,,,,-1.70430588722229,4.588787078857422,31.9939022064209
12,2199,,,,-1.8574146032333374,3.6940362453460693,22.218027114868164,,,
12,2249,,,,-1.5668156147003174,5.578409194946289,43.38148498535156,,,
12,2299,,,,-1.62357759475708,4.955249786376953,38.06645202636719,,,
12,2339,,,,,,,-1.7715518474578857,4.267999172210693,27.385122299194336
13,2349,,,,-1.6139967441558838,5.019620418548584,38.915565490722656,,,
13,2399,,,,-1.7748992443084717,4.112409591674805,26.867101669311523,,,
13,2449,,,,-1.756108283996582,4.542906761169434,28.05510139465332,,,
13,2499,,,,-1.6474882364273071,4.925612926483154,36.027305603027344,,,
13,2519,,,,,,,-1.6459943056106567,4.875120162963867,36.61359405517578
14,2549,,,,-1.7608646154403687,4.264111042022705,27.749513626098633,,,
14,2599,,,,-1.726074457168579,4.4510345458984375,30.06391716003418,,,
14,2649,,,,-1.4896031618118286,6.040820598602295,51.82231140136719,,,
14,2699,,,,-1.6690521240234375,4.9177117347717285,34.28213882446289,,,
14,2699,,,,,,,-1.7173516750335693,4.561949253082275,31.10618019104004
15,2749,,,,-1.7344578504562378,4.5347466468811035,29.48914337158203,,,
15,2799,,,,-1.4691245555877686,6.115666389465332,54.324466705322266,,,
15,2849,,,,-1.825281023979187,3.943906545639038,23.924287796020508,,,
15,2879,,,,,,,-1.8073924779891968,4.084184169769287,25.24690055847168
16,2899,,,,-1.6844422817230225,4.637582778930664,33.08855438232422,,,
16,2949,,,,-1.7004632949829102,4.6380510330200195,31.890167236328125,,,
16,2999,,,,-1.6788007020950317,4.733384609222412,33.52118682861328,,,
16,3049,,,,-1.7220818996429443,4.4416184425354,30.341577529907227,,,
16,3059,,,,,,,-1.8256653547286987,3.9853618144989014,24.186857223510742
17,3099,,,,-1.7045419216156006,4.485006809234619,31.592077255249023,,,
17,3149,,,,-1.5386565923690796,5.500612735748291,46.2874641418457,,,
17,3199,,,,-1.5990880727767944,5.24937629699707,40.274662017822266,,,
17,3239,,,,,,,-1.7637873888015747,4.293715476989746,27.865018844604492
18,3249,,,,-1.7790021896362305,4.268187522888184,26.614463806152344,,,
18,3299,,,,-1.8639923334121704,3.750199317932129,21.884048461914062,,,
18,3349,,,,-1.7199807167053223,4.490106105804443,30.488731384277344,,,
18,3399,,,,-1.8373514413833618,3.8309993743896484,23.268510818481445,,,
18,3419,,,,,,,-1.8099607229232788,4.054512977600098,25.08501625061035
19,3449,,,,-1.4112848043441772,6.632003307342529,62.063358306884766,,,
19,3499,,,,-1.7617101669311523,4.489954948425293,27.69554328918457,,,
19,3549,,,,-1.8848899602890015,3.7203104496002197,20.855960845947266,,,
19,3599,,,,-1.7978057861328125,4.259757041931152,25.486736297607422,,,
19,3599,,,,,,,-1.802857756614685,4.1353373527526855,25.56614875793457
20,3649,,,,-1.7712923288345337,4.237645149230957,27.091169357299805,,,
20,3699,,,,-1.6142549514770508,5.090590000152588,38.892433166503906,,,
20,3749,,,,-1.8230373859405518,4.037585258483887,24.048200607299805,,,
20,3779,,,,,,,-1.772562026977539,4.254355430603027,27.493152618408203
21,3799,,,,-1.8518279790878296,3.8762545585632324,22.50567626953125,,,
21,3849,,,,-1.8766340017318726,3.7711660861968994,21.25621795654297,,,
21,3899,,,,-1.832599401473999,3.8388466835021973,23.52451515197754,,,
21,3949,,,,-1.7891039848327637,3.9864161014556885,26.0025577545166,,,
21,3959,,,,,,,-1.867537021636963,3.717202663421631,22.067955017089844
22,3999,,,,-1.792380928993225,4.140871047973633,25.807090759277344,,,
22,4049,,,,-1.8205492496490479,3.989630937576294,24.18638038635254,,,
22,4099,,,,-1.7820638418197632,4.105936527252197,26.42751693725586,,,
22,4139,,,,,,,-1.9286129474639893,3.4292547702789307,19.169050216674805
23,4149,,,,-2.0141656398773193,3.1244287490844727,15.486533164978027,,,
23,4199,,,,-1.8728922605514526,3.726482629776001,21.440141677856445,,,
23,4249,,,,-1.8655427694320679,3.7311673164367676,21.80606460571289,,,
23,4299,,,,-1.9747514724731445,3.2142841815948486,16.957761764526367,,,
23,4319,,,,,,,-1.8965370655059814,3.6211259365081787,20.64334487915039
24,4349,,,,-2.0946061611175537,2.8832345008850098,12.868084907531738,,,
24,4399,,,,-1.9216828346252441,3.562391519546509,19.161840438842773,,,
24,4449,,,,-1.9851887226104736,3.2272729873657227,16.555078506469727,,,
24,4499,,,,-1.731229543685913,4.216553211212158,29.709165573120117,,,
24,4499,,,,,,,-1.8036030530929565,4.114920139312744,25.396577835083008
25,4549,,,,-1.92220139503479,3.4426279067993164,19.138980865478516,,,
25,4599,,,,-1.9171499013900757,3.481992244720459,19.362892150878906,,,
25,4649,,,,-1.921111822128296,3.500476360321045,19.187044143676758,,,
25,4679,,,,,,,-1.754367470741272,4.379504680633545,28.655906677246094
26,4699,,,,-1.7191574573516846,4.656992435455322,30.546581268310547,,,
26,4749,,,,-1.8929429054260254,3.819016218185425,20.472795486450195,,,
26,4799,,,,-2.0488367080688477,2.830301284790039,14.298264503479004,,,
26,4849,,,,-1.8660194873809814,3.74340558052063,21.782133102416992,,,
26,4859,,,,,,,-1.8581480979919434,3.767204999923706,22.511308670043945
27,4899,,,,-1.9820382595062256,3.390479326248169,16.675613403320312,,,
27,4949,,,,-2.0628623962402344,2.929053544998169,13.843871116638184,,,
27,4999,,,,-2.077622890472412,2.9072911739349365,13.381270408630371,,,
27,5039,,,,,,,-1.9246602058410645,3.5032668113708496,19.430559158325195
28,5049,,,,-2.0482804775238037,2.960354804992676,14.31658935546875,,,
28,5099,,,,-1.9380114078521729,3.3349740505218506,18.454761505126953,,,
28,5149,,,,-1.8457410335540771,3.843224287033081,22.82332992553711,,,
28,5199,,,,-1.9087228775024414,3.632434844970703,19.742277145385742,,,
28,5219,,,,,,,-1.8157044649124146,4.032948970794678,24.71007537841797
29,5249,,,,-2.011279344558716,3.2168688774108887,15.589804649353027,,,
29,5299,,,,-2.034881830215454,2.9878180027008057,14.765164375305176,,,
29,5349,,,,-2.0072195529937744,3.1458163261413574,15.736225128173828,,,
29,5399,,,,-1.8343533277511597,4.007141590118408,23.429697036743164,,,
29,5399,,,,,,,-1.9910176992416382,3.287384033203125,16.51114273071289
30,5449,,,,-2.0900392532348633,2.9176108837127686,13.004111289978027,,,
30,5499,,,,-2.029421329498291,2.9978766441345215,14.951983451843262,,,
30,5549,,,,-2.0553102493286133,2.9609501361846924,14.086713790893555,,,
30,5579,,,,,,,-1.9636212587356567,3.368532419204712,17.617822647094727
31,5599,,,,-1.8206403255462646,3.8775079250335693,24.181304931640625,,,
31,5649,,,,-2.1303281784057617,2.662766933441162,11.852004051208496,,,
31,5699,,,,-1.7142351865768433,4.697579860687256,30.894763946533203,,,
31,5749,,,,-1.9665111303329468,3.430485725402832,17.282596588134766,,,
31,5759,,,,,,,-1.9123698472976685,3.620511531829834,19.91167640686035
32,5799,,,,-1.9911739826202393,3.228569507598877,16.328487396240234,,,
32,5849,,,,-2.1002187728881836,2.8726561069488525,12.702853202819824,,,
32,5899,,,,-1.879696011543274,3.709688663482666,21.10687828063965,,,
32,5939,,,,,,,-2.071321487426758,2.9144670963287354,13.781494140625
33,5949,,,,-2.10866379737854,2.719665765762329,12.45822525024414,,,
33,5999,,,,-2.072965383529663,2.98687481880188,13.52553939819336,,,
33,6049,,,,-1.954469084739685,3.3061532974243164,17.76850128173828,,,
33,6099,,,,-1.9414708614349365,3.360750436782837,18.308347702026367,,,
33,6119,,,,,,,-2.039879083633423,3.0142321586608887,14.908689498901367
34,6149,,,,-1.973408579826355,3.256124496459961,17.010282516479492,,,
34,6199,,,,-2.1495237350463867,2.6208691596984863,11.339567184448242,,,
34,6249,,,,-1.950039267539978,3.326357126235962,17.950672149658203,,,
34,6299,,,,-1.8397305011749268,3.855996608734131,23.141395568847656,,,
34,6299,,,,,,,-1.8771098852157593,3.6606037616729736,21.910017013549805
35,6349,,,,-2.0338470935821533,3.1413886547088623,14.800378799438477,,,
35,6399,,,,-2.155912160873413,2.7483861446380615,11.173982620239258,,,
35,6449,,,,-2.097816228866577,2.8939149379730225,12.773320198059082,,,
35,6479,,,,,,,-2.0465989112854004,2.9387152194976807,14.746857643127441
36,6499,,,,-1.9432168006896973,3.5537874698638916,18.234895706176758,,,
36,6549,,,,-2.1562094688415527,2.588196039199829,11.16633129119873,,,
36,6599,,,,-1.9495939016342163,3.5692567825317383,17.969093322753906,,,
36,6649,,,,-2.0312695503234863,3.1008315086364746,14.88848876953125,,,
36,6659,,,,,,,-2.0401241779327393,2.9881441593170166,14.909259796142578
37,6699,,,,-2.1187703609466553,2.75614333152771,12.17165756225586,,,
37,6749,,,,-1.7621475458145142,4.489640235900879,27.667654037475586,,,
37,6799,,,,-2.0170841217041016,2.9711410999298096,15.382819175720215,,,
37,6839,,,,,,,-2.1091856956481934,2.7335472106933594,12.75598430633545
38,6849,,,,-2.197366237640381,2.5535190105438232,10.156723976135254,,,
38,6899,,,,-1.8550156354904175,3.6813933849334717,22.341094970703125,,,
38,6949,,,,-1.9629261493682861,3.2981081008911133,17.42584228515625,,,
38,6999,,,,-2.009337902069092,3.0216543674468994,15.659651756286621,,,
38,7019,,,,,,,-1.8546921014785767,3.9614946842193604,22.685197830200195
39,7049,,,,-2.033640146255493,3.0970969200134277,14.8074369430542,,,
39,7099,,,,-2.1231181621551514,2.7289838790893555,12.050413131713867,,,
39,7149,,,,-1.7635120153427124,4.2821125984191895,27.58086395263672,,,
39,7199,,,,-1.836114764213562,3.774336338043213,23.334867477416992,,,
39,7199,,,,,,,-1.8896647691726685,3.6165783405303955,20.90677261352539
40,7249,,,,-2.260155439376831,2.31091570854187,8.789505958557129,,,
40,7299,,,,-2.1798295974731445,2.568376064300537,10.575244903564453,,,
40,7349,,,,-2.0668840408325195,2.797961711883545,13.716266632080078,,,
40,7379,,,,,,,-2.076402425765991,2.8414580821990967,13.757223129272461
41,7399,,,,-2.171815872192383,2.547447919845581,10.77219295501709,,,
41,7449,,,,-2.12502121925354,2.631958246231079,11.997724533081055,,,
41,7499,,,,-2.2062246799468994,2.5239477157592773,9.951658248901367,,,
41,7549,,,,-2.1483511924743652,2.616983652114868,11.370221138000488,,,
41,7559,,,,,,,-1.8861254453659058,3.6575963497161865,21.64745330810547
42,7599,,,,-2.000377893447876,3.357177495956421,15.986089706420898,,,
42,7649,,,,-2.357550621032715,2.0698204040527344,7.023758411407471,,,
42,7699,,,,-2.0776419639587402,2.72013521194458,13.380672454833984,,,
42,7739,,,,,,,-2.1268749237060547,2.7310237884521484,12.14035415649414
43,7749,,,,-2.053281545639038,2.848938465118408,14.15267562866211,,,
43,7799,,,,-2.080199956893921,2.8637337684631348,13.30209732055664,,,
43,7849,,,,-2.15299916267395,2.5984652042388916,11.249180793762207,,,
43,7899,,,,-2.032383680343628,3.1471731662750244,14.850340843200684,,,
43,7919,,,,,,,-2.1150827407836914,2.7308473587036133,12.514863967895508
44,7949,,,,-2.1984145641326904,2.540957450866699,10.132240295410156,,,
44,7999,,,,-2.2140018939971924,2.4302849769592285,9.775031089782715,,,
44,8049,,,,-2.077904224395752,2.9925992488861084,13.372598648071289,,,
44,8099,,,,-2.104888677597046,2.717355966567993,12.566990852355957,,,
44,8099,,,,,,,-2.0665807723999023,2.9235761165618896,13.90686321258545
45,8149,,,,-1.9188849925994873,3.417797803878784,19.285688400268555,,,
45,8199,,,,-2.016371726989746,2.95865797996521,15.408066749572754,,,
45,8249,,,,-1.5317822694778442,5.656492710113525,47.02597427368164,,,
45,8279,,,,,,,-1.9480111598968506,3.3377151489257812,18.497499465942383
46,8299,,,,-2.1149861812591553,2.735954999923706,12.278177261352539,,,
46,8349,,,,-2.132612705230713,2.5687854290008545,11.789827346801758,,,
46,8399,,,,-2.0796940326690674,2.916238307952881,13.317599296569824,,,
46,8449,,,,-2.1617610454559326,2.5618577003479004,11.024499893188477,,,
46,8459,,,,,,,-2.0882582664489746,2.924699068069458,13.295975685119629
47,8499,,,,-2.1554200649261475,2.588228225708008,11.186649322509766,,,
47,8549,,,,-2.1131298542022705,2.925022840499878,12.330772399902344,,,
47,8599,,,,-2.07395601272583,2.9934356212615967,13.49472427368164,,,
47,8639,,,,,,,-2.072144031524658,2.969707727432251,13.633172035217285
48,8649,,,,-2.0995147228240967,2.693446397781372,12.723467826843262,,,
48,8699,,,,-2.1588830947875977,2.6039059162139893,11.09780216217041,,,
48,8749,,,,-2.210587978363037,2.370439291000366,9.8521728515625,,,
48,8799,,,,-1.965774655342102,3.3943557739257812,17.311927795410156,,,
48,8819,,,,,,,-2.1953482627868652,2.502941370010376,10.436051368713379
49,8849,,,,-2.1429874897003174,2.6913113594055176,11.511518478393555,,,
49,8899,,,,-2.1015589237213135,2.8126866817474365,12.663713455200195,,,
49,8949,,,,-1.555526852607727,5.533993721008301,44.52389907836914,,,
49,8999,,,,-2.2943825721740723,2.2279839515686035,8.123393058776855,,,
49,8999,,,,,,,-2.065023899078369,2.9150803089141846,14.247920036315918
50,9049,,,,-2.2758729457855225,2.3188605308532715,8.47709846496582,,,
50,9099,,,,-2.289811849594116,2.176460027694702,8.209339141845703,,,
50,9149,,,,-2.0064306259155273,3.25816011428833,15.764836311340332,,,
50,9179,,,,,,,-2.0494351387023926,2.969425916671753,14.876304626464844
51,9199,,,,-2.1589179039001465,2.5275464057922363,11.096908569335938,,,
51,9249,,,,-2.212888240814209,2.523576498031616,9.800128936767578,,,
51,9299,,,,-2.1723599433898926,2.4800221920013428,10.758710861206055,,,
51,9349,,,,-1.8891583681106567,3.74857234954834,20.651975631713867,,,
51,9359,,,,,,,-2.2237370014190674,2.407564163208008,9.77128791809082
52,9399,,,,-2.241816759109497,2.3947670459747314,9.168601036071777,,,
52,9449,,,,-2.118948221206665,2.6662871837615967,12.166671752929688,,,
52,9499,,,,-2.296689987182617,2.1854705810546875,8.080349922180176,,,
52,9539,,,,,,,-2.1763405799865723,2.5775671005249023,10.851442337036133
53,9549,,,,-2.320247173309326,2.204408884048462,7.653726577758789,,,
53,9599,,,,-2.1350929737091064,2.5731008052825928,11.722681999206543,,,
53,9649,,,,-2.2856035232543945,2.3097238540649414,8.289276123046875,,,
53,9699,,,,-2.242501974105835,2.331049680709839,9.15415096282959,,,
53,9719,,,,,,,-2.1706383228302,2.537517547607422,11.087336540222168
54,9749,,,,-2.189075231552124,2.6101949214935303,10.352493286132812,,,
54,9799,,,,-2.314037799835205,2.265146017074585,7.763941287994385,,,
54,9849,,,,-2.35491943359375,2.056495428085327,7.066439151763916,,,
54,9899,,,,-2.2881922721862793,2.2722349166870117,8.240010261535645,,,
54,9899,,,,,,,-2.198244333267212,2.492434501647949,10.26746940612793
55,9949,,,,-2.31654953956604,2.163282871246338,7.719165802001953,,,
55,9999,,,,-2.264359712600708,2.3062496185302734,8.704834938049316,,,
55,10049,,,,-2.1695382595062256,2.551074743270874,10.828834533691406,,,
55,10079,,,,,,,-2.2095253467559814,2.469961404800415,10.068790435791016
56,10099,,,,-2.115772008895874,2.7707653045654297,12.255979537963867,,,
56,10149,,,,-2.2570245265960693,2.1982226371765137,8.85310173034668,,,
56,10199,,,,-2.3471572399139404,2.023519515991211,7.19387149810791,,,
56,10249,,,,-2.4256885051727295,1.8239773511886597,6.003873825073242,,,
56,10259,,,,,,,-2.1392476558685303,2.678435802459717,11.80460262298584
57,10299,,,,-2.1188786029815674,2.7545361518859863,12.168624877929688,,,
57,10349,,,,-2.183924674987793,2.594740152359009,10.475996017456055,,,
57,10399,,,,-1.999947428703308,3.3485121726989746,16.001935958862305,,,
57,10439,,,,,,,-2.1007885932922363,2.802948474884033,12.927674293518066
58,10449,,,,-2.0203213691711426,3.1114423274993896,15.268582344055176,,,
58,10499,,,,-2.2584707736968994,2.3194727897644043,8.823667526245117,,,
58,10549,,,,-2.1291420459747314,2.7847063541412354,11.884416580200195,,,
58,10599,,,,-2.0280630588531494,3.0711817741394043,14.998817443847656,,,
58,10619,,,,,,,-2.185898542404175,2.5743181705474854,10.609179496765137
59,10649,,,,-2.3578455448150635,2.08902907371521,7.018987655639648,,,
59,10699,,,,-2.246864080429077,2.366772174835205,9.062666893005371,,,
59,10749,,,,-2.0233235359191895,3.188328981399536,15.163394927978516,,,
59,10799,,,,-2.2733678817749023,2.2882816791534424,8.526131629943848,,,
59,10799,,,,,,,-2.2522528171539307,2.3167107105255127,9.216583251953125
60,10849,,,,-2.2691359519958496,2.3128762245178223,8.60962200164795,,,
60,10899,,,,-1.7953912019729614,3.8826186656951904,25.628835678100586,,,
60,10949,,,,-2.3007075786590576,2.2139530181884766,8.005942344665527,,,
60,10979,,,,,,,-1.9327059984207153,3.374990224838257,19.29344367980957
61,10999,,,,-2.0004899501800537,3.2869794368743896,15.981963157653809,,,
61,11049,,,,-2.0598249435424805,2.930328607559204,13.941033363342285,,,
61,11099,,,,-2.356395959854126,2.1591269969940186,7.042454242706299,,,
61,11149,,,,-2.1518778800964355,2.575448751449585,11.2782621383667,,,
61,11159,,,,,,,-2.1960456371307373,2.532351493835449,10.33690357208252
62,11199,,,,-2.33498215675354,2.1846776008605957,7.398401260375977,,,
62,11249,,,,-2.3005447387695312,2.1095328330993652,8.00894546508789,,,
62,11299,,,,-2.0008368492126465,3.207594394683838,15.969198226928711,,,
62,11339,,,,,,,-2.2198398113250732,2.4425840377807617,9.812777519226074
63,11349,,,,-2.1736581325531006,2.213153123855591,10.726595878601074,,,
63,11399,,,,-2.228240489959717,2.475309371948242,9.45974349975586,,,
63,11449,,,,-2.2479288578033447,2.2604641914367676,9.040472984313965,,,
63,11499,,,,-2.16896915435791,2.5125720500946045,10.843032836914062,,,
63,11519,,,,,,,-2.024901866912842,3.1555778980255127,15.44217300415039
64,11549,,,,-2.22148060798645,2.3214240074157715,9.608141899108887,,,
64,11599,,,,-1.7460949420928955,4.665572166442871,28.7094669342041,,,
64,11649,,,,-2.2334866523742676,2.3288516998291016,9.34616756439209,,,
64,11699,,,,-2.1921374797821045,2.4937644004821777,10.279746055603027,,,
64,11699,,,,,,,-2.289658546447754,2.23628830909729,8.379913330078125
65,11749,,,,-2.2848310470581055,2.2577290534973145,8.304030418395996,,,
65,11799,,,,-2.3401975631713867,2.0999114513397217,7.310086250305176,,,
65,11849,,,,-2.0465354919433594,2.9828872680664062,14.374225616455078,,,
65,11879,,,,,,,-2.152646780014038,2.770294189453125,11.438186645507812
66,11899,,,,-2.031952142715454,3.134296178817749,14.865102767944336,,,
66,11949,,,,-2.2997360229492188,2.2460954189300537,8.023872375488281,,,
66,11999,,,,-2.262446641921997,2.3167762756347656,8.743263244628906,,,
66,12049,,,,-2.11972975730896,2.7656004428863525,12.14479923248291,,,
66,12059,,,,,,,-2.2719264030456543,2.26239275932312,8.81309986114502
67,12099,,,,-2.2992911338806152,2.1698215007781982,8.032096862792969,,,
67,12149,,,,-2.4234423637390137,1.8903950452804565,6.03500509262085,,,
67,12199,,,,-2.2933905124664307,2.275996208190918,8.141973495483398,,,
67,12239,,,,,,,-2.2909467220306396,2.232492208480835,8.40342903137207
68,12249,,,,-2.225649118423462,2.4553847312927246,9.516364097595215,,,
68,12299,,,,-2.0390424728393555,3.1218554973602295,14.624384880065918,,,
68,12349,,,,-2.3279755115509033,2.127133846282959,7.518731594085693,,,
68,12399,,,,-2.3613553047180176,2.112744092941284,6.962491989135742,,,
68,12419,,,,,,,-2.188682794570923,2.564840078353882,10.493736267089844
69,12449,,,,-2.3367884159088135,2.046593427658081,7.367694854736328,,,
69,12499,,,,-2.2170920372009277,2.4077210426330566,9.70572566986084,,,
69,12549,,,,-2.396528482437134,1.9173719882965088,6.420837879180908,,,
69,12599,,,,-2.069702625274658,2.769597053527832,13.627532005310059,,,
69,12599,,,,,,,-2.14858341217041,2.6229753494262695,11.731414794921875
70,12649,,,,-2.269219160079956,2.352283239364624,8.60797119140625,,,
70,12699,,,,-1.8106309175491333,3.7726147174835205,24.74509048461914,,,
70,12749,,,,-2.3134400844573975,2.1256110668182373,7.77463436126709,,,
70,12779,,,,,,,-2.1410608291625977,2.6687052249908447,11.841707229614258
71,12799,,,,-2.387171745300293,1.9833059310913086,6.560670852661133,,,
71,12849,,,,-2.2774622440338135,2.2973451614379883,8.44613265991211,,,
71,12899,,,,-2.2094621658325195,2.4305455684661865,9.877748489379883,,,
71,12949,,,,-2.340271472930908,2.0383963584899902,7.308839321136475,,,
71,12959,,,,,,,-2.310500383377075,2.1602447032928467,8.043729782104492
72,12999,,,,-2.2335925102233887,2.380474090576172,9.34388542175293,,,
72,13049,,,,-2.2786214351654053,2.3639466762542725,8.423622131347656,,,
72,13099,,,,-2.22571063041687,2.4023382663726807,9.515013694763184,,,
72,13139,,,,,,,-2.1687607765197754,2.690742254257202,11.003409385681152
73,13149,,,,-2.2815496921539307,2.2834320068359375,8.367011070251465,,,
73,13199,,,,-2.092725992202759,2.765941858291626,12.923914909362793,,,
73,13249,,,,-2.2570760250091553,2.2042958736419678,8.852057456970215,,,
73,13299,,,,-2.239375352859497,2.346132278442383,9.220290184020996,,,
73,13319,,,,,,,-2.1863746643066406,2.5422539710998535,10.652336120605469
74,13349,,,,-2.0984766483306885,2.864259719848633,12.75390911102295,,,
74,13399,,,,-2.1899561882019043,2.685424327850342,10.33150863647461,,,
74,13449,,,,-2.3166756629943848,2.0774073600769043,7.716924667358398,,,
74,13499,,,,-2.2956113815307617,2.212290048599243,8.100440979003906,,,
74,13499,,,,,,,-2.322633981704712,2.156432867050171,7.7639617919921875
75,13549,,,,-2.1739301681518555,2.5900955200195312,10.719878196716309,,,
75,13599,,,,-2.2105653285980225,2.3409266471862793,9.852691650390625,,,
75,13649,,,,-2.2814767360687256,2.281709909439087,8.368417739868164,,,
75,13679,,,,,,,-2.269543170928955,2.2973825931549072,8.782434463500977
76,13699,,,,-2.2394165992736816,2.380574941635132,9.219413757324219,,,
76,13749,,,,-1.9914883375167847,3.2437191009521484,16.31667137145996,,,
76,13799,,,,-2.398942708969116,1.930721402168274,6.385244369506836,,,
76,13849,,,,-2.398958921432495,1.9784228801727295,6.385003566741943,,,
76,13859,,,,,,,-2.2819690704345703,2.2628395557403564,8.55450439453125
77,13899,,,,-2.173386573791504,2.68363094329834,10.73330307006836,,,
77,13949,,,,-2.2402970790863037,2.464876174926758,9.200746536254883,,,
77,13999,,,,-2.270284414291382,2.3871095180511475,8.586888313293457,,,
77,14039,,,,,,,-2.337115526199341,2.1067562103271484,7.542778491973877
78,14049,,,,-2.38120174407959,2.087620496749878,6.651476860046387,,,
78,14099,,,,-2.486464262008667,1.8427866697311401,5.219821453094482,,,
78,14149,,,,-2.149263858795166,2.5185911655426025,11.346351623535156,,,
78,14199,,,,-2.2549920082092285,2.254215955734253,8.894634246826172,,,
78,14219,,,,,,,-2.2321789264678955,2.4357707500457764,9.539475440979004
79,14249,,,,-2.3590946197509766,2.0825448036193848,6.998830795288086,,,
79,14299,,,,-2.298595666885376,2.2703237533569336,8.044965744018555,,,
79,14349,,,,-2.4214491844177246,1.9448182582855225,6.06276798248291,,,
79,14399,,,,-2.060572624206543,3.029128313064575,13.9170560836792,,,
79,14399,,,,,,,-2.0400946140289307,3.2042083740234375,14.836193084716797
80,14449,,,,-2.3983354568481445,1.9936749935150146,6.394175052642822,,,
80,14499,,,,-2.3843533992767334,2.0233514308929443,6.603384494781494,,,
80,14549,,,,-2.3126718997955322,2.283369302749634,7.788395881652832,,,
80,14579,,,,,,,-2.273776054382324,2.248603343963623,8.729362487792969
81,14599,,,,-2.5441486835479736,1.6874109506607056,4.570580005645752,,,
81,14649,,,,-2.40226674079895,1.890036702156067,6.336556911468506,,,
81,14699,,,,-2.16176438331604,2.675880193710327,11.024417877197266,,,
81,14749,,,,-2.277190685272217,2.3033087253570557,8.451410293579102,,,
81,14759,,,,,,,-2.2618236541748047,2.3476743698120117,8.900053024291992
82,14799,,,,-2.708265781402588,1.3502771854400635,3.1322343349456787,,,
82,14849,,,,-2.2487926483154297,2.280910015106201,9.022509574890137,,,
82,14899,,,,-2.4421207904815674,1.8717072010040283,5.78095006942749,,,
82,14939,,,,,,,-2.2933223247528076,2.2432641983032227,8.36164379119873
83,14949,,,,-2.2550296783447266,2.1821258068084717,8.893861770629883,,,
83,14999,,,,-2.2802255153656006,2.366278886795044,8.392563819885254,,,
83,15049,,,,-2.0746426582336426,2.9505562782287598,13.473408699035645,,,
83,15099,,,,-2.084711790084839,2.8627936840057373,13.164618492126465,,,
83,15119,,,,,,,-2.236189842224121,2.3728699684143066,9.529657363891602
84,15149,,,,-1.9535548686981201,3.4040489196777344,17.805946350097656,,,
84,15199,,,,-2.4444477558135986,1.8693714141845703,5.750057697296143,,,
84,15249,,,,-2.307918071746826,2.2308120727539062,7.874120235443115,,,
84,15299,,,,-2.3809025287628174,1.9921504259109497,6.656064987182617,,,
84,15299,,,,,,,-2.3187456130981445,2.125485420227051,7.9426140785217285
85,15349,,,,-2.4347198009490967,1.8768548965454102,5.880311965942383,,,
85,15399,,,,-2.316291332244873,2.184584140777588,7.723758697509766,,,
85,15449,,,,-2.5624895095825195,1.608754277229309,4.381577014923096,,,
85,15479,,,,,,,-2.2178235054016113,2.4089338779449463,9.956231117248535
86,15499,,,,-2.2461326122283936,2.4023053646087646,9.07794189453125,,,
86,15549,,,,-2.29508900642395,2.1882474422454834,8.11019229888916,,,
86,15599,,,,-2.3953239917755127,1.9768071174621582,6.438668251037598,,,
86,15649,,,,-2.382089853286743,1.9936497211456299,6.6378936767578125,,,
86,15659,,,,,,,-2.4162282943725586,1.9063842296600342,6.335658073425293
87,15699,,,,-2.2254393100738525,2.460939407348633,9.520957946777344,,,
87,15749,,,,-2.4361488819122314,1.8409820795059204,5.86099100112915,,,
87,15799,,,,-2.384336471557617,1.9182559251785278,6.603641033172607,,,
87,15839,,,,,,,-2.3669581413269043,2.004747152328491,7.075575351715088
88,15849,,,,-2.5737032890319824,1.5985277891159058,4.269890308380127,,,
88,15899,,,,-2.277292013168335,2.337780475616455,8.449442863464355,,,
88,15949,,,,-2.2985644340515137,2.125545024871826,8.045546531677246,,,
88,15999,,,,-2.4026360511779785,1.9361616373062134,6.331170558929443,,,
88,16019,,,,,,,-2.398667097091675,1.9717998504638672,6.545277118682861
89,16049,,,,-2.590113639831543,1.6021229028701782,4.1115570068359375,,,
89,16099,,,,-2.411393404006958,1.9764260053634644,6.204784870147705,,,
89,16149,,,,-2.240786075592041,2.3639354705810547,9.190394401550293,,,
89,16199,,,,-1.8357981443405151,3.97336745262146,23.351886749267578,,,
89,16199,,,,,,,-2.1225430965423584,2.705604076385498,12.295079231262207
90,16249,,,,-2.2905619144439697,2.1805269718170166,8.195170402526855,,,
90,16299,,,,-2.197525978088379,2.485069751739502,10.152995109558105,,,
90,16349,,,,-2.161566972732544,2.7001402378082275,11.02942943572998,,,
90,16379,,,,,,,-2.2669105529785156,2.286135673522949,8.884065628051758
91,16399,,,,-2.3059990406036377,2.2029385566711426,7.908992290496826,,,
91,16449,,,,-2.5941381454467773,1.5613007545471191,4.073633193969727,,,
91,16499,,,,-2.285926342010498,2.2393226623535156,8.28311538696289,,,
91,16549,,,,-2.3820178508758545,1.998610019683838,6.638993740081787,,,
91,16559,,,,,,,-2.402599811553955,1.9033007621765137,6.544291973114014
92,16599,,,,-2.353771448135376,2.0508620738983154,7.08514404296875,,,
92,16649,,,,-1.987574577331543,3.4912829399108887,16.46438217163086,,,
92,16699,,,,-2.4352564811706543,1.861616849899292,5.873047351837158,,,
92,16739,,,,,,,-2.2272510528564453,2.3967950344085693,9.675287246704102
93,16749,,,,-2.2467539310455322,2.263303279876709,9.064966201782227,,,
93,16799,,,,-2.412752866744995,1.8976960182189941,6.185389041900635,,,
93,16849,,,,-2.226773738861084,2.411785125732422,9.491747856140137,,,
93,16899,,,,-2.204782485961914,2.495394468307495,9.984756469726562,,,
93,16919,,,,,,,-2.3090970516204834,2.233487844467163,8.007722854614258
94,16949,,,,-2.4397380352020264,1.933944821357727,5.812753677368164,,,
94,16999,,,,-2.410759925842285,1.916446566581726,6.213841438293457,,,
94,17049,,,,-2.2517285346984863,2.3652141094207764,8.961721420288086,,,
94,17099,,,,-2.2592532634735107,2.300793170928955,8.807787895202637,,,
94,17099,,,,,,,-2.1700119972229004,2.6090996265411377,11.082450866699219
95,17149,,,,-2.3137152194976807,2.2193751335144043,7.769708633422852,,,
95,17199,,,,-2.2375988960266113,2.223419189453125,9.258087158203125,,,
95,17249,,,,-2.4744133949279785,1.7544716596603394,5.366690158843994,,,
95,17279,,,,,,,-2.4316251277923584,1.8484753370285034,6.100813865661621
96,17299,,,,-2.2069520950317383,2.4455795288085938,9.9350004196167,,,
96,17349,,,,-2.5933499336242676,1.5295701026916504,4.081032752990723,,,
96,17399,,,,-2.508336305618286,1.7610329389572144,4.963452339172363,,,
96,17449,,,,-2.416187047958374,1.8982062339782715,6.136674404144287,,,
96,17459,,,,,,,-2.3502204418182373,2.100985050201416,7.328505516052246
97,17499,,,,-2.2870383262634277,2.135754346847534,8.261931419372559,,,
97,17549,,,,-2.3295817375183105,2.143744945526123,7.490974426269531,,,
97,17599,,,,-2.3491525650024414,1.996407151222229,7.160897254943848,,,
97,17639,,,,,,,-2.44040846824646,1.8416242599487305,5.984009265899658
98,17649,,,,-2.358534336090088,2.0905447006225586,7.0078630447387695,,,
98,17699,,,,-2.2084662914276123,2.4900166988372803,9.900424003601074,,,
98,17749,,,,-2.5381791591644287,1.6668120622634888,4.6338396072387695,,,
98,17799,,,,-2.302245616912842,2.131185531616211,7.977636814117432,,,
98,17819,,,,,,,-2.3187732696533203,2.2112245559692383,7.820202827453613
99,17849,,,,-1.7428491115570068,4.296623706817627,28.924835205078125,,,
99,17899,,,,-2.4068565368652344,2.015242099761963,6.269943714141846,,,
99,17949,,,,-2.5222063064575195,1.6656126976013184,4.807435989379883,,,
99,17999,,,,-2.277493953704834,2.325737953186035,8.445513725280762,,,
99,17999,,,,,,,-2.4087672233581543,1.905820608139038,6.461500644683838
100,18049,,,,-2.3543689250946045,2.105910062789917,7.075405120849609,,,
100,18099,,,,-2.515909194946289,1.6766085624694824,4.877654075622559,,,
100,18149,,,,-2.551826000213623,1.6544113159179688,4.490493297576904,,,
100,18179,,,,,,,-2.235119581222534,2.383258104324341,9.588054656982422
101,18199,,,,-2.1635584831237793,2.354968547821045,10.97896957397461,,,
101,18249,,,,-2.6817846298217773,1.406515121459961,3.3291661739349365,,,
101,18299,,,,-1.8510866165161133,3.8318469524383545,22.544132232666016,,,
101,18349,,,,-2.431885004043579,1.9276659488677979,5.91881799697876,,,
101,18359,,,,,,,-2.393275499343872,1.9613335132598877,6.620119094848633
102,18399,,,,-2.262728214263916,2.1926310062408447,8.737595558166504,,,
102,18449,,,,-1.915307641029358,3.552396297454834,19.445201873779297,,,
102,18499,,,,-2.130235195159912,2.699794054031372,11.854547500610352,,,
102,18539,,,,,,,-2.1144275665283203,2.8634958267211914,12.471874237060547
103,18549,,,,-2.328969955444336,2.087878465652466,7.501533031463623,,,
103,18599,,,,-2.4724836349487305,1.7427723407745361,5.390590667724609,,,
103,18649,,,,-2.3324265480041504,2.1166810989379883,7.442067623138428,,,
103,18699,,,,-2.250131130218506,2.3970930576324463,8.994741439819336,,,
103,18719,,,,,,,-2.3620426654815674,2.0130116939544678,7.139111518859863
104,18749,,,,-2.46389102935791,1.800673007965088,5.498307704925537,,,
104,18799,,,,-2.4904019832611084,1.7905782461166382,5.172709941864014,,,
104,18849,,,,-2.397094249725342,1.994465947151184,6.412478923797607,,,
104,18899,,,,-2.4174647331237793,1.8788609504699707,6.118644714355469,,,
104,18899,,,,,,,-2.3315560817718506,2.097989797592163,7.6502604484558105
105,18949,,,,-2.1435861587524414,2.6618847846984863,11.495658874511719,,,
105,18999,,,,-2.376021146774292,2.0030593872070312,6.731299877166748,,,
105,19049,,,,-2.4114809036254883,1.8703452348709106,6.20353364944458,,,
105,19079,,,,,,,-2.4386680126190186,1.8381171226501465,6.0430908203125
106,19099,,,,-2.565802574157715,1.6249570846557617,4.34827995300293,,,
106,19149,,,,-2.468376398086548,1.804532527923584,5.441812515258789,,,
106,19199,,,,-2.060271978378296,2.8985636234283447,13.926698684692383,,,
106,19249,,,,-2.4209330081939697,1.9280457496643066,6.069975852966309,,,
106,19259,,,,,,,-2.3259148597717285,2.1354942321777344,7.729020595550537
107,19299,,,,-2.5754854679107666,1.5882928371429443,4.25240421295166,,,
107,19349,,,,-2.5388755798339844,1.6839425563812256,4.626413345336914,,,
107,19399,,,,-2.5008981227874756,1.7639453411102295,5.049192428588867,,,
107,19439,,,,,,,-2.3584132194519043,2.0134596824645996,7.246854305267334
108,19449,,,,-2.2026450634002686,2.4937827587127686,10.034018516540527,,,
108,19499,,,,-2.524993896484375,1.7135564088821411,4.776681423187256,,,
108,19549,,,,-2.394163131713867,1.9885469675064087,6.455903053283691,,,
108,19599,,,,-2.577227830886841,1.6093595027923584,4.235378265380859,,,
108,19619,,,,,,,-2.369905471801758,2.0608749389648438,6.9999213218688965
109,19649,,,,-2.3028903007507324,2.013012409210205,7.965806484222412,,,
109,19699,,,,-2.3339130878448486,1.8629767894744873,7.416635513305664,,,
109,19749,,,,-2.52139949798584,1.734176754951477,4.81637716293335,,,
109,19799,,,,-2.4419422149658203,1.8797856569290161,5.783327579498291,,,
109,19799,,,,,,,-2.4174883365631104,1.9052475690841675,6.273561477661133
110,19849,,,,-2.4380688667297363,1.832268476486206,5.835138320922852,,,
110,19899,,,,-2.4930756092071533,1.712467074394226,5.140963554382324,,,
110,19949,,,,-2.1574347019195557,2.3758811950683594,11.134873390197754,,,
110,19979,,,,,,,-2.408930540084839,1.9429707527160645,6.382557392120361
111,19999,,,,-2.254272937774658,2.4143881797790527,8.909371376037598,,,
111,20049,,,,-2.283423900604248,2.1936612129211426,8.330984115600586,,,
111,20099,,,,-2.247213363647461,2.2926976680755615,9.055380821228027,,,
111,20149,,,,-2.395728349685669,2.025721311569214,6.432673931121826,,,
111,20159,,,,,,,-2.4512970447540283,1.7952256202697754,5.845100402832031
112,20199,,,,-2.5380501747131348,1.72489333152771,4.635214805603027,,,
112,20249,,,,-2.3799355030059814,1.9680935144424438,6.670902729034424,,,
112,20299,,,,-2.5352959632873535,1.6789672374725342,4.664702415466309,,,
112,20339,,,,,,,-2.404620409011841,1.9702084064483643,6.493534564971924
113,20349,,,,-2.336676597595215,2.004448175430298,7.369593620300293,,,
113,20399,,,,-2.2875094413757324,2.110060930252075,8.252974510192871,,,
113,20449,,,,-2.459313154220581,1.7758290767669678,5.556573867797852,,,
113,20499,,,,-2.176631450653076,2.3312294483184814,10.653410911560059,,,
113,20519,,,,,,,-2.488560676574707,1.73893141746521,5.340397834777832
114,20549,,,,-2.306016683578491,2.276132345199585,7.908666610717773,,,
114,20599,,,,-2.475459575653076,1.7846100330352783,5.353777885437012,,,
114,20649,,,,-2.4893956184387207,1.780654788017273,5.1847100257873535,,,
114,20699,,,,-2.4174861907958984,1.9767487049102783,6.118342876434326,,,
114,20699,,,,,,,-2.35789155960083,2.0511763095855713,7.1983256340026855
115,20749,,,,-2.5485146045684814,1.602386474609375,4.524861812591553,,,
115,20799,,,,-2.5495057106018066,1.6299676895141602,4.514548301696777,,,
115,20849,,,,-2.35549259185791,2.1133649349212646,7.057122230529785,,,
115,20879,,,,,,,-2.335616111755371,2.1239798069000244,7.608534336090088
116,20899,,,,-2.3367855548858643,2.0865418910980225,7.367742538452148,,,
116,20949,,,,-2.312042713165283,2.0644588470458984,7.799689769744873,,,
116,20999,,,,-2.4887173175811768,1.7131998538970947,5.192815780639648,,,
116,21049,,,,-2.2228808403015137,2.3333323001861572,9.577214241027832,,,
116,21059,,,,,,,-2.447420358657837,1.8279883861541748,5.890632629394531
117,21099,,,,-2.338042974472046,2.0761101245880127,7.3464436531066895,,,
117,21149,,,,-2.370215892791748,2.1770739555358887,6.821881294250488,,,
117,21199,,,,-2.4258878231048584,1.9117698669433594,6.001118183135986,,,
117,21239,,,,,,,-2.1862292289733887,2.6213510036468506,10.62487506866455
118,21249,,,,-2.3129019737243652,2.1812965869903564,7.784272193908691,,,
118,21299,,,,-2.4882349967956543,1.7314801216125488,5.19858455657959,,,
118,21349,,,,-2.3633484840393066,1.9648942947387695,6.930609226226807,,,
118,21399,,,,-2.5574066638946533,1.616231918334961,4.433160781860352,,,
118,21419,,,,,,,-2.3860461711883545,1.9856361150741577,6.745129108428955
119,21449,,,,-2.588899612426758,1.5719712972640991,4.123066425323486,,,
119,21499,,,,-2.576892614364624,1.5167665481567383,4.238650321960449,,,
119,21549,,,,-2.137003183364868,2.6667423248291016,11.671234130859375,,,
119,21599,,,,-2.4451026916503906,1.9362874031066895,5.74139404296875,,,
119,21599,,,,,,,-2.318425178527832,2.167484760284424,7.9140400886535645
120,21649,,,,-2.229640007019043,2.4599056243896484,9.42931079864502,,,
120,21699,,,,-2.472851514816284,1.7213356494903564,5.386025428771973,,,
120,21749,,,,-2.365546703338623,2.016237258911133,6.895618438720703,,,
120,21779,,,,,,,-2.467188835144043,1.7911661863327026,5.5958099365234375
121,21799,,,,-2.504720449447632,1.7703534364700317,5.004946231842041,,,
121,21849,,,,-2.3437907695770264,2.018812656402588,7.249855041503906,,,
121,21899,,,,-2.2397475242614746,2.254422664642334,9.212396621704102,,,
121,21949,,,,-2.495159387588501,1.755147933959961,5.11635684967041,,,
121,21959,,,,,,,-2.3479859828948975,2.143036365509033,7.317019939422607
122,21999,,,,-2.665930986404419,1.4154810905456543,3.4529409408569336,,,
122,22049,,,,-2.591414451599121,1.6119242906570435,4.099259853363037,,,
122,22099,,,,-2.4373202323913574,1.8554261922836304,5.845205783843994,,,
122,22139,,,,,,,-2.44854474067688,1.8357356786727905,5.8454718589782715
123,22149,,,,-2.5541014671325684,1.6665219068527222,4.467026710510254,,,
123,22199,,,,-2.366713762283325,2.0689263343811035,6.8771138191223145,,,
123,22249,,,,-2.532696008682251,1.6438465118408203,4.692713737487793,,,
123,22299,,,,-2.410099983215332,1.9098620414733887,6.22329044342041,,,
123,22319,,,,,,,-2.415497064590454,1.9036097526550293,6.299842834472656
124,22349,,,,-2.498297691345215,1.6847279071807861,5.0795159339904785,,,
124,22399,,,,-2.359589099884033,2.1054351329803467,6.990866661071777,,,
124,22449,,,,-2.66310715675354,1.3982198238372803,3.475463628768921,,,
124,22499,,,,-2.331113576889038,1.9514273405075073,7.464600086212158,,,
124,22499,,,,,,,-2.435152292251587,1.852435827255249,6.0366530418396
125,22549,,,,-2.5421533584594727,1.6590038537979126,4.591627597808838,,,
125,22599,,,,-2.5181379318237305,1.6543467044830322,4.852684497833252,,,
125,22649,,,,-2.2400314807891846,2.35224986076355,9.20637321472168,,,
125,22679,,,,,,,-2.4837117195129395,1.7464935779571533,5.376747131347656
126,22699,,,,-2.3668973445892334,1.9888731241226196,6.874208450317383,,,
126,22749,,,,-2.333312511444092,2.1090707778930664,7.42689847946167,,,
126,22799,,,,-2.6226766109466553,1.525772213935852,3.8145499229431152,,,
126,22849,,,,-2.361142635345459,1.9571622610092163,6.965902328491211,,,
126,22859,,,,,,,-2.484236717224121,1.7480568885803223,5.393061637878418
127,22899,,,,-2.4334681034088135,1.9249945878982544,5.897282123565674,,,
127,22949,,,,-2.3537163734436035,1.9709707498550415,7.0860419273376465,,,
127,22999,,,,-2.3538920879364014,2.1291086673736572,7.083174228668213,,,
127,23039,,,,,,,-2.3146800994873047,2.1247122287750244,7.931387901306152
128,23049,,,,-2.437746524810791,1.8466858863830566,5.839471817016602,,,
128,23099,,,,-2.716344118118286,1.3721619844436646,3.074509620666504,,,
128,23149,,,,-2.48968243598938,1.7297320365905762,5.1812872886657715,,,
128,23199,,,,-2.1932406425476074,2.528632640838623,10.253669738769531,,,
128,23219,,,,,,,-2.3882253170013428,2.0034255981445312,6.691206455230713
129,23249,,,,-1.9555091857910156,3.323883056640625,17.72600555419922,,,
129,23299,,,,-2.571709394454956,1.6213082075119019,4.289538860321045,,,
129,23349,,,,-2.3810532093048096,1.9312423467636108,6.653756618499756,,,
129,23399,,,,-2.486219644546509,1.811862826347351,5.222761631011963,,,
129,23399,,,,,,,-2.419297695159912,1.8930742740631104,6.3161940574646
130,23449,,,,-2.5260725021362305,1.6839375495910645,4.764830112457275,,,
130,23499,,,,-2.374706983566284,2.0117809772491455,6.7517008781433105,,,
130,23549,,,,-2.4675068855285645,1.750454306602478,5.4527177810668945,,,
130,23579,,,,,,,-2.472831964492798,1.7635911703109741,5.536975383758545
131,23599,,,,-2.554244041442871,1.6114299297332764,4.4655609130859375,,,
131,23649,,,,-2.3921902179718018,2.0249130725860596,6.485298156738281,,,
131,23699,,,,-2.447913408279419,1.8460487127304077,5.704354763031006,,,
131,23749,,,,-2.493318796157837,1.7363616228103638,5.13808536529541,,,
131,23759,,,,,,,-2.361051559448242,2.0253753662109375,7.151403427124023
132,23799,,,,-2.55290150642395,1.610188603401184,4.479385852813721,,,
132,23849,,,,-2.6747686862945557,1.5182400941848755,3.3833844661712646,,,
132,23899,,,,-2.484647512435913,1.7984473705291748,5.24170446395874,,,
132,23939,,,,,,,-2.3809282779693604,2.038421630859375,6.836607933044434
133,23949,,,,-2.5801331996917725,1.5690133571624756,4.207138538360596,,,
133,23999,,,,-1.9677214622497559,3.285996198654175,17.234495162963867,,,
133,24049,,,,-2.4019298553466797,1.8620063066482544,6.341474533081055,,,
133,24099,,,,-2.600600481033325,1.5582983493804932,4.01346492767334,,,
133,24119,,,,,,,-2.4626176357269287,1.7742656469345093,5.704745292663574
134,24149,,,,-2.652334451675415,1.4867289066314697,3.5627529621124268,,,
134,24199,,,,-2.6512787342071533,1.4508322477340698,3.571423292160034,,,
134,24249,,,,-2.3741860389709473,2.0108420848846436,6.759801864624023,,,
134,24299,,,,-2.42177414894104,1.9656304121017456,6.058234214782715,,,
134,24299,,,,,,,-2.333739995956421,2.105194091796875,7.610192775726318
135,24349,,,,-2.50595760345459,1.6171343326568604,4.990710735321045,,,
135,24399,,,,-2.2598459720611572,2.181821584701538,8.795775413513184,,,
135,24449,,,,-2.331334352493286,2.103097677230835,7.460803031921387,,,
135,24479,,,,,,,-2.415015459060669,1.9094352722167969,6.392334938049316
136,24499,,,,-2.5481085777282715,1.6715761423110962,4.5290961265563965,,,
136,24549,,,,-2.514023780822754,1.6966664791107178,4.898873805999756,,,
136,24599,,,,-2.416410446166992,1.883078932762146,6.13351583480835,,,
136,24649,,,,-2.538623332977295,1.6595895290374756,4.62910270690918,,,
136,24659,,,,,,,-2.520768642425537,1.6666498184204102,4.968980312347412
137,24699,,,,-2.579564094543457,1.583377718925476,4.212655544281006,,,
137,24749,,,,-2.4659886360168457,1.8209147453308105,5.471817493438721,,,
137,24799,,,,-2.419088363647461,1.8697882890701294,6.095814228057861,,,
137,24839,,,,,,,-2.227905750274658,2.3820931911468506,9.705592155456543
138,24849,,,,-2.395205020904541,1.999390721321106,6.440431594848633,,,
138,24899,,,,-2.5368666648864746,1.6648850440979004,4.647864818572998,,,
138,24949,,,,-2.486285924911499,1.7313377857208252,5.221968650817871,,,
138,24999,,,,-2.272498369216919,2.2672336101531982,8.543221473693848,,,
138,25019,,,,,,,-2.397972822189331,1.9590750932693481,6.640574932098389
139,25049,,,,-2.6452808380126953,1.4885019063949585,3.6210904121398926,,,
139,25099,,,,-2.6844005584716797,1.4014713764190674,3.3091721534729004,,,
139,25149,,,,-2.479130744934082,1.8139004707336426,5.308715343475342,,,
139,25199,,,,-2.5536751747131348,1.580871820449829,4.471413612365723,,,
139,25199,,,,,,,-2.5317962169647217,1.6481868028640747,4.86399507522583
140,25249,,,,-2.2508485317230225,2.369544744491577,8.979898452758789,,,
140,25299,,,,-2.645047903060913,1.4703013896942139,3.6230313777923584,,,
140,25349,,,,-2.3550353050231934,2.0404598712921143,7.064553260803223,,,
140,25379,,,,,,,-2.4472925662994385,1.8450485467910767,5.868099212646484
141,25399,,,,-2.5772902965545654,1.6253750324249268,4.234769344329834,,,
141,25449,,,,-2.358140468597412,2.073643445968628,7.014223575592041,,,
141,25499,,,,-2.298255681991577,2.1026792526245117,8.051267623901367,,,
141,25549,,,,-2.424868583679199,1.8762954473495483,6.015220642089844,,,
141,25559,,,,,,,-2.526167869567871,1.6523563861846924,4.937856674194336
142,25599,,,,-2.5789237022399902,1.5425631999969482,4.218873023986816,,,
142,25649,,,,-2.491881847381592,1.7661197185516357,5.155111789703369,,,
142,25699,,,,-2.5261268615722656,1.528817892074585,4.764235496520996,,,
142,25739,,,,,,,-2.475494623184204,1.747003436088562,5.554713249206543
143,25749,,,,-2.544965982437134,1.6041698455810547,4.561986446380615,,,
143,25799,,,,-2.462048292160034,1.7772988080978394,5.521687984466553,,,
143,25849,,,,-2.4022202491760254,1.8107300996780396,6.337236404418945,,,
143,25899,,,,-2.093231201171875,2.8258514404296875,12.908890724182129,,,
143,25919,,,,,,,-2.371497392654419,2.0075135231018066,6.984034061431885
144,25949,,,,-2.5917422771453857,1.5412427186965942,4.096166610717773,,,
144,25999,,,,-2.505255937576294,1.7255196571350098,4.998782634735107,,,
144,26049,,,,-2.6365582942962646,1.4108694791793823,3.6945531368255615,,,
144,26099,,,,-2.7219927310943604,1.2937748432159424,3.034780740737915,,,
144,26099,,,,,,,-2.4604296684265137,1.8200074434280396,5.690769195556641
145,26149,,,,-2.360583782196045,2.0337579250335693,6.974872589111328,,,
145,26199,,,,-2.5472307205200195,1.6784560680389404,4.538260459899902,,,
145,26249,,,,-2.399061441421509,1.9706380367279053,6.38349723815918,,,
145,26279,,,,,,,-2.522386074066162,1.667936086654663,4.983215808868408
146,26299,,,,-2.4245588779449463,1.9148104190826416,6.019510746002197,,,
146,26349,,,,-2.4111669063568115,1.7971265316009521,6.208022117614746,,,
146,26399,,,,-2.615748167037964,1.582933783531189,3.875894784927368,,,
146,26449,,,,-2.5397274494171143,1.6927273273468018,4.617347240447998,,,
146,26459,,,,,,,-2.3867058753967285,1.9726637601852417,6.835801601409912
147,26499,,,,-2.540743827819824,1.6112427711486816,4.60655403137207,,,
147,26549,,,,-2.3833184242248535,1.9186956882476807,6.619139671325684,,,
147,26599,,,,-2.6683621406555176,1.3917540311813354,3.4336647987365723,,,
147,26639,,,,,,,-2.4864447116851807,1.7600353956222534,5.366100788116455
148,26649,,,,-2.400649309158325,1.7997725009918213,6.360200881958008,,,
148,26699,,,,-2.535379409790039,1.6578997373580933,4.663806915283203,,,
148,26749,,,,-2.1982502937316895,2.4223198890686035,10.13607120513916,,,
148,26799,,,,-2.421566963195801,1.9533578157424927,6.061122894287109,,,
148,26819,,,,,,,-2.391864538192749,2.0236616134643555,6.678544521331787
149,26849,,,,-2.5734665393829346,1.6278917789459229,4.272217750549316,,,
149,26899,,,,-2.454613208770752,1.829765796661377,5.617031574249268,,,
149,26949,,,,-2.406142473220825,1.9045898914337158,6.280261516571045,,,
149,26999,,,,-2.562490463256836,1.5652344226837158,4.38156795501709,,,
149,26999,,,,,,,-2.4393515586853027,1.8707276582717896,5.931771755218506
150,27049,,,,-2.575974225997925,1.5834661722183228,4.247622013092041,,,
150,27099,,,,-2.4252991676330566,1.7671045064926147,6.009259223937988,,,
150,27149,,,,-2.5700523853302,1.5523467063903809,4.30593729019165,,,
150,27179,,,,,,,-2.5540060997009277,1.5887490510940552,4.616737365722656
151,27199,,,,-2.4528136253356934,1.7997277975082397,5.640355587005615,,,
151,27249,,,,-2.5039236545562744,1.655029058456421,5.014139652252197,,,
151,27299,,,,-2.506683588027954,1.7997263669967651,4.9823760986328125,,,
151,27349,,,,-2.4646902084350586,1.8113371133804321,5.4881978034973145,,,
151,27359,,,,,,,-2.5393424034118652,1.609047532081604,4.777095317840576
152,27399,,,,-2.424684762954712,1.930522084236145,6.017764568328857,,,
152,27449,,,,-2.5558462142944336,1.6072978973388672,4.449118614196777,,,
152,27499,,,,-2.5850093364715576,1.5978610515594482,4.160165309906006,,,
152,27539,,,,,,,-2.511850118637085,1.6856712102890015,5.079874515533447
153,27549,,,,-2.6173648834228516,1.5110102891921997,3.8614912033081055,,,
153,27599,,,,-2.625476837158203,1.457940697669983,3.7900331020355225,,,
153,27649,,,,-2.61832857131958,1.550732135772705,3.852933645248413,,,
153,27699,,,,-2.753368616104126,1.3110238313674927,2.8232643604278564,,,
153,27719,,,,,,,-2.4088027477264404,1.9403852224349976,6.436522960662842
154,27749,,,,-2.5858914852142334,1.6291732788085938,4.151723861694336,,,
154,27799,,,,-2.4339818954467773,1.9134581089019775,5.8903093338012695,,,
154,27849,,,,-2.7356789112091064,1.341626524925232,2.9406349658966064,,,
154,27899,,,,-2.407832384109497,1.8323349952697754,6.255871295928955,,,
154,27899,,,,,,,-2.518402576446533,1.6561341285705566,5.034249305725098
155,27949,,,,-2.548466444015503,1.6465708017349243,4.525365829467773,,,
155,27999,,,,-2.258126974105835,2.221813201904297,8.830655097961426,,,
155,28049,,,,-2.711374282836914,1.335811972618103,3.1098949909210205,,,
155,28079,,,,,,,-2.4390602111816406,1.8506778478622437,6.052022457122803
156,28099,,,,-2.2672107219696045,2.2830886840820312,8.647872924804688,,,
156,28149,,,,-2.634212017059326,1.4743252992630005,3.7145655155181885,,,
156,28199,,,,-2.4385523796081543,1.8693379163742065,5.828647613525391,,,
156,28249,,,,-2.5226573944091797,1.684713363647461,4.802445888519287,,,
156,28259,,,,,,,-2.5465314388275146,1.5984269380569458,4.681958198547363
157,28299,,,,-2.264280080795288,2.243208408355713,8.706427574157715,,,
157,28349,,,,-2.5967085361480713,1.532766580581665,4.049593448638916,,,
157,28399,,,,-2.4408998489379883,1.834862470626831,5.797224521636963,,,
157,28439,,,,,,,-2.475119113922119,1.7618249654769897,5.4901347160339355
158,28449,,,,-2.381150007247925,2.072542428970337,6.6522698402404785,,,
158,28499,,,,-2.2576587200164795,2.421651601791382,8.84018611907959,,,
158,28549,,,,-2.4926974773406982,1.7155377864837646,5.14544153213501,,,
158,28599,,,,-2.613941192626953,1.5145487785339355,3.892054319381714,,,
158,28619,,,,,,,-2.5006654262542725,1.7275513410568237,5.227115631103516
159,28649,,,,-2.4651098251342773,1.8690223693847656,5.482897758483887,,,
159,28699,,,,-2.637580633163452,1.502548336982727,3.685865640640259,,,
159,28749,,,,-2.5419206619262695,1.6505268812179565,4.594089031219482,,,
159,28799,,,,-2.527419090270996,1.777686595916748,4.750080585479736,,,
159,28799,,,,,,,-2.4386956691741943,1.892722487449646,5.973474979400635
160,28849,,,,-2.6540913581848145,1.42897367477417,3.5483691692352295,,,
160,28899,,,,-2.703660488128662,1.3948912620544434,3.1656253337860107,,,
160,28949,,,,-2.603421926498413,1.4687879085540771,3.9874765872955322,,,
160,28979,,,,,,,-2.528475761413574,1.643776535987854,4.91512393951416
161,28999,,,,-2.643144369125366,1.4101084470748901,3.638946771621704,,,
161,29049,,,,-2.4425034523010254,1.759141445159912,5.775857448577881,,,
161,29099,,,,-2.665682077407837,1.482883334159851,3.4549200534820557,,,
161,29149,,,,-2.602149724960327,1.5853301286697388,3.999173402786255,,,
161,29159,,,,,,,-2.4288198947906494,1.884554147720337,6.230971813201904
162,29199,,,,-2.335594892501831,1.9570573568344116,7.387969017028809,,,
162,29249,,,,-2.661285638809204,1.3966550827026367,3.4900734424591064,,,
162,29299,,,,-2.6476454734802246,1.4425699710845947,3.6014273166656494,,,
162,29339,,,,,,,-2.5596585273742676,1.5847421884536743,4.5249176025390625
163,29349,,,,-2.696603298187256,1.3898494243621826,3.21748685836792,,,
163,29399,,,,-2.3109400272369385,2.1485276222229004,7.81951904296875,,,
163,29449,,,,-2.6095356941223145,1.5360149145126343,3.9317359924316406,,,
163,29499,,,,-2.5566227436065674,1.6300346851348877,4.441169261932373,,,
163,29519,,,,,,,-2.3772568702697754,2.0378661155700684,6.84561014175415
164,29549,,,,-2.601947784423828,1.5114123821258545,4.001033782958984,,,
164,29599,,,,-2.7001941204071045,1.388471245765686,3.1909940242767334,,,
164,29649,,,,-2.6026017665863037,1.5383542776107788,3.9950132369995117,,,
164,29699,,,,-2.6145102977752686,1.5266114473342896,3.886957883834839,,,
164,29699,,,,,,,-2.530667781829834,1.639765977859497,4.872364044189453
165,29749,,,,-2.1278629302978516,2.502490997314453,11.919477462768555,,,
165,29799,,,,-2.7622082233428955,1.2193042039871216,2.7663795948028564,,,
165,29849,,,,-2.531597137451172,1.6650214195251465,4.704601764678955,,,
165,29879,,,,,,,-2.540951728820801,1.6216285228729248,4.790455341339111
166,29899,,,,-2.4744884967803955,1.775382399559021,5.365764141082764,,,
166,29949,,,,-2.491194009780884,1.8115017414093018,5.163283348083496,,,
166,29999,,,,-2.6314213275909424,1.4495010375976562,3.7385106086730957,,,
166,30049,,,,-2.6555933952331543,1.4405601024627686,3.536118507385254,,,
166,30059,,,,,,,-2.5458240509033203,1.614387035369873,4.684494495391846
167,30099,,,,-2.2916271686553955,2.2401185035705566,8.175097465515137,,,
167,30149,,,,-2.568507194519043,1.4797289371490479,4.321285247802734,,,
167,30199,,,,-2.487032413482666,1.7607406377792358,5.212998390197754,,,
167,30239,,,,,,,-2.5253357887268066,1.658178687095642,4.891114711761475
168,30249,,,,-2.8043885231018066,1.2378511428833008,2.510334014892578,,,
168,30299,,,,-2.759687662124634,1.2641081809997559,2.782482624053955,,,
168,30349,,,,-2.5124857425689697,1.6527811288833618,4.916254043579102,,,
168,30399,,,,-2.325490951538086,2.10825777053833,7.56187105178833,,,
168,30419,,,,,,,-1.6371890306472778,4.7166290283203125,37.867977142333984
169,30449,,,,-2.4237773418426514,1.7777035236358643,6.030350685119629,,,
169,30499,,,,-2.512422800064087,1.7252177000045776,4.916966438293457,,,
169,30549,,,,-2.588411808013916,1.5322717428207397,4.127701759338379,,,
169,30599,,,,-2.5165696144104004,1.6972110271453857,4.870240211486816,,,
169,30599,,,,,,,-2.413404703140259,1.9067069292068481,6.307877063751221
170,30649,,,,-2.632122755050659,1.4869589805603027,3.732478380203247,,,
170,30699,,,,-2.660975933074951,1.440096378326416,3.4925615787506104,,,
170,30749,,,,-2.7122392654418945,1.349151372909546,3.1037068367004395,,,
170,30779,,,,,,,-2.5853488445281982,1.5375159978866577,4.286442756652832
171,30799,,,,-2.423020839691162,1.925957202911377,6.040864944458008,,,
171,30849,,,,-2.3184335231781006,2.0043838024139404,7.685755252838135,,,
171,30899,,,,-2.62485408782959,1.410582423210144,3.7954745292663574,,,
171,30949,,,,-2.318753719329834,2.1248748302459717,7.680091857910156,,,
171,30959,,,,,,,-2.5020554065704346,1.7108687162399292,5.18764066696167
172,30999,,,,-2.266857385635376,2.3825933933258057,8.6549072265625,,,
172,31049,,,,-2.6681408882141113,1.4769744873046875,3.4354135990142822,,,
172,31099,,,,-2.619347095489502,1.5184575319290161,3.8439080715179443,,,
172,31139,,,,,,,-2.442314863204956,1.8254234790802002,5.94994592666626
173,31149,,,,-2.6303834915161133,1.5080764293670654,3.747455596923828,,,
173,31199,,,,-2.7249627113342285,1.336817979812622,3.0140976905822754,,,
173,31249,,,,-2.619152784347534,1.487687110900879,3.8456273078918457,,,
173,31299,,,,-2.0969855785369873,2.4381561279296875,12.797775268554688,,,
173,31319,,,,,,,-2.521684169769287,1.6762067079544067,4.9375996589660645
174,31349,,,,-2.4488792419433594,1.7565428018569946,5.691686630249023,,,
174,31399,,,,-2.485373020172119,1.74087655544281,5.232955455780029,,,
174,31449,,,,-2.464797019958496,1.8475146293640137,5.486849784851074,,,
174,31499,,,,-2.5905168056488037,1.520783543586731,4.107743740081787,,,
174,31499,,,,,,,-2.542308807373047,1.6137430667877197,4.711415767669678
175,31549,,,,-2.3263986110687256,1.7932548522949219,7.546080112457275,,,
175,31599,,,,-2.5380051136016846,1.6104341745376587,4.635695934295654,,,
175,31649,,,,-2.271331548690796,2.2925162315368652,8.566205024719238,,,
175,31679,,,,,,,-2.3954648971557617,1.9118456840515137,6.591899871826172
176,31699,,,,-2.727877616882324,1.3641303777694702,2.9939353466033936,,,
176,31749,,,,-2.5497899055480957,1.6523867845535278,4.511594772338867,,,
176,31799,,,,-2.023937463760376,2.9375925064086914,15.141979217529297,,,
176,31849,,,,-2.6243507862091064,1.4908709526062012,3.7998743057250977,,,
176,31859,,,,,,,-2.501938819885254,1.672189474105835,5.27681827545166
177,31899,,,,-2.543285846710205,1.7090188264846802,4.579669952392578,,,
177,31949,,,,-2.6611251831054688,1.388373613357544,3.491360664367676,,,
177,31999,,,,-2.711376667022705,1.3438557386398315,3.109877347946167,,,
177,32039,,,,,,,-2.5584330558776855,1.5878657102584839,4.554095268249512
178,32049,,,,-2.572721242904663,1.588337779045105,4.279558181762695,,,
178,32099,,,,-2.57016658782959,1.4897931814193726,4.304802894592285,,,
178,32149,,,,-2.6019058227539062,1.5049433708190918,4.001420974731445,,,
178,32199,,,,-2.543217182159424,1.6118056774139404,4.580394268035889,,,
178,32219,,,,,,,-2.5742363929748535,1.548278570175171,4.441479206085205
179,32249,,,,-2.525664806365967,1.6453615427017212,4.769307613372803,,,
179,32299,,,,-2.5168349742889404,1.6686041355133057,4.867265224456787,,,
179,32349,,,,-2.4563395977020264,1.786475658416748,5.5947465896606445,,,
179,32399,,,,-2.4586942195892334,1.8003275394439697,5.56449556350708,,,
179,32399,,,,,,,-2.3949196338653564,1.9403395652770996,6.570977210998535
180,32449,,,,-2.5607728958129883,1.6218235492706299,4.398930072784424,,,
180,32499,,,,-2.476844549179077,1.700291395187378,5.336734771728516,,,
180,32549,,,,-2.5130887031555176,1.6698116064071655,4.9094319343566895,,,
180,32579,,,,,,,-2.550814151763916,1.596190333366394,4.647322654724121
181,32599,,,,-2.605623960494995,1.5106672048568726,3.9673099517822266,,,
181,32649,,,,-2.7423291206359863,1.3544505834579468,2.895949363708496,,,
181,32699,,,,-2.433399200439453,1.8897258043289185,5.898220539093018,,,
181,32749,,,,-2.5374388694763184,1.7017849683761597,4.641743183135986,,,
181,32759,,,,,,,-2.465423822402954,1.7779475450515747,5.6390485763549805
182,32799,,,,-2.7722203731536865,1.2918970584869385,2.703334093093872,,,
182,32849,,,,-2.608785390853882,1.5291023254394531,3.9385344982147217,,,
182,32899,,,,-2.672276735305786,1.3459612131118774,3.4028537273406982,,,
182,32939,,,,,,,-2.5238394737243652,1.676283597946167,4.906397819519043
183,32949,,,,-2.720743179321289,1.3625494241714478,3.043525218963623,,,
183,32999,,,,-2.570528030395508,1.6191095113754272,4.301223278045654,,,
183,33049,,,,-2.566814422607422,1.646092414855957,4.338161468505859,,,
183,33099,,,,-2.3711142539978027,2.085277557373047,6.807784557342529,,,
183,33119,,,,,,,-2.578266143798828,1.5443261861801147,4.373544216156006
184,33149,,,,-2.713869333267212,1.3638560771942139,3.0920796394348145,,,
184,33199,,,,-2.367548942565918,2.051105260848999,6.863903999328613,,,
184,33249,,,,-2.5933468341827393,1.4857608079910278,4.081061363220215,,,
184,33299,,,,-2.6345982551574707,1.4520081281661987,3.7112624645233154,,,
184,33299,,,,,,,-2.4701285362243652,1.7753711938858032,5.628942012786865
185,33349,,,,-2.49495005607605,1.7311551570892334,5.118821144104004,,,
185,33399,,,,-2.561406373977661,1.60501229763031,4.392517566680908,,,
185,33449,,,,-2.510939359664917,1.6434022188186646,4.933789253234863,,,
185,33479,,,,,,,-2.57930850982666,1.5592976808547974,4.366974353790283
186,33499,,,,-2.7521281242370605,1.288220763206482,2.831339120864868,,,
186,33549,,,,-2.6124844551086426,1.4858837127685547,3.9051315784454346,,,
186,33599,,,,-2.581325054168701,1.590802550315857,4.195610046386719,,,
186,33649,,,,-2.54512095451355,1.6312425136566162,4.560360908508301,,,
186,33659,,,,,,,-2.5543129444122314,1.596956491470337,4.581552505493164
187,33699,,,,-2.417835235595703,1.8615649938583374,6.113428592681885,,,
187,33749,,,,-2.6504387855529785,1.4111005067825317,3.578336477279663,,,
187,33799,,,,-2.6128199100494385,1.5708978176116943,3.9021153450012207,,,
187,33839,,,,,,,-2.5928795337677,1.52788507938385,4.20210599899292
188,33849,,,,-2.4020814895629883,1.7953474521636963,6.339261054992676,,,
188,33899,,,,-2.644641637802124,1.4300174713134766,3.6264216899871826,,,
188,33949,,,,-2.7086610794067383,1.4041661024093628,3.1293857097625732,,,
188,33999,,,,-2.5641889572143555,1.511934757232666,4.364466190338135,,,
188,34019,,,,,,,-2.5598151683807373,1.5827083587646484,4.575794696807861
189,34049,,,,-2.4579062461853027,1.6062989234924316,5.574599742889404,,,
189,34099,,,,-2.614126682281494,1.449191689491272,3.890392780303955,,,
189,34149,,,,-2.4329512119293213,1.8988209962844849,5.9043073654174805,,,
189,34199,,,,-2.334761619567871,1.87114417552948,7.402161598205566,,,
189,34199,,,,,,,-2.5354554653167725,1.642971158027649,4.779263019561768
190,34249,,,,-2.7289717197418213,1.3445849418640137,2.9864025115966797,,,
190,34299,,,,-2.5322506427764893,1.713986873626709,4.697528839111328,,,
190,34349,,,,-2.438814401626587,1.743550181388855,5.82512903213501,,,
190,34379,,,,,,,-2.529435157775879,1.642612099647522,4.893919467926025
191,34399,,,,-2.5509374141693115,1.6356761455535889,4.499690532684326,,,
191,34449,,,,-2.7468650341033936,1.2570719718933105,2.8658604621887207,,,
191,34499,,,,-2.4792118072509766,1.7620257139205933,5.30772066116333,,,
191,34549,,,,-2.62864089012146,1.5295597314834595,3.762523889541626,,,
191,34559,,,,,,,-2.5904476642608643,1.5104005336761475,4.283914089202881
192,34599,,,,-2.749768018722534,1.2925491333007812,2.846768617630005,,,
192,34649,,,,-2.6168744564056396,1.5057562589645386,3.865854263305664,,,
192,34699,,,,-2.6526365280151367,1.493428349494934,3.5602753162384033,,,
192,34739,,,,,,,-2.4673287868499756,1.7930045127868652,5.565094470977783
193,34749,,,,-2.548692226409912,1.6269053220748901,4.523011684417725,,,
193,34799,,,,-2.4027419090270996,1.6762861013412476,6.329629421234131,,,
193,34849,,,,-2.5619516372680664,1.6192013025283813,4.387009620666504,,,
193,34899,,,,-2.6372766494750977,1.5594974756240845,3.688445568084717,,,
193,34919,,,,,,,-2.507004499435425,1.7050092220306396,5.092175483703613
194,34949,,,,-2.4982893466949463,1.6318531036376953,5.079614162445068,,,
194,34999,,,,-2.4952709674835205,1.7330520153045654,5.115042209625244,,,
194,35049,,,,-2.526514768600464,1.5920823812484741,4.759983062744141,,,
194,35099,,,,-2.449312210083008,1.8042895793914795,5.6860127449035645,,,
194,35099,,,,,,,-2.4792520999908447,1.731496810913086,5.526673793792725
195,35149,,,,-2.475796937942505,1.7551493644714355,5.349620342254639,,,
195,35199,,,,-2.64115834236145,1.4562431573867798,3.655625820159912,,,
195,35249,,,,-2.3912320137023926,1.7852407693862915,6.4996209144592285,,,
195,35279,,,,,,,-2.387638568878174,1.9569571018218994,6.931299686431885
196,35299,,,,-2.7662365436553955,1.2679784297943115,2.7408387660980225,,,
196,35349,,,,-2.7880606651306152,1.2517319917678833,2.6065099239349365,,,
196,35399,,,,-2.6349825859069824,1.4927375316619873,3.707979917526245,,,
196,35449,,,,-2.54957914352417,1.608903169631958,4.513786315917969,,,
196,35459,,,,,,,-2.550725221633911,1.6055434942245483,4.624188423156738
197,35499,,,,-2.5114006996154785,1.7130838632583618,4.928552150726318,,,
197,35549,,,,-2.6636171340942383,1.4314966201782227,3.471386432647705,,,
197,35599,,,,-2.6209442615509033,1.5158814191818237,3.82979679107666,,,
197,35639,,,,,,,-2.557847261428833,1.5941166877746582,4.582021713256836
198,35649,,,,-2.323120594024658,2.0789635181427,7.60325288772583,,,
198,35699,,,,-2.4154694080352783,1.8471262454986572,6.146820068359375,,,
198,35749,,,,-2.670973539352417,1.426345944404602,3.4130804538726807,,,
198,35799,,,,-2.459048271179199,1.7577346563339233,5.559961795806885,,,
198,35819,,,,,,,-2.5949606895446777,1.5076388120651245,4.192154407501221
199,35849,,,,-2.8075976371765137,1.2067310810089111,2.4918534755706787,,,
199,35899,,,,-2.6486470699310303,1.5013269186019897,3.593130111694336,,,
199,35949,,,,-2.261741876602173,2.471573829650879,8.757461547851562,,,
199,35999,,,,-2.891462564468384,1.1010332107543945,2.0542702674865723,,,
199,35999,,,,,,,-2.589681625366211,1.5283454656600952,4.260525703430176
200,36049,,,,-2.4402687549591064,1.8860485553741455,5.8056535720825195,,,
200,36099,,,,-2.6000802516937256,1.5604581832885742,4.018275260925293,,,
200,36149,,,,-2.69899320602417,1.406107783317566,3.199828863143921,,,
200,36179,,,,,,,-2.5882294178009033,1.5159757137298584,4.308507919311523
201,36199,,,,-2.4972150325775146,1.7109884023666382,5.092193603515625,,,
201,36249,,,,-2.586843490600586,1.5556405782699585,4.142635345458984,,,
201,36299,,,,-2.5820224285125732,1.5685707330703735,4.188876152038574,,,
201,36349,,,,-2.1568524837493896,2.012420654296875,11.149813652038574,,,
201,36359,,,,,,,-2.523073434829712,1.7037885189056396,4.935186862945557
202,36399,,,,-2.739741563796997,1.2966954708099365,2.913255453109741,,,
202,36449,,,,-2.5870583057403564,1.5493324995040894,4.140585899353027,,,
202,36499,,,,-2.7773945331573486,1.2342839241027832,2.671318292617798,,,
202,36539,,,,,,,-2.5008413791656494,1.6843479871749878,5.2712082862854
203,36549,,,,-2.948561429977417,1.0191246271133423,1.801186203956604,,,
203,36599,,,,-2.7696423530578613,1.2663201093673706,2.7194292545318604,,,
203,36649,,,,-2.493131637573242,1.7731887102127075,5.140298366546631,,,
203,36699,,,,-2.907780408859253,1.0645743608474731,1.9785165786743164,,,
203,36719,,,,,,,-2.4667882919311523,1.8064911365509033,5.622129917144775
204,36749,,,,-2.7302310466766357,1.2685048580169678,2.977754831314087,,,
204,36799,,,,-2.4649672508239746,1.7048734426498413,5.484696865081787,,,
204,36849,,,,-2.7388148307800293,1.4282753467559814,2.919478416442871,,,
204,36899,,,,-2.6856627464294434,1.3886897563934326,3.299570083618164,,,
204,36899,,,,,,,-2.511148452758789,1.686584234237671,5.108285903930664
205,36949,,,,-2.8960115909576416,1.0707018375396729,2.0328638553619385,,,
205,36999,,,,-2.636941432952881,1.5456758737564087,3.6912949085235596,,,
205,37049,,,,-2.509173631668091,1.7040866613388062,4.953892230987549,,,
205,37079,,,,,,,-2.4745445251464844,1.7497273683547974,5.544841766357422
206,37099,,,,-2.7580840587615967,1.2609541416168213,2.7927744388580322,,,
206,37149,,,,-2.6410937309265137,1.4314250946044922,3.656170129776001,,,
206,37199,,,,-2.755530595779419,1.212727427482605,2.809244394302368,,,
206,37249,,,,-2.665699005126953,1.413826584815979,3.4547855854034424,,,
206,37259,,,,,,,-2.5828568935394287,1.5216766595840454,4.345946788787842
207,37299,,,,-2.6336019039154053,1.447128415107727,3.7197887897491455,,,
207,37349,,,,-2.5804619789123535,1.6134498119354248,4.203956604003906,,,
207,37399,,,,-2.540254831314087,1.6471800804138184,4.611745357513428,,,
207,37439,,,,,,,-2.5929319858551025,1.5184438228607178,4.212038040161133
208,37449,,,,-2.665827751159668,1.4486438035964966,3.4537606239318848,,,
208,37499,,,,-2.7567272186279297,1.3071460723876953,2.801513910293579,,,
208,37549,,,,-2.6162564754486084,1.483826994895935,3.87135910987854,,,
208,37599,,,,-2.6681342124938965,1.4350124597549438,3.435467481613159,,,
208,37619,,,,,,,-2.434408664703369,1.8556495904922485,6.142523765563965
209,37649,,,,-2.5660905838012695,1.6615298986434937,4.345396518707275,,,
209,37699,,,,-2.6061534881591797,1.4969550371170044,3.962475299835205,,,
209,37749,,,,-2.565419912338257,1.5050268173217773,4.352114677429199,,,
209,37799,,,,-2.395676851272583,1.9407862424850464,6.433438301086426,,,
209,37799,,,,,,,-2.4940969944000244,1.7407522201538086,5.316859722137451
210,37849,,,,-2.3012008666992188,2.217850923538208,7.996851444244385,,,
210,37899,,,,-2.531583070755005,1.768714427947998,4.70475435256958,,,
210,37949,,,,-2.832685708999634,1.1659862995147705,2.3519835472106934,,,
210,37979,,,,,,,-2.2911088466644287,2.166804075241089,8.652161598205566
211,37999,,,,-2.686173439025879,1.4051796197891235,3.2956929206848145,,,
211,38049,,,,-2.4813730716705322,1.7267873287200928,5.281375885009766,,,
211,38099,,,,-2.691131114959717,1.4484444856643677,3.2582836151123047,,,
211,38149,,,,-2.658506393432617,1.3366684913635254,3.5124778747558594,,,
211,38159,,,,,,,-2.4572207927703857,1.7956064939498901,5.896542549133301
212,38199,,,,-2.5200917720794678,1.7299208641052246,4.830903053283691,,,
212,38249,,,,-2.5203731060028076,1.7290620803833008,4.827775001525879,,,
212,38299,,,,-2.4986205101013184,1.7222641706466675,5.075742244720459,,,
212,38339,,,,,,,-2.5427439212799072,1.6214523315429688,4.747307300567627
213,38349,,,,-2.7212884426116943,1.312254786491394,3.039707660675049,,,
213,38399,,,,-2.9296414852142334,1.0886751413345337,1.8813893795013428,,,
213,38449,,,,-2.7988345623016357,1.256135106086731,2.5426440238952637,,,
213,38499,,,,-2.4767823219299316,1.7797819375991821,5.337498664855957,,,
213,38519,,,,,,,-2.4786739349365234,1.7340093851089478,5.476622581481934
214,38549,,,,-2.596250534057617,1.5068035125732422,4.053868293762207,,,
214,38599,,,,-2.7822341918945312,1.2233946323394775,2.6417148113250732,,,
214,38649,,,,-2.633636713027954,1.449415922164917,3.7194888591766357,,,
214,38699,,,,-2.677422046661377,1.4049371480941772,3.362776756286621,,,
214,38699,,,,,,,-2.5538949966430664,1.5999966859817505,4.568606376647949
215,38749,,,,-2.6536953449249268,1.4528297185897827,3.5516059398651123,,,
215,38799,,,,-2.634843349456787,1.4472661018371582,3.70917010307312,,,
215,38849,,,,-2.1256463527679443,2.678452730178833,11.980463027954102,,,
215,38879,,,,,,,-2.5906357765197754,1.5060832500457764,4.335766792297363
216,38899,,,,-2.7088518142700195,1.2939742803573608,3.12801194190979,,,
216,38949,,,,-2.5296525955200195,1.5978292226791382,4.725712299346924,,,
216,38999,,,,-2.7209842205047607,1.3429292440414429,3.0418362617492676,,,
216,39049,,,,-2.5195093154907227,1.7046316862106323,4.837385177612305,,,
216,39059,,,,,,,-2.59735369682312,1.5025808811187744,4.1847052574157715
217,39099,,,,-2.7644054889678955,1.2570786476135254,2.7524189949035645,,,
217,39149,,,,-2.7441389560699463,1.2501252889633179,2.8839049339294434,,,
217,39199,,,,-2.5931382179260254,1.5447745323181152,4.083021640777588,,,
217,39239,,,,,,,-2.3528857231140137,2.0349204540252686,7.352104663848877
218,39249,,,,-2.787753105163574,1.2669068574905396,2.608355760574341,,,
218,39299,,,,-2.6212456226348877,1.4871684312820435,3.827139377593994,,,
218,39349,,,,-2.646449089050293,1.488299012184143,3.611361265182495,,,
218,39399,,,,-2.423215627670288,1.7035634517669678,6.038158893585205,,,
218,39419,,,,,,,-2.6006808280944824,1.5219310522079468,4.117525100708008
219,39449,,,,-2.551654577255249,1.5095548629760742,4.492265701293945,,,
219,39499,,,,-2.758702278137207,1.25155508518219,2.7888026237487793,,,
219,39549,,,,-2.597768545150757,1.527791142463684,4.039721965789795,,,
219,39599,,,,-2.806239128112793,1.221001386642456,2.499659776687622,,,
219,39599,,,,,,,-2.611097812652588,1.4982011318206787,4.022332191467285
220,39649,,,,-2.6707117557525635,1.3709654808044434,3.4151382446289062,,,
220,39699,,,,-2.520716905593872,1.655824899673462,4.823955059051514,,,
220,39749,,,,-2.6350386142730713,1.483219861984253,3.7075018882751465,,,
220,39779,,,,,,,-2.586432456970215,1.5297924280166626,4.281003475189209
221,39799,,,,-2.5715384483337402,1.5350531339645386,4.291228771209717,,,
221,39849,,,,-2.504549741744995,1.623909592628479,5.0069169998168945,,,
221,39899,,,,-2.660540819168091,1.432904839515686,3.496063232421875,,,
221,39949,,,,-2.632007122039795,1.4829858541488647,3.733473300933838,,,
221,39959,,,,,,,-2.548428535461426,1.605857014656067,4.735565662384033
222,39999,,,,-2.597447156906128,1.5214331150054932,4.0427117347717285,,,
222,40049,,,,-2.4915621280670166,1.799738883972168,5.158908367156982,,,
222,40099,,,,-2.5981688499450684,1.5667718648910522,4.035999774932861,,,
222,40139,,,,,,,-2.244281053543091,2.4249727725982666,9.321118354797363
223,40149,,,,-2.5518076419830322,1.581418752670288,4.4906816482543945,,,
223,40199,,,,-2.7388203144073486,1.314921498298645,2.919442653656006,,,
223,40249,,,,-2.602245807647705,1.4846034049987793,3.9982893466949463,,,
223,40299,,,,-2.6455743312835693,1.473349928855896,3.6186416149139404,,,
223,40319,,,,,,,-2.635812997817993,1.4230493307113647,3.8588905334472656
224,40349,,,,-2.809333086013794,1.2142030000686646,2.4819161891937256,,,
224,40399,,,,-2.8567616939544678,1.122655987739563,2.225144863128662,,,
224,40449,,,,-2.6613352298736572,1.4874762296676636,3.4896738529205322,,,
224,40499,,,,-2.9643330574035645,1.0128653049468994,1.7369489669799805,,,
224,40499,,,,,,,-2.626530408859253,1.4333463907241821,3.9347126483917236
225,40549,,,,-2.7337076663970947,1.2780735492706299,2.9540135860443115,,,
225,40599,,,,-2.6637773513793945,1.443363904953003,3.470104932785034,,,
225,40649,,,,-2.806806802749634,1.2071506977081299,2.4963934421539307,,,
225,40679,,,,,,,-2.594583749771118,1.5196833610534668,4.187208652496338
226,40699,,,,-2.6884453296661377,1.3401652574539185,3.2784969806671143,,,
226,40749,,,,-2.625730514526367,1.5050729513168335,3.78782057762146,,,
226,40799,,,,-2.628776788711548,1.4405848979949951,3.761345148086548,,,
226,40849,,,,-2.6438682079315186,1.4331369400024414,3.632887125015259,,,
226,40859,,,,,,,-2.5884885787963867,1.516313910484314,4.224880695343018
227,40899,,,,-2.6889405250549316,1.4236929416656494,3.2747607231140137,,,
227,40949,,,,-2.787034749984741,1.2409827709197998,2.61267352104187,,,
227,40999,,,,-2.799022674560547,1.2358213663101196,2.5415420532226562,,,
227,41039,,,,,,,-2.6274478435516357,1.4448972940444946,3.9600720405578613
228,41049,,,,-2.785890579223633,1.2005552053451538,2.6195669174194336,,,
228,41099,,,,-2.7974202632904053,1.2326388359069824,2.5509374141693115,,,
228,41149,,,,-2.7765276432037354,1.2645838260650635,2.6766555309295654,,,
228,41199,,,,-2.762051582336426,1.2884522676467896,2.767378330230713,,,
228,41219,,,,,,,-2.6513350009918213,1.4072155952453613,3.708909034729004
229,41249,,,,-2.658215284347534,1.388561725616455,3.514833688735962,,,
229,41299,,,,-2.5100228786468506,1.6148326396942139,4.944214344024658,,,
229,41349,,,,-2.804415225982666,1.2013920545578003,2.5101795196533203,,,
229,41399,,,,-2.7425060272216797,1.2422380447387695,2.8947699069976807,,,
229,41399,,,,,,,-2.574723482131958,1.5550488233566284,4.401683807373047
230,41449,,,,-2.7405378818511963,1.27410888671875,2.907918930053711,,,
230,41499,,,,-2.769085645675659,1.2253682613372803,2.722916841506958,,,
230,41549,,,,-2.707364082336426,1.3868567943572998,3.138744831085205,,,
230,41579,,,,,,,-2.519789695739746,1.6833857297897339,4.951013088226318
231,41599,,,,-2.627615213394165,1.5086917877197266,3.771420478820801,,,
231,41649,,,,-2.7814857959747314,1.2640537023544312,2.6462700366973877,,,
231,41699,,,,-2.6673524379730225,1.395857810974121,3.4416582584381104,,,
231,41749,,,,-2.7926270961761475,1.2644016742706299,2.579246997833252,,,
231,41759,,,,,,,-2.6112468242645264,1.4791173934936523,4.042470932006836
232,41799,,,,-2.2799534797668457,2.188401222229004,8.397817611694336,,,
232,41849,,,,-2.769714593887329,1.3054159879684448,2.7189769744873047,,,
232,41899,,,,-2.562905788421631,1.6432161331176758,4.377379417419434,,,
232,41939,,,,,,,-2.623065710067749,1.4625933170318604,3.949857473373413
233,41949,,,,-2.7683329582214355,1.2826502323150635,2.72763991355896,,,
233,41999,,,,-2.6660046577453613,1.435482382774353,3.4523539543151855,,,
233,42049,,,,-2.6281678676605225,1.4573578834533691,3.7666232585906982,,,
233,42099,,,,-2.7654330730438232,1.216681957244873,2.7459144592285156,,,
233,42119,,,,,,,-2.537921667098999,1.6410133838653564,4.858022689819336
234,42149,,,,-2.4968667030334473,1.7451454401016235,5.096280574798584,,,
234,42199,,,,-2.7517783641815186,1.316782832145691,2.833620309829712,,,
234,42249,,,,-2.5302977561950684,1.6182059049606323,4.7186994552612305,,,
234,42299,,,,-2.6345460414886475,1.5215625762939453,3.7117083072662354,,,
234,42299,,,,,,,-2.5628790855407715,1.5823485851287842,4.522228240966797
235,42349,,,,-2.597476005554199,1.6317318677902222,4.042444705963135,,,
235,42399,,,,-2.6808488368988037,1.4122267961502075,3.3363468647003174,,,
235,42449,,,,-2.697906017303467,1.3230087757110596,3.2078492641448975,,,
235,42479,,,,,,,-2.464054584503174,1.7618346214294434,5.752592086791992
236,42499,,,,-2.5305333137512207,1.6550644636154175,4.716139316558838,,,
236,42549,,,,-2.5154035091400146,1.7006195783615112,4.883333683013916,,,
236,42599,,,,-2.719693660736084,1.3536334037780762,3.050888776779175,,,
236,42649,,,,-2.7594616413116455,1.2890549898147583,2.7839293479919434,,,
236,42659,,,,,,,-2.5218887329101562,1.7288354635238647,4.942180156707764
237,42699,,,,-2.695185422897339,1.3784542083740234,3.228008985519409,,,
237,42749,,,,-2.7900185585021973,1.2987120151519775,2.5947861671447754,,,
237,42799,,,,-2.6926615238189697,1.3491153717041016,3.2468223571777344,,,
237,42839,,,,,,,-2.601997137069702,1.4822782278060913,4.151909828186035
238,42849,,,,-2.612962007522583,1.492763638496399,3.900838851928711,,,
238,42899,,,,-2.760047435760498,1.2180320024490356,2.780177354812622,,,
238,42949,,,,-2.763087272644043,1.2045366764068604,2.7607855796813965,,,
238,42999,,,,-2.6941378116607666,1.35912024974823,3.235805034637451,,,
238,43019,,,,,,,-2.5949888229370117,1.4884408712387085,4.253670692443848
239,43049,,,,-2.439040422439575,1.854127287864685,5.822099208831787,,,
239,43099,,,,-2.7309303283691406,1.2746275663375854,2.972964286804199,,,
239,43149,,,,-2.726729393005371,1.3268407583236694,3.0018608570098877,,,
239,43199,,,,-2.660318374633789,1.4442330598831177,3.497854232788086,,,
239,43199,,,,,,,-2.4312632083892822,1.8271914720535278,6.18808650970459
240,43249,,,,-2.7461986541748047,1.2786767482757568,2.8702595233917236,,,
240,43299,,,,-2.6666946411132812,1.4799058437347412,3.446873664855957,,,
240,43349,,,,-2.7344534397125244,1.2903393507003784,2.948944568634033,,,
240,43379,,,,,,,-2.4976155757904053,1.7374000549316406,5.2790961265563965
241,43399,,,,-2.5420334339141846,1.6362870931625366,4.592896461486816,,,
241,43449,,,,-2.5318946838378906,1.6675699949264526,4.701381683349609,,,
241,43499,,,,-2.5670814514160156,1.6089203357696533,4.335493087768555,,,
241,43549,,,,-2.9035232067108154,1.1146942377090454,1.99800705909729,,,
241,43559,,,,,,,-2.63470721244812,1.4277061223983765,3.886129379272461
242,43599,,,,-2.568665027618408,1.5699201822280884,4.319713115692139,,,
242,43649,,,,-2.7875845432281494,1.267621397972107,2.609368085861206,,,
242,43699,,,,-2.472459077835083,1.8950291872024536,5.390898704528809,,,
242,43739,,,,,,,-2.4117398262023926,1.905696153640747,6.457815647125244
243,43749,,,,-2.7219185829162598,1.3479584455490112,3.0352985858917236,,,
243,43799,,,,-2.7106845378875732,1.3382160663604736,3.114837884902954,,,
243,43849,,,,-2.7807235717773438,1.249169945716858,2.650919198989868,,,
243,43899,,,,-2.8349268436431885,1.1444084644317627,2.339878559112549,,,
243,43919,,,,,,,-2.6173672676086426,1.4528697729110718,4.0443501472473145
244,43949,,,,-2.923065185546875,1.1015517711639404,1.9100948572158813,,,
244,43999,,,,-2.7639987468719482,1.2630894184112549,2.7549984455108643,,,
244,44049,,,,-2.8440654277801514,1.1841328144073486,2.2911558151245117,,,
244,44099,,,,-2.6254756450653076,1.4284775257110596,3.7900445461273193,,,
244,44099,,,,,,,-2.565192461013794,1.5623794794082642,4.479354381561279
245,44149,,,,-2.520071268081665,1.673744559288025,4.831130027770996,,,
245,44199,,,,-2.6936776638031006,1.3917673826217651,3.2392349243164062,,,
245,44249,,,,-2.7023766040802,1.3436640501022339,3.1749985218048096,,,
245,44279,,,,,,,-2.6082022190093994,1.4805574417114258,4.112040996551514
246,44299,,,,-2.8348641395568848,1.2016065120697021,2.3402152061462402,,,
246,44349,,,,-2.6112635135650635,1.6263484954833984,3.916126251220703,,,
246,44399,,,,-2.6432394981384277,1.5127894878387451,3.6381497383117676,,,
246,44449,,,,-2.811084032058716,1.1490510702133179,2.4719293117523193,,,
246,44459,,,,,,,-2.635000467300415,1.4364620447158813,3.8427231311798096
247,44499,,,,-2.699610471725464,1.390142798423767,3.1952853202819824,,,
247,44549,,,,-2.5929343700408936,1.651172161102295,4.084940433502197,,,
247,44599,,,,-2.690793037414551,1.3559505939483643,3.2608208656311035,,,
247,44639,,,,,,,-2.4127912521362305,1.9438068866729736,6.372581481933594
248,44649,,,,-2.4399116039276123,1.787083625793457,5.810431480407715,,,
248,44699,,,,-2.8971197605133057,1.0662907361984253,2.027683734893799,,,
248,44749,,,,-2.7644267082214355,1.2733954191207886,2.7522847652435303,,,
248,44799,,,,-2.6958086490631104,1.3288490772247314,3.223379135131836,,,
248,44819,,,,,,,-2.4328176975250244,1.8719960451126099,6.132308006286621
249,44849,,,,-2.7268500328063965,1.2815465927124023,3.001027822494507,,,
249,44899,,,,-2.605844259262085,1.5569268465042114,3.965298652648926,,,
249,44949,,,,-2.669589042663574,1.3678456544876099,3.423978090286255,,,
249,44999,,,,-2.6325278282165527,1.4657719135284424,3.7289979457855225,,,
249,44999,,,,,,,-2.614698886871338,1.4668458700180054,4.042176723480225
250,45049,,,,-2.762988328933716,1.1860504150390625,2.7614142894744873,,,
250,45099,,,,-2.5710413455963135,1.6634838581085205,4.296143054962158,,,
250,45149,,,,-2.772195816040039,1.2513844966888428,2.703486919403076,,,
250,45179,,,,,,,-2.573071002960205,1.5395690202713013,4.398375034332275
251,45199,,,,-2.732424736022949,1.3347615003585815,2.9627528190612793,,,
251,45249,,,,-2.7885687351226807,1.2493042945861816,2.6034624576568604,,,
251,45299,,,,-2.6148900985717773,1.4742125272750854,3.883558988571167,,,
251,45349,,,,-2.532744884490967,1.6786775588989258,4.692185401916504,,,
251,45359,,,,,,,-2.416435480117798,1.8898941278457642,6.341616630554199
252,45399,,,,-2.8338067531585693,1.1271004676818848,2.3459200859069824,,,
252,45449,,,,-2.623575210571289,1.4848886728286743,3.806666612625122,,,
252,45499,,,,-2.4264655113220215,1.720921516418457,5.993143081665039,,,
252,45539,,,,,,,-2.577815294265747,1.5555124282836914,4.334940433502197
253,45549,,,,-2.883829355239868,1.1117815971374512,2.0906944274902344,,,
253,45599,,,,-2.658151149749756,1.3710381984710693,3.5153539180755615,,,
253,45649,,,,-2.7507517337799072,1.3101141452789307,2.8403265476226807,,,
253,45699,,,,-2.5673911571502686,1.5764647722244263,4.332403659820557,,,
253,45719,,,,,,,-2.575209856033325,1.5631431341171265,4.423377990722656
254,45749,,,,-2.509192705154419,1.8364466428756714,4.953671932220459,,,
254,45799,,,,-2.7995805740356445,1.220292329788208,2.5382797718048096,,,
254,45849,,,,-2.7853729724884033,1.2253189086914062,2.6226906776428223,,,
254,45899,,,,-2.6226797103881836,1.5410243272781372,3.8145246505737305,,,
254,45899,,,,,,,-2.4809322357177734,1.739929437637329,5.517322540283203
255,45949,,,,-2.4920148849487305,1.5856029987335205,5.153534889221191,,,
255,45999,,,,-2.560673236846924,1.5193675756454468,4.399940490722656,,,
255,46049,,,,-2.9460346698760986,1.0546305179595947,1.81169593334198,,,
255,46079,,,,,,,-2.419685125350952,1.9188872575759888,6.218051910400391
256,46099,,,,-2.7245068550109863,1.34335196018219,3.0172622203826904,,,
256,46149,,,,-2.8148484230041504,1.2258501052856445,2.4505956172943115,,,
256,46199,,,,-2.712651014328003,1.3082811832427979,3.1007673740386963,,,
256,46249,,,,-2.6009466648101807,1.5451624393463135,4.0102691650390625,,,
256,46259,,,,,,,-2.6426191329956055,1.4083681106567383,3.836261510848999
257,46299,,,,-2.700800657272339,1.3784584999084473,3.1865413188934326,,,
257,46349,,,,-2.799691677093506,1.1859853267669678,2.537630081176758,,,
257,46399,,,,-2.7997915744781494,1.182099461555481,2.5370466709136963,,,
257,46439,,,,,,,-2.635854959487915,1.4293962717056274,3.80737566947937
258,46449,,,,-3.0155158042907715,0.927543044090271,1.5438472032546997,,,
258,46499,,,,-2.591379404067993,1.5593104362487793,4.099592208862305,,,
258,46549,,,,-2.8152453899383545,1.2211543321609497,2.448356866836548,,,
258,46599,,,,-2.70153546333313,1.3624123334884644,3.1811530590057373,,,
258,46619,,,,,,,-2.564889669418335,1.5646263360977173,4.515746593475342
259,46649,,,,-2.6929070949554443,1.280598521232605,3.244985818862915,,,
259,46699,,,,-2.686098575592041,1.3512028455734253,3.296259641647339,,,
259,46749,,,,-2.6910171508789062,1.3459560871124268,3.2591395378112793,,,
259,46799,,,,-2.799938917160034,1.2128829956054688,2.536186456680298,,,
259,46799,,,,,,,-2.5579099655151367,1.5799295902252197,4.619988441467285
260,46849,,,,-2.6830461025238037,1.384569525718689,3.3195106983184814,,,
260,46899,,,,-2.819178581237793,1.226574420928955,2.426283836364746,,,
260,46949,,,,-2.448089122772217,1.8049910068511963,5.702047824859619,,,
260,46979,,,,,,,-2.6245052814483643,1.4583710432052612,3.9455978870391846
261,46999,,,,-2.805673122406006,1.2180474996566772,2.502920150756836,,,
261,47049,,,,-2.668816328048706,1.436096429824829,3.4300758838653564,,,
261,47099,,,,-2.8713948726654053,1.1243888139724731,2.1514196395874023,,,
261,47149,,,,-2.9032161235809326,1.1144118309020996,1.9994189739227295,,,
261,47159,,,,,,,-2.5995609760284424,1.4901535511016846,4.171011924743652
262,47199,,,,-2.795789957046509,1.2680326700210571,2.5605309009552,,,
262,47249,,,,-2.8691446781158447,1.1216440200805664,2.1625962257385254,,,
262,47299,,,,-2.4627153873443604,1.8347837924957275,5.513211250305176,,,
262,47339,,,,,,,-2.6209473609924316,1.4590182304382324,3.964808940887451
263,47349,,,,-2.8629281520843506,1.1204496622085571,2.193774461746216,,,
263,47399,,,,-2.690666675567627,1.4418894052505493,3.2617692947387695,,,
263,47449,,,,-2.7009968757629395,1.3071746826171875,3.18510103225708,,,
263,47499,,,,-2.7496755123138428,1.3092777729034424,2.8473732471466064,,,
263,47519,,,,,,,-2.5314841270446777,1.6724505424499512,4.885763645172119
264,47549,,,,-2.698960065841675,1.3483549356460571,3.2000739574432373,,,
264,47599,,,,-2.5153896808624268,1.497756004333496,4.883490085601807,,,
264,47649,,,,-2.73884654045105,1.2771284580230713,2.9192652702331543,,,
264,47699,,,,-2.740044355392456,1.2680009603500366,2.911224126815796,,,
264,47699,,,,,,,-2.5894417762756348,1.5162384510040283,4.237224102020264
265,47749,,,,-2.607198476791382,1.5708550214767456,3.9529521465301514,,,
265,47799,,,,-2.6971287727355957,1.378962516784668,3.213595390319824,,,
265,47849,,,,-2.7578580379486084,1.189706563949585,2.794229507446289,,,
265,47879,,,,,,,-2.5493736267089844,1.5996932983398438,4.6951518058776855
266,47899,,,,-2.792757987976074,1.232164740562439,2.5784687995910645,,,
266,47949,,,,-2.7640562057495117,1.243796944618225,2.754634141921997,,,
266,47999,,,,-2.743745803833008,1.204778790473938,2.8865180015563965,,,
266,48049,,,,-2.801746129989624,1.1986377239227295,2.5256547927856445,,,
266,48059,,,,,,,-2.6430225372314453,1.4165363311767578,3.737243890762329
267,48099,,,,-2.788545846939087,1.2730337381362915,2.6035988330841064,,,
267,48149,,,,-2.8211405277252197,1.166885495185852,2.41534686088562,,,
267,48199,,,,-2.7694098949432373,1.2579830884933472,2.7208847999572754,,,
267,48239,,,,,,,-2.609513759613037,1.4751139879226685,4.094964027404785
268,48249,,,,-2.732281446456909,1.3122098445892334,2.9637298583984375,,,
268,48299,,,,-2.889843225479126,1.0809333324432373,2.061943292617798,,,
268,48349,,,,-2.8584065437316895,1.1412880420684814,2.216733694076538,,,
268,48399,,,,-2.79439640045166,1.224962830543518,2.5687615871429443,,,
268,48419,,,,,,,-2.616140604019165,1.4850049018859863,3.957711696624756
269,48449,,,,-2.6539251804351807,1.4868435859680176,3.5497257709503174,,,
269,48499,,,,-2.7109310626983643,1.3339473009109497,3.113069772720337,,,
269,48549,,,,-2.7853541374206543,1.2544180154800415,2.622805118560791,,,
269,48599,,,,-2.7950057983398438,1.2295223474502563,2.5651590824127197,,,
269,48599,,,,,,,-2.621460199356079,1.4791995286941528,3.975465774536133
270,48649,,,,-2.7799718379974365,1.194754958152771,2.655510902404785,,,
270,48699,,,,-2.7750251293182373,1.2607442140579224,2.6859309673309326,,,
270,48749,,,,-2.6565237045288086,1.518020749092102,3.5285496711730957,,,
270,48779,,,,,,,-2.5995774269104004,1.5104926824569702,4.144234657287598
271,48799,,,,-2.745601177215576,1.3029451370239258,2.874213457107544,,,
271,48849,,,,-2.832127571105957,1.1529464721679688,2.3550093173980713,,,
271,48899,,,,-2.8170552253723145,1.209648847579956,2.4381744861602783,,,
271,48949,,,,-2.694946765899658,1.3878589868545532,3.2297818660736084,,,
271,48959,,,,,,,-2.241198778152466,2.394956350326538,9.518305778503418
272,48999,,,,-2.7983343601226807,1.2001069784164429,2.54557466506958,,,
272,49049,,,,-2.75477933883667,1.2628610134124756,2.8141071796417236,,,
272,49099,,,,-2.6036531925201416,1.5686525106430054,3.9853532314300537,,,
272,49139,,,,,,,-2.5953891277313232,1.499779462814331,4.19366979598999
273,49149,,,,-2.5597643852233887,1.5925577878952026,4.4091572761535645,,,
273,49199,,,,-2.763242721557617,1.2624167203903198,2.759799003601074,,,
273,49249,,,,-2.789158582687378,1.1892237663269043,2.5999279022216797,,,
273,49299,,,,-2.685515880584717,1.3439931869506836,3.3006858825683594,,,
273,49319,,,,,,,-2.473618745803833,1.743600845336914,5.534214496612549
274,49349,,,,-2.624417304992676,1.5383484363555908,3.799293279647827,,,
274,49399,,,,-2.5839614868164062,1.6119742393493652,4.170217514038086,,,
274,49449,,,,-2.656315326690674,1.4470624923706055,3.530245542526245,,,
274,49499,,,,-2.6476521492004395,1.4694503545761108,3.601372480392456,,,
274,49499,,,,,,,-2.5832135677337646,1.5340869426727295,4.354126930236816
275,49549,,,,-2.7093420028686523,1.3618409633636475,3.1244826316833496,,,
275,49599,,,,-2.7388625144958496,1.3192691802978516,2.9191575050354004,,,
275,49649,,,,-2.8049733638763428,1.2214313745498657,2.506955146789551,,,
275,49679,,,,,,,-2.588003635406494,1.5172315835952759,4.317713737487793
276,49699,,,,-2.6904802322387695,1.3693214654922485,3.2631707191467285,,,
276,49749,,,,-2.8379366397857666,1.147100806236267,2.323718547821045,,,
276,49799,,,,-2.7076303958892822,1.3572885990142822,3.1368205547332764,,,
276,49849,,,,-2.3244290351867676,1.7026835680007935,7.580376625061035,,,
276,49859,,,,,,,-2.5648224353790283,1.5690897703170776,4.5124592781066895
277,49899,,,,-2.666273593902588,1.3534467220306396,3.450216770172119,,,
277,49949,,,,-2.7133729457855225,1.3752933740615845,3.0956170558929443,,,
277,49999,,,,-2.7764017581939697,1.2535730600357056,2.67743182182312,,,
277,50039,,,,,,,-2.6271584033966064,1.425539493560791,3.988353967666626
278,50049,,,,-2.6346685886383057,1.4836875200271606,3.7106635570526123,,,
278,50099,,,,-2.5979738235473633,1.4892537593841553,4.03781270980835,,,
278,50149,,,,-2.6756768226623535,1.3305470943450928,3.376316785812378,,,
278,50199,,,,-2.833866834640503,1.1261065006256104,2.3455960750579834,,,
278,50219,,,,,,,-2.6496598720550537,1.4021176099777222,3.6992180347442627
279,50249,,,,-2.5421271324157715,1.6168166399002075,4.5919036865234375,,,
279,50299,,,,-2.7551980018615723,1.286528468132019,2.8113958835601807,,,
279,50349,,,,-2.7890660762786865,1.162824034690857,2.6004817485809326,,,
279,50399,,,,-2.7527880668640137,1.288540005683899,2.827039957046509,,,
279,50399,,,,,,,-2.6247622966766357,1.4615473747253418,3.944118022918701
280,50449,,,,-2.78835129737854,1.2284311056137085,2.604766368865967,,,
280,50499,,,,-2.841952085494995,1.121598243713379,2.302333116531372,,,
280,50549,,,,-2.793657064437866,1.2363907098770142,2.5731379985809326,,,
280,50579,,,,,,,-2.5282628536224365,1.6513837575912476,4.87451171875
281,50599,,,,-2.9573116302490234,1.000232219696045,1.7652584314346313,,,
281,50649,,,,-2.450474739074707,1.9638746976852417,5.670811653137207,,,
281,50699,,,,-2.6854987144470215,1.4680849313735962,3.300816297531128,,,
281,50749,,,,-2.500917434692383,1.7640223503112793,5.048967361450195,,,
281,50759,,,,,,,-2.5501794815063477,1.6100600957870483,4.6224589347839355
282,50799,,,,-2.891447067260742,1.0830044746398926,2.0543437004089355,,,
282,50849,,,,-2.801849126815796,1.2256635427474976,2.5250556468963623,,,
282,50899,,,,-2.6372733116149902,1.3831703662872314,3.688474416732788,,,
282,50939,,,,,,,-2.5836410522460938,1.5296787023544312,4.382107257843018
283,50949,,,,-2.762049436569214,1.2973271608352661,2.767392158508301,,,
283,50999,,,,-2.7914373874664307,1.2369877099990845,2.586322546005249,,,
283,51049,,,,-2.815725088119507,1.1740468740463257,2.445652961730957,,,
283,51099,,,,-2.8569908142089844,1.0929473638534546,2.223971128463745,,,
283,51119,,,,,,,-2.6258585453033447,1.4645532369613647,3.951723575592041
284,51149,,,,-2.8279614448547363,1.1600648164749146,2.377708673477173,,,
284,51199,,,,-2.6976661682128906,1.3147732019424438,3.209620475769043,,,
284,51249,,,,-2.7210264205932617,1.2800354957580566,3.0415408611297607,,,
284,51299,,,,-2.820310354232788,1.2094709873199463,2.419968843460083,,,
284,51299,,,,,,,-2.6236519813537598,1.4575740098953247,3.9217145442962646
285,51349,,,,-2.662510871887207,1.3972508907318115,3.480239152908325,,,
285,51399,,,,-2.8809900283813477,1.0784132480621338,2.1044085025787354,,,
285,51449,,,,-2.7092316150665283,1.30742347240448,3.1252756118774414,,,
285,51479,,,,,,,-2.6054530143737793,1.4809346199035645,4.084249019622803
286,51499,,,,-2.7431654930114746,1.2942659854888916,2.8903775215148926,,,
286,51549,,,,-2.7083771228790283,1.327919363975525,3.1314315795898438,,,
286,51599,,,,-2.7417330741882324,1.2906584739685059,2.899925947189331,,,
286,51649,,,,-2.9350202083587646,1.0754154920578003,1.8582314252853394,,,
286,51659,,,,,,,-2.6663858890533447,1.3664737939834595,3.5736701488494873
287,51699,,,,-2.6094818115234375,1.5432405471801758,3.932223081588745,,,
287,51749,,,,-2.9377682209014893,0.9658194780349731,1.8465110063552856,,,
287,51799,,,,-2.781496286392212,1.2084819078445435,2.646207332611084,,,
287,51839,,,,,,,-2.5686287879943848,1.5489256381988525,4.5195722579956055
288,51849,,,,-2.8156046867370605,1.2148510217666626,2.4463324546813965,,,
288,51899,,,,-2.882836103439331,1.0778108835220337,2.095482349395752,,,
288,51949,,,,-2.472008228302002,1.5950998067855835,5.39649772644043,,,
288,51999,,,,-2.864499807357788,1.1593607664108276,2.185850143432617,,,
288,52019,,,,,,,-2.585292100906372,1.5306469202041626,4.255359172821045
289,52049,,,,-2.6555144786834717,1.4123128652572632,3.5367605686187744,,,
289,52099,,,,-2.9343762397766113,1.0609824657440186,1.8609892129898071,,,
289,52149,,,,-2.799423933029175,1.2227752208709717,2.539196491241455,,,
289,52199,,,,-2.9243123531341553,1.0470750331878662,1.9046167135238647,,,
289,52199,,,,,,,-2.6015784740448,1.4624757766723633,4.232382297515869
290,52249,,,,-2.731097936630249,1.3024309873580933,2.9718172550201416,,,
290,52299,,,,-2.5983970165252686,1.497156023979187,4.033880710601807,,,
290,52349,,,,-2.9011263847351074,1.0881404876708984,2.009064197540283,,,
290,52379,,,,,,,-2.5646586418151855,1.6003594398498535,4.46606969833374
291,52399,,,,-2.882833242416382,1.1015247106552124,2.095496416091919,,,
291,52449,,,,-2.777414083480835,1.2586795091629028,2.671196460723877,,,
291,52499,,,,-2.7333810329437256,1.2895126342773438,2.956235408782959,,,
291,52549,,,,-2.848698377609253,1.1464979648590088,2.2668445110321045,,,
291,52559,,,,,,,-2.60227108001709,1.51786208152771,4.147079944610596
292,52599,,,,-2.7263267040252686,1.3818325996398926,3.0046448707580566,,,
292,52649,,,,-2.83467173576355,1.1435943841934204,2.341252326965332,,,
292,52699,,,,-2.6623966693878174,1.4353828430175781,3.481154441833496,,,
292,52739,,,,,,,-2.4904773235321045,1.7546886205673218,5.310502052307129
293,52749,,,,-2.588928699493408,1.5763368606567383,4.1227922439575195,,,
293,52799,,,,-2.841397285461426,1.1289056539535522,2.3052754402160645,,,
293,52849,,,,-2.8166635036468506,1.1871066093444824,2.440375566482544,,,
293,52899,,,,-2.8567049503326416,1.1900031566619873,2.2254364490509033,,,
293,52919,,,,,,,-2.648249626159668,1.4080168008804321,3.7371015548706055
294,52949,,,,-2.6856532096862793,1.3827871084213257,3.299642562866211,,,
294,52999,,,,-2.828824996948242,1.128190517425537,2.3729846477508545,,,
294,53049,,,,-2.739001989364624,1.3606879711151123,2.918219566345215,,,
294,53099,,,,-2.868234634399414,1.1362842321395874,2.1671323776245117,,,
294,53099,,,,,,,-2.522681474685669,1.664949893951416,5.00419807434082
295,53149,,,,-2.809276819229126,1.2153035402297974,2.482236862182617,,,
295,53199,,,,-2.931231737136841,1.0521403551101685,1.8745129108428955,,,
295,53249,,,,-2.949615955352783,0.9908395409584045,1.7968183755874634,,,
295,53279,,,,,,,-2.628750801086426,1.4279563426971436,3.918137788772583
296,53299,,,,-2.766873598098755,1.286941647529602,2.736821174621582,,,
296,53349,,,,-2.833862066268921,1.1297837495803833,2.345621347427368,,,
296,53399,,,,-2.713294506072998,1.3354697227478027,3.0961761474609375,,,
296,53449,,,,-2.8727896213531494,1.0804253816604614,2.1445212364196777,,,
296,53459,,,,,,,-2.6116185188293457,1.4945008754730225,4.030237197875977
297,53499,,,,-2.6508352756500244,1.4557206630706787,3.575072765350342,,,
297,53549,,,,-2.4703104496002197,1.720361351966858,5.417633056640625,,,
297,53599,,,,-2.7412660121917725,1.3176511526107788,2.903045415878296,,,
297,53639,,,,,,,-2.614025831222534,1.5002329349517822,4.021345615386963
298,53649,,,,-2.623481273651123,1.5099073648452759,3.8074896335601807,,,
298,53699,,,,-2.6987552642822266,1.4350069761276245,3.201584815979004,,,
298,53749,,,,-2.8862931728363037,1.1289193630218506,2.0788681507110596,,,
298,53799,,,,-2.827789306640625,1.1823420524597168,2.3786511421203613,,,
298,53819,,,,,,,-2.6289098262786865,1.4311124086380005,3.909071445465088
299,53849,,,,-2.778623580932617,1.2615776062011719,2.6637680530548096,,,
299,53899,,,,-2.6410670280456543,1.4979182481765747,3.656395196914673,,,
299,53949,,,,-2.623222589492798,1.4787793159484863,3.809758186340332,,,
299,53999,,,,-2.755923271179199,1.2909841537475586,2.80670428276062,,,
299,53999,,,,,,,-2.6249585151672363,1.447786569595337,3.954346179962158
300,54049,,,,-2.609646797180176,1.5546497106552124,3.9307310581207275,,,
300,54099,,,,-2.8709776401519775,1.154529333114624,2.1534876823425293,,,
300,54149,,,,-2.636336326599121,1.5420740842819214,3.696438789367676,,,
300,54179,,,,,,,-2.6366591453552246,1.42612624168396,3.834538698196411
301,54199,,,,-2.715008020401001,1.3337939977645874,3.0839836597442627,,,
301,54249,,,,-2.8468704223632812,1.1603962182998657,2.2764058113098145,,,
301,54299,,,,-2.911512613296509,1.0729329586029053,1.961586356163025,,,
301,54349,,,,-2.7472329139709473,1.2764703035354614,2.8634328842163086,,,
301,54359,,,,,,,-2.5530638694763184,1.60311758518219,4.590073585510254
302,54399,,,,-2.93180513381958,1.0625590085983276,1.8720389604568481,,,
302,54449,,,,-2.8121790885925293,1.281916618347168,2.4657039642333984,,,
302,54499,,,,-2.8214216232299805,1.1494706869125366,2.413783073425293,,,
302,54539,,,,,,,-2.5338995456695557,1.5868710279464722,4.957698822021484
303,54549,,,,-2.8943023681640625,1.1090126037597656,2.0408811569213867,,,
303,54599,,,,-2.7367804050445557,1.298972249031067,2.9331870079040527,,,
303,54649,,,,-2.533714532852173,1.588749885559082,4.68172025680542,,,
303,54699,,,,-2.77606463432312,1.2504123449325562,2.6795101165771484,,,
303,54719,,,,,,,-2.5985429286956787,1.4816763401031494,4.21129846572876
304,54749,,,,-2.8644888401031494,1.105597734451294,2.1859047412872314,,,
304,54799,,,,-2.7234864234924316,1.3823403120040894,3.0243613719940186,,,
304,54849,,,,-2.954561233520508,1.0363441705703735,1.7764737606048584,,,
304,54899,,,,-2.593876838684082,1.6647051572799683,4.076084136962891,,,
304,54899,,,,,,,-2.5538864135742188,1.629417896270752,4.614408016204834
305,54949,,,,-2.8342247009277344,1.1536682844161987,2.343663454055786,,,
305,54999,,,,-2.520536184310913,1.3429172039031982,4.825960636138916,,,
305,55049,,,,-2.402430534362793,2.0177226066589355,6.334166526794434,,,
305,55079,,,,,,,-2.5805373191833496,1.5456899404525757,4.337517738342285
306,55099,,,,-2.8435494899749756,1.169661283493042,2.293879747390747,,,
306,55149,,,,-2.7214901447296143,1.3174397945404053,3.038294553756714,,,
306,55199,,,,-2.6649370193481445,1.382811188697815,3.4608514308929443,,,
306,55249,,,,-2.7884068489074707,1.249443769454956,2.6044321060180664,,,
306,55259,,,,,,,-2.6063878536224365,1.5017515420913696,4.110028266906738
307,55299,,,,-2.8536062240600586,1.1854275465011597,2.2413718700408936,,,
307,55349,,,,-2.3202598094940186,2.0500986576080322,7.653501510620117,,,
307,55399,,,,-2.6924846172332764,1.4009649753570557,3.2481448650360107,,,
307,55439,,,,,,,-2.4964144229888916,1.708937168121338,5.201920986175537
308,55449,,,,-2.9145233631134033,1.0860298871994019,1.9480341672897339,,,
308,55499,,,,-2.7358815670013428,1.3258813619613647,2.939263343811035,,,
308,55549,,,,-2.8281047344207764,1.2227617502212524,2.3769242763519287,,,
308,55599,,,,-2.7539212703704834,1.2964093685150146,2.819673776626587,,,
308,55619,,,,,,,-2.4930288791656494,1.7039871215820312,5.326873302459717
309,55649,,,,-2.875534772872925,1.065459966659546,2.131009340286255,,,
309,55699,,,,-2.8577566146850586,1.1436030864715576,2.220052719116211,,,
309,55749,,,,-2.856327772140503,1.152991533279419,2.2273690700531006,,,
309,55799,,,,-2.6782703399658203,1.359237790107727,3.356215238571167,,,
309,55799,,,,,,,-2.568148374557495,1.5396236181259155,4.5921854972839355
310,55849,,,,-2.8557322025299072,1.1699748039245605,2.230426073074341,,,
310,55899,,,,-2.6839592456817627,1.458633542060852,3.3125357627868652,,,
310,55949,,,,-2.8956031799316406,1.0862362384796143,2.0347771644592285,,,
310,55979,,,,,,,-2.6535496711730957,1.398323655128479,3.714160203933716
311,55999,,,,-3.0472970008850098,0.9230588674545288,1.4349045753479004,,,
311,56049,,,,-2.834524631500244,1.1410014629364014,2.3420462608337402,,,
311,56099,,,,-2.9272642135620117,1.073598861694336,1.8917150497436523,,,
311,56149,,,,-2.719958782196045,1.2990608215332031,3.049025774002075,,,
311,56159,,,,,,,-2.523799419403076,1.6125470399856567,5.071166038513184
312,56199,,,,-2.7168407440185547,1.3162882328033447,3.070995807647705,,,
312,56249,,,,-2.925830125808716,1.075573205947876,1.8979719877243042,,,
312,56299,,,,-2.942387819290161,1.053478479385376,1.8269730806350708,,,
312,56339,,,,,,,-2.510850191116333,1.6965930461883545,5.058258056640625
313,56349,,,,-2.783346652984619,1.2436251640319824,2.634955883026123,,,
313,56399,,,,-2.884117841720581,1.1033753156661987,2.0893068313598633,,,
313,56449,,,,-2.819239616394043,1.2004743814468384,2.4259419441223145,,,
313,56499,,,,-3.00429368019104,0.9550635814666748,1.584259271621704,,,
313,56519,,,,,,,-2.5677924156188965,1.549302101135254,4.57061767578125
314,56549,,,,-2.6794445514678955,1.3573031425476074,3.3471522331237793,,,
314,56599,,,,-2.854358673095703,1.0843665599822998,2.237492322921753,,,
314,56649,,,,-2.7832143306732178,1.204019546508789,2.6357600688934326,,,
314,56699,,,,-2.8752169609069824,1.098280906677246,2.1325697898864746,,,
314,56699,,,,,,,-2.643071174621582,1.410815715789795,3.770292043685913
315,56749,,,,-2.891199827194214,1.0971630811691284,2.055513381958008,,,
315,56799,,,,-2.7653181552886963,1.227867841720581,2.7466416358947754,,,
315,56849,,,,-2.818049192428589,1.1580568552017212,2.432600498199463,,,
315,56879,,,,,,,-2.6141746044158936,1.4799482822418213,4.016096115112305
316,56899,,,,-2.690331220626831,1.3811626434326172,3.2642910480499268,,,
316,56949,,,,-2.856370210647583,1.175148606300354,2.2271511554718018,,,
316,56999,,,,-2.8143348693847656,1.1817700862884521,2.4534947872161865,,,
316,57049,,,,-2.8017494678497314,1.212390661239624,2.525634527206421,,,
316,57059,,,,,,,-2.6291229724884033,1.4329077005386353,3.940924644470215
317,57099,,,,-2.7515060901641846,1.3153282403945923,2.8353970050811768,,,
317,57149,,,,-2.749331474304199,1.2599875926971436,2.849630117416382,,,
317,57199,,,,-2.7683475017547607,1.212088942527771,2.7275497913360596,,,
317,57239,,,,,,,-2.641218662261963,1.4105314016342163,3.809154748916626
318,57249,,,,-2.7089622020721436,1.3347454071044922,3.1272172927856445,,,
318,57299,,,,-2.7747883796691895,1.2323436737060547,2.6873960494995117,,,
318,57349,,,,-2.861499547958374,1.1199390888214111,2.201002597808838,,,
318,57399,,,,-2.8415732383728027,1.176024079322815,2.3043415546417236,,,
318,57419,,,,,,,-2.6156411170959473,1.476334571838379,4.006493091583252
319,57449,,,,-2.8506760597229004,1.0711575746536255,2.2565457820892334,,,
319,57499,,,,-2.7650146484375,1.2186689376831055,2.748560667037964,,,
319,57549,,,,-2.835852861404419,1.1456811428070068,2.3348944187164307,,,
319,57599,,,,-2.8440163135528564,1.1717194318771362,2.2914154529571533,,,
319,57599,,,,,,,-2.6455907821655273,1.4217031002044678,3.728780746459961
320,57649,,,,-2.9282071590423584,1.0471895933151245,1.88761305809021,,,
320,57699,,,,-2.9333503246307373,0.9866341948509216,1.865390419960022,,,
320,57749,,,,-2.6204395294189453,1.5420576333999634,3.8342511653900146,,,
320,57779,,,,,,,-2.661808490753174,1.3739739656448364,3.6247811317443848
321,57799,,,,-2.8481531143188477,1.1964792013168335,2.2696914672851562,,,
321,57849,,,,-2.7825307846069336,1.2374573945999146,2.639910936355591,,,
321,57899,,,,-2.9275827407836914,1.0891305208206177,1.8903290033340454,,,
321,57949,,,,-2.9236457347869873,1.0902518033981323,1.9075428247451782,,,
321,57959,,,,,,,-2.5201447010040283,1.6526923179626465,4.92721700668335
322,57999,,,,-2.9393062591552734,1.053518295288086,1.8399828672409058,,,
322,58049,,,,-2.804903268814087,1.2229639291763306,2.5073609352111816,,,
322,58099,,,,-2.8548712730407715,1.1119194030761719,2.234851837158203,,,
322,58139,,,,,,,-2.6391165256500244,1.4184788465499878,3.845442533493042
323,58149,,,,-2.9514455795288086,1.023444652557373,1.7892645597457886,,,
323,58199,,,,-2.931370258331299,1.0265263319015503,1.8739153146743774,,,
323,58249,,,,-2.8383302688598633,1.1509170532226562,2.3216135501861572,,,
323,58299,,,,-2.7768731117248535,1.2603826522827148,2.674527406692505,,,
323,58319,,,,,,,-2.596334457397461,1.511731743812561,4.209306716918945
324,58349,,,,-2.876981019973755,1.106225848197937,2.1239242553710938,,,
324,58399,,,,-2.697397232055664,1.3571568727493286,3.2116100788116455,,,
324,58449,,,,-2.5916454792022705,1.443028211593628,4.097081661224365,,,
324,58499,,,,-2.6460907459259033,1.299393653869629,3.6143429279327393,,,
324,58499,,,,,,,-2.6226351261138916,1.4491136074066162,3.945991277694702
325,58549,,,,-2.8144853115081787,1.1934690475463867,2.4526455402374268,,,
325,58599,,,,-2.9226510524749756,1.1087663173675537,1.9119175672531128,,,
325,58649,,,,-2.7233290672302246,1.3210612535476685,3.0254576206207275,,,
325,58679,,,,,,,-2.6305131912231445,1.4647419452667236,3.8526899814605713
326,58699,,,,-2.3457250595092773,1.631787657737732,7.2176361083984375,,,
326,58749,,,,-2.6783759593963623,1.1377594470977783,3.355398654937744,,,
326,58799,,,,-2.7774462699890137,1.1607823371887207,2.67099928855896,,,
326,58849,,,,-2.8922410011291504,1.1016641855239868,2.050591468811035,,,
326,58859,,,,,,,-2.5523579120635986,1.5968031883239746,4.712662220001221
327,58899,,,,-2.8229868412017822,1.220449447631836,2.4051005840301514,,,
327,58949,,,,-2.7992329597473145,1.1740409135818481,2.5403130054473877,,,
327,58999,,,,-2.6303610801696777,1.488637089729309,3.7476487159729004,,,
327,59039,,,,,,,-2.6137077808380127,1.4809983968734741,4.065349102020264
328,59049,,,,-2.9637818336486816,0.9888665080070496,1.7391538619995117,,,
328,59099,,,,-2.995540142059326,0.9975464344024658,1.616516351699829,,,
328,59149,,,,-3.016650438308716,0.9532331824302673,1.5398190021514893,,,
328,59199,,,,-2.856621503829956,1.128000259399414,2.225863456726074,,,
328,59219,,,,,,,-2.6186442375183105,1.4641587734222412,4.030318260192871
329,59249,,,,-2.770181655883789,1.2030580043792725,2.7160539627075195,,,
329,59299,,,,-2.697476387023926,1.3664958477020264,3.211024761199951,,,
329,59349,,,,-2.9276845455169678,1.0761628150939941,1.8898863792419434,,,
329,59399,,,,-2.992915630340576,0.9489192366600037,1.6263140439987183,,,
329,59399,,,,,,,-2.636303663253784,1.4118962287902832,3.801126003265381
330,59449,,,,-2.809317111968994,1.2179254293441772,2.4820070266723633,,,
330,59499,,,,-2.5057621002197266,1.6387968063354492,4.992958068847656,,,
330,59549,,,,-2.9991135597229004,0.9327999353408813,1.603269100189209,,,
330,59579,,,,,,,-2.647395133972168,1.3828092813491821,3.8006439208984375
331,59599,,,,-2.8664710521698,1.1494649648666382,2.175950765609741,,,
331,59649,,,,-2.9192240238189697,1.025422215461731,1.9270626306533813,,,
331,59699,,,,-2.854029655456543,1.1469011306762695,2.2391867637634277,,,
331,59749,,,,-2.8235087394714355,1.1554442644119263,2.402211904525757,,,
331,59759,,,,,,,-2.609436511993408,1.49099862575531,4.048308849334717
332,59799,,,,-2.9301869869232178,1.0586907863616943,1.879027009010315,,,
332,59849,,,,-2.8120083808898926,1.1710832118988037,2.466674327850342,,,
332,59899,,,,-2.7646143436431885,1.242010235786438,2.7510950565338135,,,
332,59939,,,,,,,-2.5877153873443604,1.5137395858764648,4.344306945800781
333,59949,,,,-2.819905996322632,1.1701830625534058,2.422222852706909,,,
333,59999,,,,-3.0347726345062256,0.9465761780738831,1.4768877029418945,,,
333,60049,,,,-2.7829575538635254,1.212888240814209,2.6373188495635986,,,
333,60099,,,,-2.7822556495666504,1.2579602003097534,2.6415839195251465,,,
333,60119,,,,,,,-2.5860495567321777,1.5429768562316895,4.294279098510742
334,60149,,,,-2.8039603233337402,1.1905181407928467,2.512810468673706,,,
334,60199,,,,-2.865380048751831,1.1430563926696777,2.1814236640930176,,,
334,60249,,,,-2.957559585571289,1.005740761756897,1.7642518281936646,,,
334,60299,,,,-2.740509033203125,1.3453322649002075,2.908112049102783,,,
334,60299,,,,,,,-2.550605058670044,1.6316428184509277,4.638980865478516
335,60349,,,,-2.7396397590637207,1.2555150985717773,2.913938522338867,,,
335,60399,,,,-2.7724170684814453,1.311776876449585,2.702108860015869,,,
335,60449,,,,-2.9333252906799316,1.0605095624923706,1.8654974699020386,,,
335,60479,,,,,,,-2.659438371658325,1.3951668739318848,3.6377899646759033
336,60499,,,,-2.9150068759918213,1.0774897336959839,1.9458674192428589,,,
336,60549,,,,-2.8147683143615723,1.2540233135223389,2.4510467052459717,,,
336,60599,,,,-2.9111287593841553,1.0891084671020508,1.9633212089538574,,,
336,60649,,,,-2.7979085445404053,1.1864039897918701,2.5480711460113525,,,
336,60659,,,,,,,-2.6247477531433105,1.4605401754379272,3.898679494857788
337,60699,,,,-2.7886340618133545,1.261993646621704,2.6030702590942383,,,
337,60749,,,,-2.880716562271118,1.1121257543563843,2.1057345867156982,,,
337,60799,,,,-2.844186305999756,1.1816322803497314,2.2905189990997314,,,
337,60839,,,,,,,-2.5676088333129883,1.5808379650115967,4.521966934204102
338,60849,,,,-3.107128858566284,0.8358024954795837,1.2502336502075195,,,
338,60899,,,,-2.7767536640167236,1.3199992179870605,2.675262212753296,,,
338,60949,,,,-2.747169256210327,1.3081188201904297,2.8638532161712646,,,
338,60999,,,,-2.96480131149292,1.018755316734314,1.7350773811340332,,,
338,61019,,,,,,,-2.640275239944458,1.4103630781173706,3.854995012283325
339,61049,,,,-2.9694290161132812,0.9660129547119141,1.7166869640350342,,,
339,61099,,,,-2.917894124984741,1.0688081979751587,1.9329733848571777,,,
339,61149,,,,-2.6967804431915283,1.3760992288589478,3.2161753177642822,,,
339,61199,,,,-2.804299831390381,1.185140609741211,2.5108468532562256,,,
339,61199,,,,,,,-2.644904851913452,1.3922820091247559,3.77714467048645
340,61249,,,,-3.0888278484344482,0.8642462491989136,1.3040438890457153,,,
340,61299,,,,-2.8459832668304443,1.1623966693878174,2.2810611724853516,,,
340,61349,,,,-2.860151529312134,1.1002382040023804,2.2078449726104736,,,
340,61379,,,,,,,-2.6440069675445557,1.4080592393875122,3.754986524581909
341,61399,,,,-2.6115500926971436,1.5351381301879883,3.9135420322418213,,,
341,61449,,,,-3.0036749839782715,0.9720409512519836,1.58651864528656,,,
341,61499,,,,-2.663278818130493,1.420462965965271,3.4740920066833496,,,
341,61549,,,,-2.8099513053894043,1.1981197595596313,2.4783847332000732,,,
341,61559,,,,,,,-2.5663163661956787,1.6008497476577759,4.488893508911133
342,61599,,,,-2.896531581878662,1.1514817476272583,2.0304317474365234,,,
342,61649,,,,-2.7441306114196777,1.260604739189148,2.8839612007141113,,,
342,61699,,,,-2.823556900024414,1.1787638664245605,2.401944637298584,,,
342,61739,,,,,,,-2.5091090202331543,1.6609582901000977,5.224093437194824
343,61749,,,,-2.822991132736206,1.207805871963501,2.405075788497925,,,
343,61799,,,,-2.765416383743286,1.2183998823165894,2.746018648147583,,,
343,61849,,,,-2.775733470916748,1.2211291790008545,2.6815543174743652,,,
343,61899,,,,-2.7829861640930176,1.2174144983291626,2.6371443271636963,,,
343,61919,,,,,,,-2.6050474643707275,1.464163064956665,4.129809379577637
344,61949,,,,-2.878474473953247,1.1614305973052979,2.116633892059326,,,
344,61999,,,,-2.5306601524353027,1.5736945867538452,4.71476411819458,,,
344,62049,,,,-2.7339367866516113,1.2942705154418945,2.952455759048462,,,
344,62099,,,,-2.7998249530792236,1.2158602476119995,2.5368521213531494,,,
344,62099,,,,,,,-2.6523420810699463,1.3954848051071167,3.6968331336975098
345,62149,,,,-2.911090850830078,1.098760962486267,1.963491678237915,,,
345,62199,,,,-2.9199886322021484,1.0557818412780762,1.92367422580719,,,
345,62249,,,,-2.8535239696502686,1.1630291938781738,2.241795539855957,,,
345,62279,,,,,,,-2.591860055923462,1.5069583654403687,4.2833943367004395
346,62299,,,,-2.6813621520996094,1.424027442932129,3.332404613494873,,,
346,62349,,,,-2.907501220703125,1.0811914205551147,1.9797883033752441,,,
346,62399,,,,-2.824883460998535,1.205238699913025,2.3946197032928467,,,
346,62449,,,,-2.940155506134033,1.0852206945419312,1.8363885879516602,,,
346,62459,,,,,,,-2.6221096515655518,1.438852071762085,3.9627909660339355
347,62499,,,,-2.8199875354766846,1.1719425916671753,2.4217689037323,,,
347,62549,,,,-2.773059129714966,1.2665963172912598,2.69811749458313,,,
347,62599,,,,-2.9823427200317383,0.9993725419044495,1.6663923263549805,,,
347,62639,,,,,,,-2.45772647857666,1.8153023719787598,5.702138900756836
348,62649,,,,-2.561567783355713,1.708425521850586,4.39088773727417,,,
348,62699,,,,-3.0222339630126953,0.931911051273346,1.5201488733291626,,,
348,62749,,,,-2.8319406509399414,1.1918960809707642,2.3560214042663574,,,
348,62799,,,,-2.913285732269287,1.0583254098892212,1.953593373298645,,,
348,62819,,,,,,,-2.5957436561584473,1.4691227674484253,4.310574531555176
349,62849,,,,-2.8780903816223145,1.1518293619155884,2.1185057163238525,,,
349,62899,,,,-2.9123878479003906,1.0052803754806519,1.9576362371444702,,,
349,62949,,,,-2.747074604034424,1.1802146434783936,2.8644773960113525,,,
349,62999,,,,-2.8911256790161133,1.088104248046875,2.0558643341064453,,,
349,62999,,,,,,,-2.6001627445220947,1.4749363660812378,4.245058536529541
350,63049,,,,-2.999886989593506,0.9343051910400391,1.6004163026809692,,,
350,63099,,,,-2.8387622833251953,1.1788356304168701,2.3193047046661377,,,
350,63149,,,,-2.8908658027648926,1.062529444694519,2.0570945739746094,,,
350,63179,,,,,,,-2.6044251918792725,1.4509035348892212,4.173761367797852
351,63199,,,,-2.876267671585083,1.0951087474822998,2.127415657043457,,,
351,63249,,,,-2.8896162509918213,1.0696355104446411,2.063020944595337,,,
351,63299,,,,-2.7074217796325684,1.3040847778320312,3.1383275985717773,,,
351,63349,,,,-2.670022964477539,1.366437554359436,3.420558452606201,,,
351,63359,,,,,,,-2.6107749938964844,1.4471521377563477,4.137500286102295
352,63399,,,,-2.46213436126709,1.567808985710144,5.5205912590026855,,,
352,63449,,,,-2.8758368492126465,1.0967307090759277,2.1295268535614014,,,
352,63499,,,,-2.957911491394043,0.9599185585975647,1.7628228664398193,,,
352,63539,,,,,,,-2.5464959144592285,1.617738127708435,4.678398132324219
353,63549,,,,-2.7752742767333984,1.2077057361602783,2.6843912601470947,,,
353,63599,,,,-2.86476993560791,1.156464695930481,2.18449068069458,,,
353,63649,,,,-2.9406001567840576,0.9794918298721313,1.8345096111297607,,,
353,63699,,,,-2.958360433578491,0.993168294429779,1.7610019445419312,,,
353,63719,,,,,,,-2.595012664794922,1.4942095279693604,4.27947998046875
354,63749,,,,-2.960064649581909,0.9756970405578613,1.7541041374206543,,,
354,63799,,,,-2.8001155853271484,1.1153303384780884,2.535154104232788,,,
354,63849,,,,-2.823740243911743,1.1787577867507935,2.4009320735931396,,,
354,63899,,,,-2.7006657123565674,1.3911693096160889,3.187530755996704,,,
354,63899,,,,,,,-2.6004927158355713,1.505968451499939,4.165098190307617
355,63949,,,,-2.9784066677093506,0.9408331513404846,1.6815636157989502,,,
355,63999,,,,-3.0520143508911133,0.9305335879325867,1.419403314590454,,,
355,64049,,,,-2.7475292682647705,1.269162654876709,2.8614814281463623,,,
355,64079,,,,,,,-2.6256263256073,1.4392693042755127,3.917719602584839
356,64099,,,,-2.8977644443511963,1.1150307655334473,2.0246760845184326,,,
356,64149,,,,-2.866464614868164,1.0919100046157837,2.17598295211792,,,
356,64199,,,,-2.902111053466797,1.0643965005874634,2.0045135021209717,,,
356,64249,,,,-2.8703224658966064,1.1398378610610962,2.1567397117614746,,,
356,64259,,,,,,,-2.514657497406006,1.6781824827194214,5.027948379516602
357,64299,,,,-2.8728976249694824,1.1124765872955322,2.143988847732544,,,
357,64349,,,,-3.059267282485962,0.8885989785194397,1.3958948850631714,,,
357,64399,,,,-2.8928544521331787,1.0850828886032104,2.047696113586426,,,
357,64439,,,,,,,-2.6008758544921875,1.4968680143356323,4.200934410095215
358,64449,,,,-2.695399522781372,1.3793439865112305,3.22641658782959,,,
358,64499,,,,-2.9328465461730957,1.074011206626892,1.8675557374954224,,,
358,64549,,,,-2.789421796798706,1.2481837272644043,2.5983529090881348,,,
358,64599,,,,-2.5017263889312744,1.7429542541503906,5.03956937789917,,,
358,64619,,,,,,,-2.589702606201172,1.481175422668457,4.36862850189209
359,64649,,,,-2.929030418395996,1.0487889051437378,1.8840389251708984,,,
359,64699,,,,-2.9434173107147217,1.0187427997589111,1.8226479291915894,,,
359,64749,,,,-2.9078190326690674,1.0985265970230103,1.9783406257629395,,,
359,64799,,,,-2.902007579803467,1.031750202178955,2.004990339279175,,,
359,64799,,,,,,,-2.6217610836029053,1.4419710636138916,3.9661333560943604
360,64849,,,,-2.8365845680236816,1.1732207536697388,2.3309638500213623,,,
360,64899,,,,-2.9446473121643066,1.008810043334961,1.8174922466278076,,,
360,64949,,,,-2.743619203567505,1.2864341735839844,2.8873589038848877,,,
360,64979,,,,,,,-2.6374592781066895,1.4071078300476074,3.8590872287750244
361,64999,,,,-2.9626901149749756,0.9944943189620972,1.7435320615768433,,,
361,65049,,,,-2.8149116039276123,1.1883083581924438,2.450239658355713,,,
361,65099,,,,-2.8171257972717285,1.162259817123413,2.4377779960632324,,,
361,65149,,,,-2.9898853302001953,0.9635191559791565,1.637701153755188,,,
361,65159,,,,,,,-2.630042552947998,1.4315937757492065,3.8787755966186523
362,65199,,,,-2.9289610385894775,0.9864203929901123,1.884338617324829,,,
362,65249,,,,-2.4985036849975586,1.8931140899658203,5.077106475830078,,,
362,65299,,,,-3.074882745742798,0.8817885518074036,1.3465964794158936,,,
362,65339,,,,,,,-2.654486894607544,1.3936322927474976,3.6620571613311768
363,65349,,,,-2.6560521125793457,1.2088655233383179,3.532383441925049,,,
363,65399,,,,-2.8487398624420166,1.1483632326126099,2.266627550125122,,,
363,65449,,,,-3.00244402885437,0.9478311538696289,1.5910215377807617,,,
363,65499,,,,-2.9177186489105225,1.0588171482086182,1.9337549209594727,,,
363,65519,,,,,,,-2.5742576122283936,1.5591017007827759,4.437577247619629
364,65549,,,,-2.9081099033355713,1.106356143951416,1.977015733718872,,,
364,65599,,,,-2.821132183074951,1.1719319820404053,2.4153928756713867,,,
364,65649,,,,-3.006746292114258,0.9425820708274841,1.57533860206604,,,
364,65699,,,,-2.9239771366119385,0.9940204620361328,1.9060879945755005,,,
364,65699,,,,,,,-2.611337423324585,1.4316630363464355,4.1132988929748535
365,65749,,,,-2.9309728145599365,0.9954174757003784,1.8756300210952759,,,
365,65799,,,,-2.9284780025482178,1.0088691711425781,1.8864359855651855,,,
365,65849,,,,-2.7976114749908447,1.2195042371749878,2.549814224243164,,,
365,65879,,,,,,,-2.652132272720337,1.3821437358856201,3.712928056716919
366,65899,,,,-2.9261388778686523,1.0432440042495728,1.8966234922409058,,,
366,65949,,,,-2.8498308658599854,1.142305850982666,2.2609405517578125,,,
366,65999,,,,-3.0612897872924805,0.9130871891975403,1.3894094228744507,,,
366,66049,,,,-2.7238776683807373,1.3207378387451172,3.0216386318206787,,,
366,66059,,,,,,,-2.6343019008636475,1.4191185235977173,3.850945234298706
367,66099,,,,-2.941859006881714,1.0543276071548462,1.8291996717453003,,,
367,66149,,,,-2.8832895755767822,1.0845850706100464,2.093295097351074,,,
367,66199,,,,-2.8250508308410645,1.155533790588379,2.393697738647461,,,
367,66239,,,,,,,-2.575014352798462,1.5297783613204956,4.431085109710693
368,66249,,,,-2.6986923217773438,1.3655651807785034,3.2020468711853027,,,
368,66299,,,,-2.7016823291778564,1.387514591217041,3.180076837539673,,,
368,66349,,,,-2.8631319999694824,1.0931334495544434,2.192744016647339,,,
368,66399,,,,-2.985851526260376,0.9925422668457031,1.6529836654663086,,,
368,66419,,,,,,,-2.6293272972106934,1.4277071952819824,3.913602590560913
369,66449,,,,-2.8714468479156494,1.114255666732788,2.1511619091033936,,,
369,66499,,,,-2.9901680946350098,0.9744921326637268,1.6366348266601562,,,
369,66549,,,,-2.775501012802124,1.256301760673523,2.6829893589019775,,,
369,66599,,,,-2.800746202468872,1.2278172969818115,2.531475067138672,,,
369,66599,,,,,,,-2.590294361114502,1.5036169290542603,4.353507995605469
370,66649,,,,-2.924031972885132,1.0786653757095337,1.9058469533920288,,,
370,66699,,,,-2.872060537338257,1.1261717081069946,2.148124933242798,,,
370,66749,,,,-2.8109874725341797,1.2109849452972412,2.4724788665771484,,,
370,66779,,,,,,,-2.588242530822754,1.5268563032150269,4.302494049072266
371,66799,,,,-2.7702701091766357,1.2530958652496338,2.7155003547668457,,,
371,66849,,,,-2.893486499786377,1.1239204406738281,2.0447192192077637,,,
371,66899,,,,-2.934889554977417,1.009639024734497,1.8587912321090698,,,
371,66949,,,,-3.031538486480713,0.9235298037528992,1.4879268407821655,,,
371,66959,,,,,,,-2.5914876461029053,1.4787122011184692,4.333775997161865
372,66999,,,,-2.595608711242676,1.515864610671997,4.059863567352295,,,
372,67049,,,,-2.991203784942627,0.9960907697677612,1.6327368021011353,,,
372,67099,,,,-2.783402442932129,1.3144769668579102,2.634617567062378,,,
372,67139,,,,,,,-2.6188879013061523,1.4488368034362793,3.9783310890197754
373,67149,,,,-3.0152082443237305,0.9774997234344482,1.5449405908584595,,,
373,67199,,,,-2.8589367866516113,1.1337641477584839,2.2140283584594727,,,
373,67249,,,,-2.963362455368042,0.9988574981689453,1.740835428237915,,,
373,67299,,,,-2.8547253608703613,1.1795567274093628,2.2356033325195312,,,
373,67319,,,,,,,-2.6040823459625244,1.490862488746643,4.14502477645874
374,67349,,,,-3.0336403846740723,0.9246594309806824,1.4807428121566772,,,
374,67399,,,,-2.8762266635894775,1.1563621759414673,2.1276168823242188,,,
374,67449,,,,-3.110302209854126,0.853006899356842,1.241131067276001,,,
374,67499,,,,-2.9978935718536377,0.9740960001945496,1.607779622077942,,,
374,67499,,,,,,,-2.609252691268921,1.471574068069458,4.120541572570801
375,67549,,,,-3.062358856201172,0.9099181890487671,1.3859939575195312,,,
375,67599,,,,-2.635197639465332,1.450308918952942,3.7061452865600586,,,
375,67649,,,,-2.9414610862731934,1.0040252208709717,1.8308757543563843,,,
375,67679,,,,,,,-2.592802047729492,1.494441270828247,4.33414363861084
376,67699,,,,-2.834279775619507,1.2083625793457031,2.343367099761963,,,
376,67749,,,,-2.851207733154297,1.1476449966430664,2.2537832260131836,,,
376,67799,,,,-2.934770107269287,1.0360534191131592,1.859302282333374,,,
376,67849,,,,-2.6673386096954346,1.358870267868042,3.4417660236358643,,,
376,67859,,,,,,,-2.5454461574554443,1.5791137218475342,4.857828140258789
377,67899,,,,-2.857879161834717,1.1522036790847778,2.2194273471832275,,,
377,67949,,,,-2.906017541885376,1.070212960243225,1.9865641593933105,,,
377,67999,,,,-2.9264843463897705,1.0685069561004639,1.895115613937378,,,
377,68039,,,,,,,-2.604379177093506,1.4786641597747803,4.126068115234375
378,68049,,,,-2.960440158843994,0.9680200219154358,1.752587914466858,,,
378,68099,,,,-2.9227869510650635,1.066556453704834,1.9113185405731201,,,
378,68149,,,,-2.7994236946105957,1.1711353063583374,2.5391969680786133,,,
378,68199,,,,-2.9472057819366455,1.017331600189209,1.8068175315856934,,,
378,68219,,,,,,,-2.6418168544769287,1.3910220861434937,3.7966253757476807
379,68249,,,,-2.793790102005005,1.2365630865097046,2.572350025177002,,,
379,68299,,,,-2.86848521232605,1.1216449737548828,2.165881633758545,,,
379,68349,,,,-2.936959743499756,1.0223188400268555,1.8499512672424316,,,
379,68399,,,,-2.902825117111206,1.1003286838531494,2.0012199878692627,,,
379,68399,,,,,,,-2.621793270111084,1.4599800109863281,3.973498582839966
380,68449,,,,-3.082329034805298,0.8680370450019836,1.3237043619155884,,,
380,68499,,,,-2.9047842025756836,1.088377594947815,1.9922133684158325,,,
380,68549,,,,-2.8527753353118896,1.1532988548278809,2.2456631660461426,,,
380,68579,,,,,,,-2.4931600093841553,1.6755787134170532,5.481308460235596
381,68599,,,,-3.0223560333251953,0.9313262701034546,1.5197213888168335,,,
381,68649,,,,-2.992070198059082,0.9464209675788879,1.6294828653335571,,,
381,68699,,,,-2.9494311809539795,1.0258383750915527,1.7975828647613525,,,
381,68749,,,,-2.74155592918396,1.3241190910339355,2.901108741760254,,,
381,68759,,,,,,,-2.544905424118042,1.6400620937347412,4.687863349914551
382,68799,,,,-2.909902334213257,1.0636277198791504,1.9688732624053955,,,
382,68849,,,,-3.0118489265441895,0.9674268960952759,1.5569372177124023,,,
382,68899,,,,-3.072725534439087,0.8857289552688599,1.3533015251159668,,,
382,68939,,,,,,,-2.629307985305786,1.4324837923049927,3.898336172103882
383,68949,,,,-3.0011332035064697,1.002440094947815,1.5958306789398193,,,
383,68999,,,,-2.9029314517974854,1.0784393548965454,2.000730037689209,,,
383,69049,,,,-2.805711507797241,1.1929925680160522,2.5026988983154297,,,
383,69099,,,,-3.046870708465576,0.9266211986541748,1.4363141059875488,,,
383,69119,,,,,,,-2.5930607318878174,1.5138753652572632,4.240440845489502
384,69149,,,,-3.1067681312561035,0.8698919415473938,1.2512727975845337,,,
384,69199,,,,-2.6965882778167725,1.4175622463226318,3.2175981998443604,,,
384,69249,,,,-2.9805855751037598,1.0151528120040894,1.673148512840271,,,
384,69299,,,,-2.8771634101867676,1.171280026435852,2.1230316162109375,,,
384,69299,,,,,,,-2.613060235977173,1.4918462038040161,3.9940578937530518
385,69349,,,,-2.8382644653320312,1.1075172424316406,2.3219637870788574,,,
385,69399,,,,-2.9202558994293213,0.9871845841407776,1.9224904775619507,,,
385,69449,,,,-2.890955924987793,1.0871214866638184,2.0566678047180176,,,
385,69479,,,,,,,-2.624080181121826,1.4359958171844482,3.9503583908081055
386,69499,,,,-2.8709909915924072,1.162280797958374,2.153421401977539,,,
386,69549,,,,-2.7120625972747803,1.3159574270248413,3.104970693588257,,,
386,69599,,,,-2.759230136871338,1.267974615097046,2.785414457321167,,,
386,69649,,,,-2.8368983268737793,1.2130250930786133,2.3292810916900635,,,
386,69659,,,,,,,-2.6426501274108887,1.4195929765701294,3.7915849685668945
387,69660,,,,,,,-2.6663858890533447,1.3664737939834595,3.5736701488494873
387,69660,-2.6588830947875977,1.3875916004180908,3.648543119430542,,,,,,
