epoch,step,test_loss,test_mae,test_mse,train_loss,train_mae,train_mse,val_loss,val_mae,val_mse
0,49,,,,-0.0681162029504776,34.591026306152344,1367.74072265625,,,
0,99,,,,-1.2310670614242554,6.900576591491699,93.98379516601562,,,
0,149,,,,-1.033845067024231,8.728897094726562,148.00448608398438,,,
0,179,,,,,,,-0.920276939868927,10.893573760986328,199.7335968017578
1,199,,,,-0.7748420238494873,11.696844100952148,268.70635986328125,,,
1,249,,,,-0.5447072982788086,18.537616729736328,456.47052001953125,,,
1,299,,,,-0.8120705485343933,13.31281566619873,246.6320343017578,,,
1,349,,,,-1.591994285583496,5.290508270263672,40.937923431396484,,,
1,359,,,,,,,-1.0992417335510254,9.04365062713623,131.2978515625
2,399,,,,-0.7709029316902161,12.02576732635498,271.1546630859375,,,
2,449,,,,-1.4858551025390625,6.1657891273498535,52.2714958190918,,,
2,499,,,,0.5435894131660461,60.838233947753906,5593.83154296875,,,
2,539,,,,,,,-0.46375101804733276,21.430482864379883,556.7438354492188
3,549,,,,-1.075122356414795,9.60356330871582,134.58529663085938,,,
3,599,,,,-1.0832545757293701,8.739995002746582,132.08865356445312,,,
3,649,,,,-1.2218059301376343,8.346635818481445,96.00947570800781,,,
3,699,,,,-0.7011348009109497,13.558557510375977,318.4089050292969,,,
3,719,,,,,,,-0.7869922518730164,12.679222106933594,272.40521240234375
4,749,,,,0.11506018042564392,34.399818420410156,2085.35546875,,,
4,799,,,,-1.180716633796692,8.965309143066406,105.53666687011719,,,
4,849,,,,-0.39278119802474976,20.820152282714844,647.647705078125,,,
4,899,,,,-0.8358612060546875,11.629744529724121,233.48489379882812,,,
4,899,,,,,,,-1.1614006757736206,8.078859329223633,115.9178237915039
5,949,,,,-1.3971105813980103,6.921079158782959,64.12234497070312,,,
5,999,,,,-1.4205095767974854,6.488762378692627,60.75896072387695,,,
5,1049,,,,-1.4965929985046387,5.8900885581970215,50.99492645263672,,,
5,1079,,,,,,,-1.0399812459945679,9.622559547424316,150.82505798339844
6,1099,,,,-0.2910824716091156,21.589584350585938,818.5355834960938,,,
6,1149,,,,-0.9108570218086243,10.037673950195312,196.45494079589844,,,
6,1199,,,,-1.2917200326919556,7.654493808746338,81.73348236083984,,,
6,1249,,,,-1.3913193941116333,6.426328659057617,64.98312377929688,,,
6,1259,,,,,,,-1.058970332145691,9.359493255615234,144.78199768066406
7,1299,,,,-1.2898523807525635,6.880302906036377,82.08570861816406,,,
7,1349,,,,-0.8970386981964111,11.241403579711914,202.80625915527344,,,
7,1399,,,,-1.3074747323989868,7.544346332550049,78.82162475585938,,,
7,1439,,,,,,,-1.073330044746399,8.959809303283691,141.73814392089844
8,1449,,,,-0.6038180589675903,15.48875617980957,398.384033203125,,,
8,1499,,,,-1.6437031030654907,4.995123863220215,36.34267807006836,,,
8,1549,,,,-0.9837329983711243,11.125679016113281,166.10665893554688,,,
8,1599,,,,-0.546107828617096,15.986700057983398,455.0007629394531,,,
8,1619,,,,,,,-0.808431088924408,12.231675148010254,260.40643310546875
9,1649,,,,-1.3553624153137207,6.908686637878418,70.59233856201172,,,
9,1699,,,,-1.4540389776229858,6.227527618408203,56.24462890625,,,
9,1749,,,,-0.644807755947113,14.103801727294922,362.50347900390625,,,
9,1799,,,,-0.9160364270210266,10.062007904052734,194.1259765625,,,
9,1799,,,,,,,-0.5079426169395447,15.432332992553711,550.3867797851562
10,1849,,,,-1.659922480583191,5.085053443908691,35.01042938232422,,,
10,1899,,,,-0.3223247230052948,21.46172332763672,761.7197265625,,,
10,1949,,,,-0.7397648692131042,14.157402038574219,291.309814453125,,,
10,1979,,,,,,,-0.7422363758087158,13.027859687805176,308.2282409667969
11,1999,,,,-0.718852162361145,15.767303466796875,305.6805419921875,,,
11,2049,,,,-1.4151296615600586,6.3273820877075195,61.51632308959961,,,
11,2099,,,,-1.5287081003189087,6.026581764221191,47.36003112792969,,,
11,2149,,,,-1.3411165475845337,6.19060754776001,72.94631958007812,,,
11,2159,,,,,,,-1.2538871765136719,7.541277885437012,92.3726806640625
12,2199,,,,-1.175138235092163,8.360149383544922,106.9010009765625,,,
12,2249,,,,-0.9214910864830017,11.009262084960938,191.70297241210938,,,
12,2299,,,,-1.460365891456604,6.300334930419922,55.43116760253906,,,
12,2339,,,,,,,-1.0061612129211426,9.622427940368652,166.10214233398438
13,2349,,,,-0.6529128551483154,12.898189544677734,355.8009948730469,,,
13,2399,,,,-1.4534180164337158,5.739461421966553,56.325096130371094,,,
13,2449,,,,-0.8993013501167297,11.754785537719727,201.7523956298828,,,
13,2499,,,,-1.0693533420562744,9.058168411254883,136.385009765625,,,
13,2519,,,,,,,-0.8858292698860168,11.22730541229248,217.39447021484375
14,2549,,,,-1.2608423233032227,7.399115085601807,87.75617218017578,,,
14,2599,,,,-1.368625521659851,6.385962963104248,68.46908569335938,,,
14,2649,,,,-1.0118927955627441,9.475238800048828,155.677978515625,,,
14,2699,,,,-1.524172067642212,5.760928630828857,47.857269287109375,,,
14,2699,,,,,,,-1.4597853422164917,6.249165058135986,56.81693649291992
15,2749,,,,-0.7544598579406738,12.744513511657715,281.6178283691406,,,
15,2799,,,,-1.092465877532959,8.77943229675293,129.3165740966797,,,
15,2849,,,,-1.293041706085205,7.503215312957764,81.485107421875,,,
15,2879,,,,,,,-1.5327023267745972,5.899028301239014,47.9569206237793
16,2899,,,,-1.4724074602127075,6.685980796813965,53.91536331176758,,,
16,2949,,,,-1.5664130449295044,5.278264999389648,43.42171096801758,,,
16,2999,,,,-0.8613507151603699,10.338269233703613,220.17572021484375,,,
16,3049,,,,-1.6139576435089111,5.12143087387085,38.91905212402344,,,
16,3059,,,,,,,-1.5849957466125488,5.523478984832764,42.411216735839844
17,3099,,,,-1.3831684589385986,6.4553303718566895,66.21426391601562,,,
17,3149,,,,-0.7743536233901978,11.912176132202148,269.00872802734375,,,
17,3199,,,,-0.8626173138618469,12.525907516479492,219.5345001220703,,,
17,3239,,,,,,,-1.3097721338272095,7.164661884307861,80.79756927490234
18,3249,,,,-1.1269128322601318,7.914483547210693,119.45578002929688,,,
18,3299,,,,-0.8563835620880127,11.069994926452637,222.7083740234375,,,
18,3349,,,,-1.052126407623291,8.868408203125,141.90365600585938,,,
18,3399,,,,-1.0327409505844116,9.113966941833496,148.38125610351562,,,
18,3419,,,,,,,-1.3168748617172241,7.060454845428467,79.74562072753906
19,3449,,,,-1.1334819793701172,8.66700553894043,117.66250610351562,,,
19,3499,,,,-0.9676819443702698,10.328603744506836,172.36065673828125,,,
19,3549,,,,-1.4241349697113037,6.095117568969727,60.25387954711914,,,
19,3599,,,,-0.9693573713302612,11.341165542602539,171.69699096679688,,,
19,3599,,,,,,,-1.5622694492340088,5.621520042419434,44.75636672973633
20,3649,,,,-1.1550942659378052,8.612371444702148,111.9504165649414,,,
20,3699,,,,-1.0369575023651123,9.787628173828125,146.94760131835938,,,
20,3749,,,,-1.584943175315857,5.295380592346191,41.60800552368164,,,
20,3779,,,,,,,-1.3029342889785767,7.058914661407471,82.78234100341797
21,3799,,,,-1.06244957447052,9.408754348754883,138.5703582763672,,,
21,3849,,,,-1.1725594997406006,8.75340461730957,107.53764343261719,,,
21,3899,,,,-0.9241718649864197,10.97615909576416,190.52334594726562,,,
21,3949,,,,-1.3335018157958984,7.235185623168945,74.23661804199219,,,
21,3959,,,,,,,-1.5450912714004517,5.6815314292907715,46.58296585083008
22,3999,,,,-1.2379794120788574,7.469546318054199,92.499755859375,,,
22,4049,,,,-1.209963321685791,6.897884368896484,98.66354370117188,,,
22,4099,,,,-0.8164368867874146,12.29177188873291,244.16485595703125,,,
22,4139,,,,,,,-1.3301196098327637,6.884387016296387,77.67234802246094
23,4149,,,,-1.5791255235671997,5.233617782592773,42.16911315917969,,,
23,4199,,,,-1.6176550388336182,5.1948957443237305,38.58911895751953,,,
23,4249,,,,-1.5321426391601562,5.562259674072266,46.986961364746094,,,
23,4299,,,,-1.4169085025787354,6.055093288421631,61.264869689941406,,,
23,4319,,,,,,,-1.4587324857711792,6.312008857727051,57.55025863647461
24,4349,,,,-1.616504430770874,5.485421180725098,38.691505432128906,,,
24,4399,,,,-0.9607285261154175,10.651891708374023,175.1424560546875,,,
24,4449,,,,-1.5247536897659302,5.988272666931152,47.79322814941406,,,
24,4499,,,,-1.028336524963379,9.890914916992188,149.89373779296875,,,
24,4499,,,,,,,-1.5705533027648926,5.605733394622803,43.985618591308594
25,4549,,,,-0.6805037260055542,13.519855499267578,333.89990234375,,,
25,4599,,,,-0.6534802317619324,14.09869384765625,355.33642578125,,,
25,4649,,,,-1.5621614456176758,5.625321865081787,43.848876953125,,,
25,4679,,,,,,,-0.5691415071487427,16.214675903320312,455.31524658203125
26,4699,,,,-1.417740821838379,6.026660919189453,61.14756393432617,,,
26,4749,,,,-1.626882553100586,5.055546760559082,37.777870178222656,,,
26,4799,,,,-0.9316195845603943,11.231738090515137,187.28392028808594,,,
26,4849,,,,-0.9718217253684998,10.33364486694336,170.7254638671875,,,
26,4859,,,,,,,-0.23109419643878937,24.100933074951172,1002.6029052734375
27,4899,,,,-1.4091312885284424,6.836313247680664,62.37186050415039,,,
27,4949,,,,-0.4783753454685211,19.34493637084961,531.7954711914062,,,
27,4999,,,,-1.5419270992279053,5.467841625213623,45.94020080566406,,,
27,5039,,,,,,,-0.6614787578582764,14.805436134338379,367.462890625
28,5049,,,,-1.4452388286590576,5.91899299621582,57.39594650268555,,,
28,5099,,,,-1.7584137916564941,4.6220622062683105,27.90655517578125,,,
28,5149,,,,-1.6040493249893188,5.147078037261963,39.817203521728516,,,
28,5199,,,,-1.5721542835235596,5.52700662612915,42.851463317871094,,,
28,5219,,,,,,,-0.7671666741371155,13.023723602294922,288.036865234375
29,5249,,,,-1.2489383220672607,8.288261413574219,90.19482421875,,,
29,5299,,,,-0.9111084342002869,12.059303283691406,196.34124755859375,,,
29,5349,,,,-1.6687366962432861,4.915794372558594,34.307044982910156,,,
29,5399,,,,-1.6891344785690308,4.955104351043701,32.73298645019531,,,
29,5399,,,,,,,-1.2414796352386475,7.5377936363220215,95.71907043457031
30,5449,,,,-1.3208674192428589,6.463610649108887,76.42802429199219,,,
30,5499,,,,-1.0805261135101318,9.08938980102539,132.92111206054688,,,
30,5549,,,,-1.2478878498077393,7.186784744262695,90.41326904296875,,,
30,5579,,,,,,,-1.013004183769226,9.63253402709961,162.85983276367188
31,5599,,,,-1.3898990154266357,6.955926418304443,65.19599914550781,,,
31,5649,,,,-1.3681068420410156,7.198665618896484,68.5509033203125,,,
31,5699,,,,-1.7275328636169434,4.713009357452393,29.963134765625,,,
31,5749,,,,-0.9372128844261169,11.369787216186523,184.88731384277344,,,
31,5759,,,,,,,-0.7877985239028931,11.650365829467773,281.6955261230469
32,5799,,,,-1.1785697937011719,8.64688777923584,106.05964660644531,,,
32,5849,,,,-0.7280759811401367,14.149120330810547,299.25677490234375,,,
32,5899,,,,-1.0868902206420898,9.34277057647705,130.9874725341797,,,
32,5939,,,,,,,-1.491650938987732,5.944727420806885,52.99517822265625
33,5949,,,,-1.1423898935317993,8.63739013671875,115.27365112304688,,,
33,5999,,,,-1.6608002185821533,4.897626876831055,34.93975067138672,,,
33,6049,,,,-1.5647119283676147,5.642740249633789,43.592132568359375,,,
33,6099,,,,-1.1886435747146606,8.090418815612793,103.6278305053711,,,
33,6119,,,,,,,-1.1663649082183838,8.161785125732422,113.95252227783203
34,6149,,,,-1.3054097890853882,6.768218040466309,79.19725799560547,,,
34,6199,,,,-1.7108862400054932,4.409534931182861,31.133922576904297,,,
34,6249,,,,-1.4663258790969849,5.565762042999268,54.675682067871094,,,
34,6299,,,,-1.6366467475891113,5.206724166870117,36.9379997253418,,,
34,6299,,,,,,,-1.2729824781417847,7.372711181640625,88.15350341796875
35,6349,,,,-1.3506969213485718,6.821257591247559,71.35478210449219,,,
35,6399,,,,-1.4575115442276,6.053487300872803,55.79669952392578,,,
35,6449,,,,-1.2472935914993286,7.922194957733154,90.53706359863281,,,
35,6479,,,,,,,-1.639609456062317,5.1212334632873535,37.83354568481445
36,6499,,,,-1.472233772277832,5.885769844055176,53.93693923950195,,,
36,6549,,,,-1.7086215019226074,4.727795600891113,31.296695709228516,,,
36,6599,,,,-1.507035493850708,5.259958267211914,49.78339385986328,,,
36,6649,,,,-1.5618802309036255,5.357831954956055,43.877288818359375,,,
36,6659,,,,,,,-1.616909146308899,5.258428573608398,39.95372772216797
37,6699,,,,-1.3831818103790283,6.41700553894043,66.21223449707031,,,
37,6749,,,,-1.5645097494125366,5.528356075286865,43.6124267578125,,,
37,6799,,,,-1.2351816892623901,8.169942855834961,93.09754943847656,,,
37,6839,,,,,,,-1.6478089094161987,5.027333736419678,37.23265838623047
38,6849,,,,-1.663184642791748,4.831538677215576,34.748451232910156,,,
38,6899,,,,-1.7046964168548584,4.460674285888672,31.580833435058594,,,
38,6949,,,,-1.561028242111206,5.189761161804199,43.96344757080078,,,
38,6999,,,,-1.334550142288208,6.957376956939697,74.05764770507812,,,
38,7019,,,,,,,-1.6532323360443115,4.975191593170166,36.82234573364258
39,7049,,,,-1.5622318983078003,5.551858901977539,43.841773986816406,,,
39,7099,,,,-1.5693186521530151,4.974599838256836,43.132171630859375,,,
39,7149,,,,-1.3217418193817139,7.216621398925781,76.27429962158203,,,
39,7199,,,,-1.611127495765686,5.139923095703125,39.17350769042969,,,
39,7199,,,,,,,-1.5251613855361938,5.668904781341553,48.9501953125
40,7249,,,,-1.346056342124939,7.023820877075195,72.12130737304688,,,
40,7299,,,,-1.0805904865264893,8.235320091247559,132.90139770507812,,,
40,7349,,,,-1.407291054725647,6.329294204711914,62.636714935302734,,,
40,7379,,,,,,,-1.5871683359146118,5.474709510803223,42.53701400756836
41,7399,,,,-1.0453342199325562,8.919367790222168,144.14041137695312,,,
41,7449,,,,-1.3356298208236694,7.267230987548828,73.87374877929688,,,
41,7499,,,,-1.6009176969528198,4.918727874755859,40.105342864990234,,,
41,7549,,,,-1.4373592138290405,6.147165298461914,58.446807861328125,,,
41,7559,,,,,,,-1.3937554359436035,6.418829441070557,67.44638061523438
42,7599,,,,-1.620271921157837,4.7347517013549805,38.3572998046875,,,
42,7649,,,,-0.6862267255783081,13.700337409973145,329.52874755859375,,,
42,7699,,,,-1.7412928342819214,4.153751373291016,29.02866554260254,,,
42,7739,,,,,,,-0.5376662611961365,16.958267211914062,492.8075866699219
43,7749,,,,-1.5172615051269531,5.759544372558594,48.62487030029297,,,
43,7799,,,,-0.7597165703773499,14.462696075439453,278.22967529296875,,,
43,7849,,,,-0.9928480386734009,9.937643051147461,162.65670776367188,,,
43,7899,,,,-0.745159387588501,13.69188117980957,287.7137145996094,,,
43,7919,,,,,,,-1.6652652025222778,4.885136127471924,35.65079116821289
44,7949,,,,-1.563389778137207,5.053684711456299,43.72504425048828,,,
44,7999,,,,-1.498828411102295,5.380588531494141,50.73313903808594,,,
44,8049,,,,-1.6736292839050293,4.4626922607421875,33.9227294921875,,,
44,8099,,,,-1.4786958694458008,6.2184038162231445,53.140296936035156,,,
44,8099,,,,,,,-1.6227130889892578,5.1323370933532715,39.379364013671875
45,8149,,,,-1.5823296308517456,5.317570209503174,41.85914993286133,,,
45,8199,,,,-1.4338699579238892,6.137467384338379,58.91826629638672,,,
45,8249,,,,-1.5975149869918823,5.073390007019043,40.42081069946289,,,
45,8279,,,,,,,-1.333756923675537,6.718417644500732,77.72286224365234
46,8299,,,,-1.7460086345672607,3.82615327835083,28.71517562866211,,,
46,8349,,,,-1.3775792121887207,6.59914493560791,67.07192993164062,,,
46,8399,,,,-1.4591227769851685,5.625229835510254,55.59007263183594,,,
46,8449,,,,-1.4231724739074707,6.065273284912109,60.3875617980957,,,
46,8459,,,,,,,-1.6855075359344482,4.8275322914123535,33.96641159057617
47,8499,,,,-1.7688651084899902,4.143317222595215,27.243000030517578,,,
47,8549,,,,-1.3188765048980713,6.962593078613281,76.7791748046875,,,
47,8599,,,,-1.073192834854126,7.659879207611084,135.18460083007812,,,
47,8639,,,,,,,-1.012297511100769,9.457281112670898,165.07044982910156
48,8649,,,,-1.1644525527954102,8.303258895874023,109.56390380859375,,,
48,8699,,,,-1.2570784091949463,7.5164008140563965,88.52005004882812,,,
48,8749,,,,-0.9138086438179016,11.438308715820312,195.12428283691406,,,
48,8799,,,,-0.8724470138549805,13.942026138305664,214.621337890625,,,
48,8819,,,,,,,-1.3336234092712402,6.928287982940674,77.45987701416016
49,8849,,,,-1.547002911567688,5.747788906097412,45.406394958496094,,,
49,8899,,,,-0.9390751123428345,10.094462394714355,184.0962371826172,,,
49,8949,,,,-1.7920746803283691,3.9294395446777344,25.825302124023438,,,
49,8999,,,,-1.515170693397522,6.054430961608887,48.859519958496094,,,
49,8999,,,,,,,-1.7147554159164429,4.718254566192627,31.674930572509766
50,9049,,,,-1.589159607887268,5.073683738708496,41.20599365234375,,,
50,9099,,,,-0.7744937539100647,12.241482734680176,268.9219970703125,,,
50,9149,,,,-0.9720192551612854,11.921527862548828,170.64779663085938,,,
50,9179,,,,,,,-1.6055947542190552,5.163464069366455,40.74643325805664
51,9199,,,,-1.5665764808654785,5.109934329986572,43.40538024902344,,,
51,9249,,,,-1.8380464315414429,4.087005615234375,23.23130226135254,,,
51,9299,,,,-1.671881079673767,4.777313232421875,34.059547424316406,,,
51,9349,,,,-1.921385645866394,3.401559352874756,19.174955368041992,,,
51,9359,,,,,,,-1.539988398551941,5.62373161315918,47.722023010253906
52,9399,,,,-1.4812994003295898,5.5873894691467285,52.82269287109375,,,
52,9449,,,,-1.520558476448059,5.579889297485352,48.257137298583984,,,
52,9499,,,,-1.7259207963943481,4.517239570617676,30.074560165405273,,,
52,9539,,,,,,,-1.6876699924468994,4.665884971618652,33.8000602722168
53,9549,,,,-1.7890739440917969,3.7759196758270264,26.004352569580078,,,
53,9599,,,,-1.652452826499939,5.013857841491699,35.61781311035156,,,
53,9649,,,,-1.3470678329467773,7.098760604858398,71.95355224609375,,,
53,9699,,,,-1.7506623268127441,4.2391204833984375,28.40911865234375,,,
53,9719,,,,,,,-1.429243564605713,6.092655658721924,61.87190246582031
54,9749,,,,-1.4900463819503784,5.966358184814453,51.76945495605469,,,
54,9799,,,,-1.3861093521118164,6.824423313140869,65.76738739013672,,,
54,9849,,,,-1.8620989322662354,3.900954246520996,21.979671478271484,,,
54,9899,,,,-1.7502951622009277,4.162538051605225,28.433151245117188,,,
54,9899,,,,,,,-1.7208573818206787,4.495177268981934,31.346925735473633
55,9949,,,,-1.49799644947052,5.754586219787598,50.83039474487305,,,
55,9999,,,,-1.3572160005569458,6.992152214050293,70.29170227050781,,,
55,10049,,,,-1.8844472169876099,3.821577787399292,20.87723159790039,,,
55,10079,,,,,,,-1.1920825242996216,8.719538688659668,104.77757263183594
56,10099,,,,-0.772400975227356,13.921184539794922,270.220947265625,,,
56,10149,,,,-1.154792308807373,8.38123607635498,112.02826690673828,,,
56,10199,,,,-0.7747918963432312,12.296415328979492,268.7373962402344,,,
56,10249,,,,-1.0497000217437744,8.519530296325684,142.69869995117188,,,
56,10259,,,,,,,-1.6404017210006714,4.948127746582031,37.83357238769531
57,10299,,,,-1.757642149925232,4.324096202850342,27.95618438720703,,,
57,10349,,,,-0.8648225665092468,11.266336441040039,218.42254638671875,,,
57,10399,,,,-1.5421067476272583,5.446008205413818,45.92120361328125,,,
57,10439,,,,,,,-0.9836351275444031,10.14818286895752,174.91329956054688
58,10449,,,,-1.3101201057434082,7.183746337890625,78.34297180175781,,,
58,10499,,,,-1.5145821571350098,5.7829437255859375,48.9257926940918,,,
58,10549,,,,-1.7253689765930176,4.4059576988220215,30.11279296875,,,
58,10599,,,,-1.8185317516326904,4.121576309204102,24.298992156982422,,,
58,10619,,,,,,,-1.7541972398757935,4.397061347961426,29.090343475341797
59,10649,,,,-1.4219611883163452,6.011798858642578,60.55623245239258,,,
59,10699,,,,-1.0371869802474976,9.757880210876465,146.87001037597656,,,
59,10749,,,,-1.6892662048339844,4.976419448852539,32.723052978515625,,,
59,10799,,,,-1.6750028133392334,5.174311637878418,33.81561279296875,,,
59,10799,,,,,,,-1.4990355968475342,5.759545803070068,52.214237213134766
60,10849,,,,-1.7504055500030518,4.23565149307251,28.42592430114746,,,
60,10899,,,,-1.7592723369598389,4.139111518859863,27.8514404296875,,,
60,10949,,,,-1.2292404174804688,7.506277084350586,94.37989807128906,,,
60,10979,,,,,,,-0.837392270565033,11.727640151977539,247.0853271484375
61,10999,,,,-1.701297640800476,4.731409072875977,31.82895851135254,,,
61,11049,,,,-1.6440049409866333,5.378656387329102,36.317420959472656,,,
61,11099,,,,-1.8203338384628296,4.167548179626465,24.19837188720703,,,
61,11149,,,,-1.3436737060546875,6.81789493560791,72.5180892944336,,,
61,11159,,,,,,,-1.6153076887130737,5.032904148101807,39.790069580078125
62,11199,,,,-1.5387321710586548,5.842587947845459,46.279415130615234,,,
62,11249,,,,-1.8249057531356812,4.17389440536499,23.944969177246094,,,
62,11299,,,,-1.8401808738708496,3.857351541519165,23.117408752441406,,,
62,11339,,,,,,,-1.5774098634719849,5.26280403137207,44.00736999511719
63,11349,,,,-1.3334147930145264,7.481817722320557,74.25149536132812,,,
63,11399,,,,-0.9128238558769226,10.504348754882812,195.5672607421875,,,
63,11449,,,,-1.8898769617080688,3.7553396224975586,20.617828369140625,,,
63,11499,,,,-1.7397270202636719,4.5656023025512695,29.133522033691406,,,
63,11519,,,,,,,-1.7785457372665405,4.342456340789795,27.45447540283203
64,11549,,,,-1.7062783241271973,4.400617599487305,31.466014862060547,,,
64,11599,,,,-1.5542609691619873,4.945671558380127,44.653865814208984,,,
64,11649,,,,-1.5082577466964722,5.940507888793945,49.64348602294922,,,
64,11699,,,,-2.0524003505706787,2.86575984954834,14.181417465209961,,,
64,11699,,,,,,,-1.6988475322723389,4.566725730895996,33.000244140625
65,11749,,,,-1.2267048358917236,8.341063499450684,94.93255615234375,,,
65,11799,,,,-1.4750711917877197,5.596041679382324,53.58567810058594,,,
65,11849,,,,-1.149277687072754,8.303380966186523,113.45988464355469,,,
65,11879,,,,,,,-1.0103662014007568,9.777982711791992,165.34132385253906
66,11899,,,,-1.7641737461090088,4.2190046310424805,27.538875579833984,,,
66,11949,,,,-1.6197494268417358,5.034687042236328,38.40348815917969,,,
66,11999,,,,-1.8311413526535034,4.119590759277344,23.603622436523438,,,
66,12049,,,,-1.6102051734924316,4.954411506652832,39.25680160522461,,,
66,12059,,,,,,,-1.8326071500778198,4.036859512329102,24.225339889526367
67,12099,,,,-1.3173855543136597,6.897374153137207,77.0432357788086,,,
67,12149,,,,-1.8208132982254028,3.8283910751342773,24.171680450439453,,,
67,12199,,,,-1.4087133407592773,6.422532081604004,62.43193054199219,,,
67,12239,,,,,,,-1.6459084749221802,4.993800163269043,37.343650817871094
68,12249,,,,-1.3292557001113892,6.543910980224609,74.96598052978516,,,
68,12299,,,,-1.1723730564117432,8.755481719970703,107.58379364013672,,,
68,12349,,,,-1.6668766736984253,4.659732818603516,34.45429229736328,,,
68,12399,,,,-1.3687143325805664,6.293388366699219,68.455078125,,,
68,12419,,,,,,,-1.333054780960083,7.066366195678711,77.16549682617188
69,12449,,,,-1.2104518413543701,8.540660858154297,98.5526123046875,,,
69,12499,,,,-1.4407225847244263,6.0588884353637695,57.99592208862305,,,
69,12549,,,,-0.7665027976036072,10.344805717468262,273.9159240722656,,,
69,12599,,,,-1.1171127557754517,8.70036506652832,122.18202209472656,,,
69,12599,,,,,,,-1.600974440574646,5.188581943511963,41.57760238647461
70,12649,,,,-1.2792590856552124,6.422182083129883,84.11256408691406,,,
70,12699,,,,-0.8316139578819275,10.985359191894531,235.77951049804688,,,
70,12749,,,,-1.103009581565857,9.671272277832031,126.2148666381836,,,
70,12779,,,,,,,-1.5705369710922241,5.3147501945495605,44.658119201660156
71,12799,,,,-1.8341494798660278,3.9063801765441895,23.44069480895996,,,
71,12849,,,,-1.0792255401611328,7.979321479797363,133.31976318359375,,,
71,12899,,,,-1.4050219058990479,5.957756042480469,62.964847564697266,,,
71,12949,,,,-1.7512431144714355,4.634951114654541,28.37114906311035,,,
71,12959,,,,,,,-0.800475537776947,11.213597297668457,280.36865234375
72,12999,,,,-2.0603411197662354,2.908045768737793,13.924478530883789,,,
72,13049,,,,-1.6838037967681885,4.381648063659668,33.137229919433594,,,
72,13099,,,,-1.5435141324996948,5.413906097412109,45.77262496948242,,,
72,13139,,,,,,,-1.8943662643432617,3.7508411407470703,21.111265182495117
73,13149,,,,-1.5740957260131836,4.724081039428711,42.66033935546875,,,
73,13199,,,,-2.0260753631591797,3.0788521766662598,15.067618370056152,,,
73,13249,,,,-1.6431846618652344,4.844062805175781,36.38608932495117,,,
73,13299,,,,-1.9029837846755981,3.793196678161621,20.0048885345459,,,
73,13319,,,,,,,-1.3006267547607422,6.529061317443848,86.82518768310547
74,13349,,,,-1.5772980451583862,4.956897735595703,42.34693908691406,,,
74,13399,,,,-1.5819551944732666,4.986339569091797,41.89525604248047,,,
74,13449,,,,-1.7301098108291626,4.323407173156738,29.785873413085938,,,
74,13499,,,,-1.7938599586486816,3.9441421031951904,25.719356536865234,,,
74,13499,,,,,,,-1.4922187328338623,5.605342864990234,53.581634521484375
75,13549,,,,-1.2351175546646118,6.623023986816406,93.111328125,,,
75,13599,,,,-1.3802006244659424,5.860057353973389,66.66828918457031,,,
75,13649,,,,-1.8226909637451172,3.7754571437835693,24.0673885345459,,,
75,13679,,,,,,,-1.6515038013458252,4.6697492599487305,37.829368591308594
76,13699,,,,-1.548781394958496,5.398117542266846,45.22085189819336,,,
76,13749,,,,-2.0827431678771973,2.808246374130249,13.2244234085083,,,
76,13799,,,,-1.257789134979248,7.385978698730469,88.37528991699219,,,
76,13849,,,,-0.9584617614746094,10.064416885375977,176.0590057373047,,,
76,13859,,,,,,,-1.173553705215454,7.2293171882629395,119.22146606445312
77,13899,,,,-1.8688219785690308,3.771463632583618,21.642030715942383,,,
77,13949,,,,-1.3739242553710938,6.533339500427246,67.63877868652344,,,
77,13999,,,,-1.868740439414978,3.836533546447754,21.646100997924805,,,
77,14039,,,,,,,-1.877739429473877,3.853574752807617,21.74272346496582
78,14049,,,,-1.9878312349319458,3.4565725326538086,16.45465850830078,,,
78,14099,,,,-1.9624724388122559,3.5818593502044678,17.444061279296875,,,
78,14149,,,,-1.7668009996414185,4.4336748123168945,27.372787475585938,,,
78,14199,,,,-2.040623664855957,3.0263473987579346,14.571234703063965,,,
78,14219,,,,,,,-1.4493091106414795,5.979621887207031,59.54130172729492
79,14249,,,,-1.8498868942260742,4.000958442687988,22.606494903564453,,,
79,14299,,,,-2.069230556488037,2.872434616088867,13.642356872558594,,,
79,14349,,,,-1.710100531578064,4.088822364807129,31.19029998779297,,,
79,14399,,,,-1.4300765991210938,5.998570442199707,59.435157775878906,,,
79,14399,,,,,,,-1.4748789072036743,5.56881856918335,56.744136810302734
80,14449,,,,-1.8010865449905396,4.267073631286621,25.294933319091797,,,
80,14499,,,,-1.4476546049118042,5.951014041900635,57.07756805419922,,,
80,14549,,,,-2.1088247299194336,3.078918933868408,12.453614234924316,,,
80,14579,,,,,,,-1.5753921270370483,5.187642574310303,44.551395416259766
81,14599,,,,-1.8302773237228394,3.524500608444214,23.6506290435791,,,
81,14649,,,,-1.9765914678573608,3.334137439727783,16.886066436767578,,,
81,14699,,,,-1.8298990726470947,3.911233901977539,23.671241760253906,,,
81,14749,,,,-1.5372116565704346,5.79263973236084,46.44172668457031,,,
81,14759,,,,,,,-1.784106969833374,4.163980484008789,27.48589324951172
82,14799,,,,-1.8651306629180908,3.6549243927001953,21.826766967773438,,,
82,14849,,,,-1.6758272647857666,4.644355773925781,33.7514762878418,,,
82,14899,,,,-1.264898657798767,7.163923263549805,86.94032287597656,,,
82,14939,,,,,,,-1.7470015287399292,4.320925235748291,29.411760330200195
83,14949,,,,-1.7531688213348389,4.176986217498779,28.24561882019043,,,
83,14999,,,,-1.397882342338562,6.6338605880737305,64.00849151611328,,,
83,15049,,,,-1.5936808586120605,4.873254776000977,40.77925109863281,,,
83,15099,,,,-1.9697375297546387,3.51450514793396,17.154678344726562,,,
83,15119,,,,,,,-1.4142906665802002,6.106978893280029,65.3909683227539
84,15149,,,,-1.7515473365783691,3.95495343208313,28.351276397705078,,,
84,15199,,,,-1.8187040090560913,3.9551942348480225,24.289356231689453,,,
84,15249,,,,-1.6978254318237305,4.592134475708008,32.084449768066406,,,
84,15299,,,,-1.2069318294525146,6.942682266235352,99.35462951660156,,,
84,15299,,,,,,,-1.2534759044647217,7.063281536102295,95.25313568115234
85,15349,,,,-1.6457144021987915,4.627230644226074,36.174747467041016,,,
85,15399,,,,-1.8525142669677734,4.094334125518799,22.470136642456055,,,
85,15449,,,,-1.8954191207885742,3.467651844024658,20.356403350830078,,,
85,15479,,,,,,,-1.4518805742263794,5.6369099617004395,60.50642776489258
86,15499,,,,-1.4701465368270874,5.684943199157715,54.196781158447266,,,
86,15549,,,,-1.0551732778549194,9.518221855163574,140.91159057617188,,,
86,15599,,,,-1.287804365158081,6.518889904022217,82.47373962402344,,,
86,15649,,,,-1.5376243591308594,5.492267608642578,46.397605895996094,,,
86,15659,,,,,,,-1.7974720001220703,4.052642822265625,26.637676239013672
87,15699,,,,-1.1593676805496216,6.827245712280273,110.85420989990234,,,
87,15749,,,,-1.9404457807540894,3.513317584991455,18.351613998413086,,,
87,15799,,,,-1.099754810333252,9.921521186828613,127.16427612304688,,,
87,15839,,,,,,,-1.819675087928772,4.0585408210754395,25.132017135620117
88,15849,,,,-1.8814697265625,3.93649959564209,21.02084732055664,,,
88,15899,,,,-2.080038547515869,2.8388595581054688,13.307042121887207,,,
88,15949,,,,-1.5780351161956787,5.077913284301758,42.27511215209961,,,
88,15999,,,,-2.163086414337158,2.6901731491088867,10.99090576171875,,,
88,16019,,,,,,,-1.2878788709640503,7.154952526092529,86.59529876708984
89,16049,,,,-1.9469507932662964,3.2269763946533203,18.078779220581055,,,
89,16099,,,,-1.710931420326233,4.595550537109375,31.130672454833984,,,
89,16149,,,,-1.7084461450576782,4.6747846603393555,31.309329986572266,,,
89,16199,,,,-1.7923325300216675,3.9886441230773926,25.809974670410156,,,
89,16199,,,,,,,-1.7777211666107178,4.129239559173584,27.522865295410156
90,16249,,,,-2.2336788177490234,2.3095827102661133,9.34202766418457,,,
90,16299,,,,-1.9193000793457031,3.395838737487793,19.267263412475586,,,
90,16349,,,,-2.0080084800720215,3.1191680431365967,15.70766830444336,,,
90,16379,,,,,,,-1.9629437923431396,3.3325841426849365,18.250991821289062
91,16399,,,,-1.9101788997650146,3.205138921737671,19.676197052001953,,,
91,16449,,,,-1.8375884294509888,3.6698801517486572,23.25581932067871,,,
91,16499,,,,-1.6234806776046753,4.759001731872559,38.07494354248047,,,
91,16549,,,,-1.65337073802948,4.686938285827637,35.54261779785156,,,
91,16559,,,,,,,-1.7708579301834106,4.133156776428223,28.148141860961914
92,16599,,,,-1.6834880113601685,4.663197994232178,33.161338806152344,,,
92,16649,,,,-1.6023439168930054,5.064456939697266,39.97386169433594,,,
92,16699,,,,-1.669397234916687,4.550930976867676,34.25490188598633,,,
92,16739,,,,,,,-1.4041306972503662,5.3691725730896,71.25836181640625
93,16749,,,,-1.1597957611083984,6.8551435470581055,110.7450180053711,,,
93,16799,,,,-1.099247932434082,10.135143280029297,127.31278228759766,,,
93,16849,,,,-1.7549916505813599,4.190029144287109,28.127323150634766,,,
93,16899,,,,-1.748801827430725,3.6634254455566406,28.531078338623047,,,
93,16919,,,,,,,-1.7465897798538208,4.138890743255615,30.33546257019043
94,16949,,,,-1.19655442237854,8.841304779052734,101.75727844238281,,,
94,16999,,,,-1.2230473756790161,7.036801815032959,95.73541259765625,,,
94,17049,,,,-1.8200112581253052,3.480015754699707,24.216354370117188,,,
94,17099,,,,-1.196232795715332,8.572713851928711,101.83268737792969,,,
94,17099,,,,,,,-1.7370136976242065,4.3306050300598145,30.321508407592773
95,17149,,,,-1.4136860370635986,6.183218479156494,61.721153259277344,,,
95,17199,,,,-2.0667130947113037,2.969648838043213,13.721668243408203,,,
95,17249,,,,-1.9032578468322754,3.365837574005127,19.99228286743164,,,
95,17279,,,,,,,-1.707698106765747,4.717288494110107,32.22292709350586
96,17299,,,,-2.0700671672821045,2.7613821029663086,13.616104125976562,,,
96,17349,,,,-1.3834096193313599,6.292155742645264,66.17750549316406,,,
96,17399,,,,-1.2765980958938599,8.141289710998535,84.6295166015625,,,
96,17449,,,,-2.3058440685272217,2.2944931983947754,7.911811828613281,,,
96,17459,,,,,,,-1.811905026435852,3.8139147758483887,26.324954986572266
97,17499,,,,-1.9404159784317017,3.389300584793091,18.35287094116211,,,
97,17549,,,,-1.4556519985198975,5.35690975189209,56.03611755371094,,,
97,17599,,,,-1.6304054260253906,4.50602912902832,37.47265625,,,
97,17639,,,,,,,-1.692007064819336,4.362029552459717,34.588661193847656
98,17649,,,,-1.8795826435089111,3.5356836318969727,21.112382888793945,,,
98,17699,,,,-2.0252771377563477,3.0731186866760254,15.095338821411133,,,
98,17749,,,,-2.25747013092041,2.3193211555480957,8.84402084350586,,,
98,17799,,,,-1.347537875175476,5.96157169342041,71.87570190429688,,,
98,17819,,,,,,,-1.3514797687530518,7.214132785797119,73.54248046875
99,17849,,,,-1.3080708980560303,7.409418106079102,78.71347045898438,,,
99,17899,,,,-1.9065529108047485,3.4872593879699707,19.841156005859375,,,
99,17949,,,,-1.680275797843933,4.688659191131592,33.40751266479492,,,
99,17999,,,,-1.4382688999176025,5.986699104309082,58.324501037597656,,,
99,17999,,,,,,,-1.405033826828003,6.167366027832031,65.8148193359375
100,18049,,,,-1.489969253540039,4.277956008911133,51.778663635253906,,,
100,18099,,,,-1.9539560079574585,3.4482812881469727,17.789514541625977,,,
100,18149,,,,-1.1216620206832886,7.52008581161499,120.9088134765625,,,
100,18179,,,,,,,-1.5025521516799927,5.415521144866943,53.93474578857422
101,18199,,,,-2.0844712257385254,2.6491379737854004,13.171913146972656,,,
101,18249,,,,-1.9149284362792969,3.169038772583008,19.462188720703125,,,
101,18299,,,,-1.372673749923706,6.60904598236084,67.83382415771484,,,
101,18349,,,,-1.8999160528182983,3.5088577270507812,20.14670181274414,,,
101,18359,,,,,,,-1.8528716564178467,3.8112688064575195,23.174821853637695
102,18399,,,,-1.3590164184570312,6.187421798706055,70.00090789794922,,,
102,18449,,,,-1.4297442436218262,5.682632923126221,59.48065185546875,,,
102,18499,,,,-2.3179028034210205,2.255568265914917,7.695151329040527,,,
102,18539,,,,,,,-1.7340779304504395,4.292712688446045,30.815441131591797
103,18549,,,,-1.7758677005767822,3.784916877746582,26.80725860595703,,,
103,18599,,,,-1.7589380741119385,4.16638708114624,27.87287712097168,,,
103,18649,,,,-2.1773431301116943,2.451488971710205,10.63595962524414,,,
103,18699,,,,-1.4594745635986328,5.706661701202393,55.545074462890625,,,
103,18719,,,,,,,-1.260539174079895,7.301863670349121,92.46260070800781
104,18749,,,,-1.8453454971313477,3.946673631668091,22.844120025634766,,,
104,18799,,,,-1.4695054292678833,5.176724910736084,54.27684783935547,,,
104,18849,,,,-1.2058497667312622,7.797624111175537,99.60249328613281,,,
104,18899,,,,-1.681120753288269,3.959113836288452,33.34258270263672,,,
104,18899,,,,,,,-1.887593388557434,3.7089836597442627,21.385723114013672
105,18949,,,,-1.9596896171569824,3.1357927322387695,17.556194305419922,,,
105,18999,,,,-1.7754493951797485,3.911269187927246,26.83308982849121,,,
105,19049,,,,-0.8015925288200378,12.988520622253418,252.65478515625,,,
105,19079,,,,,,,-2.0840859413146973,2.7226037979125977,14.05295181274414
106,19099,,,,-0.7972922921180725,13.10780143737793,255.1688232421875,,,
106,19149,,,,-2.1789000034332275,2.3707046508789062,10.597902297973633,,,
106,19199,,,,-1.8544681072235107,3.7538206577301025,22.369277954101562,,,
106,19249,,,,-2.207369565963745,2.523271083831787,9.925453186035156,,,
106,19259,,,,,,,-2.1888363361358643,2.3939883708953857,10.94532585144043
107,19299,,,,-1.599943995475769,5.113330841064453,40.19537353515625,,,
107,19349,,,,-1.2440308332443237,7.4069929122924805,91.21981811523438,,,
107,19399,,,,-2.175645112991333,2.499490737915039,10.677630424499512,,,
107,19439,,,,,,,-2.0603151321411133,2.8074090480804443,14.622100830078125
108,19449,,,,-1.5904918909072876,4.450316429138184,41.07978820800781,,,
108,19499,,,,-2.4321975708007812,1.8722975254058838,5.9145612716674805,,,
108,19549,,,,-2.274740219116211,2.382578134536743,8.499235153198242,,,
108,19599,,,,-1.7984392642974854,3.579223871231079,25.449588775634766,,,
108,19619,,,,,,,-1.9317331314086914,3.3351736068725586,19.84670639038086
109,19649,,,,-2.2068281173706055,2.4130825996398926,9.937836647033691,,,
109,19699,,,,-1.584014892578125,4.7811503410339355,41.697021484375,,,
109,19749,,,,-1.6030923128128052,4.37047004699707,39.90504455566406,,,
109,19799,,,,-1.945859432220459,3.3498337268829346,18.124271392822266,,,
109,19799,,,,,,,-1.7349172830581665,4.438074111938477,30.96851921081543
110,19849,,,,-1.9913338422775269,2.968465805053711,16.322481155395508,,,
110,19899,,,,-1.1312705278396606,9.060901641845703,118.26316833496094,,,
110,19949,,,,-1.324809193611145,6.288623332977295,75.73747253417969,,,
110,19979,,,,,,,-1.5745141506195068,5.011651992797852,44.827938079833984
111,19999,,,,-1.4941257238388062,5.700079917907715,51.28547286987305,,,
111,20049,,,,-2.1091995239257812,2.296375274658203,12.44286823272705,,,
111,20099,,,,-2.1823997497558594,2.2702419757843018,10.512846946716309,,,
111,20149,,,,-2.2646591663360596,2.2216081619262695,8.69882583618164,,,
111,20159,,,,,,,-2.176593542098999,2.4704251289367676,11.173979759216309
112,20199,,,,-1.8726272583007812,3.2803096771240234,21.453237533569336,,,
112,20249,,,,-2.0111775398254395,2.7888174057006836,15.593465805053711,,,
112,20299,,,,-1.5809754133224487,4.89804744720459,41.98987579345703,,,
112,20339,,,,,,,-1.9331458806991577,3.289818286895752,19.747774124145508
113,20349,,,,-2.389760971069336,1.9701683521270752,6.521671772003174,,,
113,20399,,,,-1.8961200714111328,3.227774143218994,20.323566436767578,,,
113,20449,,,,-2.176636219024658,2.1163811683654785,10.653295516967773,,,
113,20499,,,,-1.7978984117507935,3.4597504138946533,25.481307983398438,,,
113,20519,,,,,,,-1.6696006059646606,4.393393516540527,36.71409606933594
114,20549,,,,-1.9431507587432861,2.900068998336792,18.237667083740234,,,
114,20599,,,,-2.1391091346740723,2.3946115970611572,11.614778518676758,,,
114,20649,,,,-1.8405613899230957,3.117396116256714,23.097166061401367,,,
114,20699,,,,-1.9725273847579956,3.0111255645751953,17.04482078552246,,,
114,20699,,,,,,,-2.034700632095337,2.8864376544952393,15.689554214477539
115,20749,,,,-2.0170726776123047,3.1706576347351074,15.383222579956055,,,
115,20799,,,,-1.7808281183242798,4.540903091430664,26.502803802490234,,,
115,20849,,,,-2.1046993732452393,2.829920530319214,12.572477340698242,,,
115,20879,,,,,,,-1.8094900846481323,3.6999213695526123,26.326824188232422
116,20899,,,,-1.9651402235031128,3.467005491256714,17.337238311767578,,,
116,20949,,,,-1.8510642051696777,3.7887203693389893,22.545284271240234,,,
116,20999,,,,-1.8301002979278564,3.619511604309082,23.6602783203125,,,
116,21049,,,,-1.7974281311035156,3.843812942504883,25.508920669555664,,,
116,21059,,,,,,,-1.8959426879882812,3.5760321617126465,21.150405883789062
117,21099,,,,-2.042436122894287,3.0798792839050293,14.510555267333984,,,
117,21149,,,,-1.7747501134872437,3.9079174995422363,26.876327514648438,,,
117,21199,,,,-2.2105844020843506,2.2200815677642822,9.852256774902344,,,
117,21239,,,,,,,-1.9540809392929077,3.2054481506347656,18.922992706298828
118,21249,,,,-1.6112570762634277,4.7162981033325195,39.161834716796875,,,
118,21299,,,,-1.2630772590637207,6.968698978424072,87.30574798583984,,,
118,21349,,,,-1.0125789642333984,11.418354034423828,155.43222045898438,,,
118,21399,,,,-2.2009549140930176,2.6935911178588867,10.073145866394043,,,
118,21419,,,,,,,-1.592398762702942,4.7596564292907715,43.28606033325195
119,21449,,,,-1.6059539318084717,5.162871360778809,39.6429557800293,,,
119,21499,,,,-2.1659107208251953,2.6972198486328125,10.919666290283203,,,
119,21549,,,,-1.9806450605392456,3.3455777168273926,16.729198455810547,,,
119,21599,,,,-1.5153900384902954,5.293604850769043,48.834861755371094,,,
119,21599,,,,,,,-2.243152379989624,2.2753937244415283,9.63564395904541
120,21649,,,,-2.4543302059173584,1.756584644317627,5.620692253112793,,,
120,21699,,,,-1.8721846342086792,3.236820936203003,21.475109100341797,,,
120,21749,,,,-1.4481967687606812,4.462106227874756,57.0063591003418,,,
120,21779,,,,,,,-2.2743725776672363,2.1389529705047607,9.055967330932617
121,21799,,,,-2.2294209003448486,2.242608070373535,9.434067726135254,,,
121,21849,,,,-1.6077263355255127,4.787619590759277,39.481502532958984,,,
121,21899,,,,-1.9161672592163086,3.5159926414489746,19.40674591064453,,,
121,21949,,,,-2.1106925010681152,2.512503147125244,12.400163650512695,,,
121,21959,,,,,,,-2.341322183609009,1.9722819328308105,7.876809120178223
122,21999,,,,-1.6023691892623901,5.3481059074401855,39.971534729003906,,,
122,22049,,,,-1.2387025356292725,7.799578666687012,92.34585571289062,,,
122,22099,,,,-1.8448306322097778,3.873591899871826,22.871227264404297,,,
122,22139,,,,,,,-2.0002737045288086,3.34503173828125,16.69668960571289
123,22149,,,,-2.1232619285583496,2.8179564476013184,12.046419143676758,,,
123,22199,,,,-2.018015146255493,3.1439876556396484,15.349874496459961,,,
123,22249,,,,-0.9914011359214783,8.487724304199219,163.19949340820312,,,
123,22299,,,,-2.1969923973083496,2.621107578277588,10.165477752685547,,,
123,22319,,,,,,,-2.1406729221343994,2.5606255531311035,12.236881256103516
124,22349,,,,-2.160409927368164,2.2448086738586426,11.058858871459961,,,
124,22399,,,,-1.3456066846847534,6.3047285079956055,72.19601440429688,,,
124,22449,,,,-1.5290241241455078,5.275713920593262,47.32558059692383,,,
124,22499,,,,-2.1940765380859375,2.2403712272644043,10.233959197998047,,,
124,22499,,,,,,,-2.3252460956573486,1.9935600757598877,8.103321075439453
125,22549,,,,-2.257037878036499,2.320770740509033,8.852831840515137,,,
125,22599,,,,-2.1736884117126465,2.3326268196105957,10.725846290588379,,,
125,22649,,,,-1.6574444770812988,4.233969211578369,35.21076965332031,,,
125,22679,,,,,,,-1.8130242824554443,3.7963106632232666,26.275131225585938
126,22699,,,,-2.008643627166748,2.4279541969299316,15.684701919555664,,,
126,22749,,,,-1.8306902647018433,3.707754611968994,23.628143310546875,,,
126,22799,,,,-2.291455030441284,2.338503122329712,8.178338050842285,,,
126,22849,,,,-2.2853543758392334,2.2288174629211426,8.294031143188477,,,
126,22859,,,,,,,-2.257075786590576,2.221463203430176,9.55514907836914
127,22899,,,,-1.5226548910140991,5.803354263305664,48.02476501464844,,,
127,22949,,,,-1.3871029615402222,6.625733852386475,65.61711120605469,,,
127,22999,,,,-1.6746814250946045,3.9990031719207764,33.84064483642578,,,
127,23039,,,,,,,-1.7748574018478394,4.012133598327637,27.66897201538086
128,23049,,,,-1.8825098276138306,3.532947540283203,20.970565795898438,,,
128,23099,,,,-2.0873169898986816,2.500375986099243,13.085885047912598,,,
128,23149,,,,-2.2764892578125,2.276127338409424,8.465073585510254,,,
128,23199,,,,-1.7953418493270874,4.077209949493408,25.63174819946289,,,
128,23219,,,,,,,-2.341576337814331,2.0290393829345703,7.863424301147461
129,23249,,,,-1.6418781280517578,4.05861759185791,36.49571990966797,,,
129,23299,,,,-1.2427682876586914,6.679054260253906,91.48536682128906,,,
129,23349,,,,-1.3611643314361572,5.486316680908203,69.655517578125,,,
129,23399,,,,-1.996467113494873,2.8666908740997314,16.13068199157715,,,
129,23399,,,,,,,-2.19608998298645,2.4138131141662598,10.869272232055664
130,23449,,,,-1.8791730403900146,3.9007887840270996,21.13231658935547,,,
130,23499,,,,-2.1743974685668945,2.422604560852051,10.708353042602539,,,
130,23549,,,,-2.2167415618896484,2.575106620788574,9.7135591506958,,,
130,23579,,,,,,,-1.872403621673584,3.1776905059814453,23.526124954223633
131,23599,,,,-1.7774618864059448,3.520923137664795,26.70903778076172,,,
131,23649,,,,-2.214081287384033,2.2152323722839355,9.773248672485352,,,
131,23699,,,,-2.124272108078003,2.457986831665039,12.0184326171875,,,
131,23749,,,,-2.4761905670166016,1.9221597909927368,5.344776153564453,,,
131,23759,,,,,,,-1.7104045152664185,4.17877721786499,33.12752151489258
132,23799,,,,-2.4700348377227783,1.5139949321746826,5.421072483062744,,,
132,23849,,,,-2.349591016769409,2.1774439811706543,7.153669357299805,,,
132,23899,,,,-2.0919506549835205,2.7882156372070312,12.947000503540039,,,
132,23939,,,,,,,-2.222929000854492,2.417977809906006,10.356605529785156
133,23949,,,,-2.1043686866760254,2.952583074569702,12.58204460144043,,,
133,23999,,,,-1.5549933910369873,4.2601799964904785,44.57862091064453,,,
133,24049,,,,-1.8702692985534668,2.8966102600097656,21.570022583007812,,,
133,24099,,,,-1.8861554861068726,3.4652099609375,20.795276641845703,,,
133,24119,,,,,,,-1.6059523820877075,4.765587329864502,42.83496856689453
134,24149,,,,-1.6638908386230469,4.243878364562988,34.691986083984375,,,
134,24199,,,,-2.2831358909606934,2.2081618309020996,8.336509704589844,,,
134,24249,,,,-1.5175129175186157,4.978299140930176,48.596736907958984,,,
134,24299,,,,-2.3767027854919434,1.9587903022766113,6.720741271972656,,,
134,24299,,,,,,,-2.2321360111236572,2.2584352493286133,10.079998970031738
135,24349,,,,-2.3531017303466797,2.210303783416748,7.096076965332031,,,
135,24399,,,,-1.8029569387435913,3.0862348079681396,25.186233520507812,,,
135,24449,,,,-1.8607064485549927,3.3585901260375977,22.050251007080078,,,
135,24479,,,,,,,-1.960673213005066,3.2431366443634033,18.582468032836914
136,24499,,,,-2.4093856811523438,1.5375295877456665,6.233532428741455,,,
136,24549,,,,-1.6300948858261108,4.043039321899414,37.499473571777344,,,
136,24599,,,,-2.3199586868286133,2.022948741912842,7.658807754516602,,,
136,24649,,,,-1.2088468074798584,6.300361633300781,98.91751098632812,,,
136,24659,,,,,,,-1.6936392784118652,4.3942131996154785,34.3563232421875
137,24699,,,,-2.294631242752075,2.3150558471679688,8.118741989135742,,,
137,24749,,,,-2.403864622116089,2.016843318939209,6.313284873962402,,,
137,24799,,,,-1.306412935256958,7.164207935333252,79.01454162597656,,,
137,24839,,,,,,,-1.890216588973999,3.456739664077759,22.016801834106445
138,24849,,,,-2.1481449604034424,2.143171787261963,11.37562370300293,,,
138,24899,,,,-1.851191759109497,3.6217308044433594,22.53866195678711,,,
138,24949,,,,-1.0783694982528687,8.854543685913086,133.582763671875,,,
138,24999,,,,-2.154860019683838,2.668088436126709,11.201081275939941,,,
138,25019,,,,,,,-1.2428361177444458,8.29313850402832,94.08971405029297
139,25049,,,,-1.7912538051605225,4.164837837219238,25.874164581298828,,,
139,25099,,,,-1.8505619764328003,3.462442398071289,22.57137680053711,,,
139,25149,,,,-1.6273845434188843,4.731213092803955,37.73422622680664,,,
139,25199,,,,-1.7957655191421509,3.7289469242095947,25.606746673583984,,,
139,25199,,,,,,,-2.157811164855957,2.528104543685913,11.888498306274414
140,25249,,,,-2.0015714168548584,2.7901570796966553,15.942214012145996,,,
140,25299,,,,-1.989229440689087,3.0869903564453125,16.40176773071289,,,
140,25349,,,,-1.9156383275985718,3.7149553298950195,19.430400848388672,,,
140,25379,,,,,,,-2.160484552383423,2.672208547592163,11.627120018005371
141,25399,,,,-2.4262938499450684,1.8301241397857666,5.995511054992676,,,
141,25449,,,,-1.9838656187057495,3.2344884872436523,16.605594635009766,,,
141,25499,,,,-2.440322160720825,1.895528793334961,5.804940700531006,,,
141,25549,,,,-1.6748775243759155,4.38009786605835,33.82537078857422,,,
141,25559,,,,,,,-1.6562451124191284,4.264434814453125,38.55487823486328
142,25599,,,,-1.6003080606460571,4.273414134979248,40.16168212890625,,,
142,25649,,,,-2.0171239376068115,3.1456871032714844,15.3814058303833,,,
142,25699,,,,-2.203680992126465,2.5564870834350586,10.010116577148438,,,
142,25739,,,,,,,-1.679465413093567,4.638494491577148,35.57780838012695
143,25749,,,,-1.754238486289978,3.9700310230255127,28.1761417388916,,,
143,25799,,,,-2.4246323108673096,1.8758745193481445,6.018492698669434,,,
143,25849,,,,-2.554229736328125,1.6314982175827026,4.465709209442139,,,
143,25899,,,,-1.6634355783462524,4.937553882598877,34.72837829589844,,,
143,25919,,,,,,,-2.388517379760742,1.851823329925537,7.094773769378662
144,25949,,,,-1.9403148889541626,3.538346290588379,18.357145309448242,,,
144,25999,,,,-1.497410535812378,6.5173726081848145,50.89902877807617,,,
144,26049,,,,-2.1843323707580566,2.5230259895324707,10.466169357299805,,,
144,26099,,,,-1.551445484161377,5.136092185974121,44.94427490234375,,,
144,26099,,,,,,,-2.0537359714508057,2.7649874687194824,15.266016960144043
145,26149,,,,-1.9394718408584595,3.5239551067352295,18.392818450927734,,,
145,26199,,,,-1.7850834131240845,3.862534999847412,26.244400024414062,,,
145,26249,,,,-1.4866012334823608,5.161197662353516,52.18178176879883,,,
145,26279,,,,,,,-1.9518321752548218,2.945211410522461,19.63825798034668
146,26299,,,,-2.467679500579834,1.5948909521102905,5.4505486488342285,,,
146,26349,,,,-2.1371452808380127,2.7946536540985107,11.667415618896484,,,
146,26399,,,,-2.643136978149414,1.458498239517212,3.6390082836151123,,,
146,26449,,,,-2.5633769035339355,1.4759657382965088,4.3726348876953125,,,
146,26459,,,,,,,-2.3338775634765625,1.973512053489685,8.175307273864746
147,26499,,,,-1.5350068807601929,5.352304458618164,46.6781005859375,,,
147,26549,,,,-1.5937458276748657,4.521298408508301,40.77315139770508,,,
147,26599,,,,-1.8120545148849487,3.9479124546051025,24.66411590576172,,,
147,26639,,,,,,,-2.1172382831573486,2.5935020446777344,13.073415756225586
148,26649,,,,-1.8682868480682373,3.4560842514038086,21.668716430664062,,,
148,26699,,,,-1.6530898809432983,3.6883835792541504,35.56560516357422,,,
148,26749,,,,-1.900338888168335,3.402390480041504,20.127092361450195,,,
148,26799,,,,-1.4361650943756104,6.442385196685791,58.607723236083984,,,
148,26819,,,,,,,-1.989258885383606,3.0087780952453613,17.904756546020508
149,26849,,,,-2.1965672969818115,2.371664047241211,10.175429344177246,,,
149,26899,,,,-2.355687379837036,1.8735699653625488,7.053952693939209,,,
149,26949,,,,-1.0050177574157715,10.503425598144531,158.16204833984375,,,
149,26999,,,,-1.9953540563583374,3.091521978378296,16.172080993652344,,,
149,26999,,,,,,,-1.735208511352539,4.396636962890625,31.235286712646484
150,27049,,,,-2.047098159790039,2.4824576377868652,14.355613708496094,,,
150,27099,,,,-1.9871596097946167,2.9601354598999023,16.48012924194336,,,
150,27149,,,,-1.4222146272659302,6.0992536544799805,60.52090835571289,,,
150,27179,,,,,,,-1.5850002765655518,4.952149391174316,44.828731536865234
151,27199,,,,-1.3511122465133667,6.010251522064209,71.28657531738281,,,
151,27249,,,,-2.6177077293395996,1.488729476928711,3.858445405960083,,,
151,27299,,,,-1.9690909385681152,2.8040547370910645,17.180240631103516,,,
151,27349,,,,-1.8288905620574951,3.068544387817383,23.72627067565918,,,
151,27359,,,,,,,-1.9868308305740356,3.1148104667663574,17.509031295776367
152,27399,,,,-2.019395351409912,3.1093645095825195,15.301172256469727,,,
152,27449,,,,-2.6091601848602295,1.317190408706665,3.9351375102996826,,,
152,27499,,,,-1.6379815340042114,4.9191083908081055,36.82463455200195,,,
152,27539,,,,,,,-2.371472120285034,1.9280297756195068,7.3579487800598145
153,27549,,,,-2.2433738708496094,2.023489236831665,9.135788917541504,,,
153,27599,,,,-1.6106737852096558,5.000614166259766,39.21446228027344,,,
153,27649,,,,-2.244666337966919,2.367795944213867,9.108646392822266,,,
153,27699,,,,-1.834039330482483,3.613065242767334,23.4466495513916,,,
153,27719,,,,,,,-2.3922061920166016,1.7989373207092285,7.222358226776123
154,27749,,,,-2.1476292610168457,2.5336756706237793,11.38913631439209,,,
154,27799,,,,-2.189811944961548,2.280848979949951,10.334939956665039,,,
154,27849,,,,-2.0029797554016113,2.6470394134521484,15.890596389770508,,,
154,27899,,,,-2.3802244663238525,1.8699003458023071,6.666466236114502,,,
154,27899,,,,,,,-2.3842923641204834,1.9481472969055176,7.072988986968994
155,27949,,,,-2.0515291690826416,2.6717472076416016,14.209901809692383,,,
155,27999,,,,-2.3661677837371826,1.9942967891693115,6.885765552520752,,,
155,28049,,,,-2.1967785358428955,2.3042030334472656,10.170479774475098,,,
155,28079,,,,,,,-2.361327886581421,2.0239346027374268,7.595123291015625
156,28099,,,,-2.271752119064331,2.282370090484619,8.557915687561035,,,
156,28149,,,,-1.400199294090271,6.441641807556152,63.667930603027344,,,
156,28199,,,,-2.6511456966400146,1.4253545999526978,3.5725162029266357,,,
156,28249,,,,-2.0095291137695312,2.7127444744110107,15.652761459350586,,,
156,28259,,,,,,,-1.688129186630249,4.119804382324219,35.919029235839844
157,28299,,,,-1.7077603340148926,4.623859405517578,31.35881805419922,,,
157,28349,,,,-1.0122027397155762,9.478121757507324,155.56689453125,,,
157,28399,,,,-2.150935649871826,2.1526708602905273,11.302759170532227,,,
157,28439,,,,,,,-1.6308302879333496,4.7844367027282715,39.59040832519531
158,28449,,,,-1.3104231357574463,7.520355701446533,78.28829956054688,,,
158,28499,,,,-2.0997846126556396,2.6041994094848633,12.715554237365723,,,
158,28549,,,,-1.8071173429489136,3.2414772510528564,24.946107864379883,,,
158,28599,,,,-2.0453503131866455,2.791351795196533,14.413517951965332,,,
158,28619,,,,,,,-1.9270317554473877,3.334423303604126,20.303009033203125
159,28649,,,,-2.1314027309417725,2.5112524032592773,11.82271671295166,,,
159,28699,,,,-2.2972605228424072,1.9788086414337158,8.069740295410156,,,
159,28749,,,,-2.036860942840576,3.3269577026367188,14.698026657104492,,,
159,28799,,,,-1.8148008584976196,3.9630534648895264,24.508628845214844,,,
159,28799,,,,,,,-2.1257810592651367,2.729576349258423,12.617822647094727
160,28849,,,,-2.4924368858337402,1.7029619216918945,5.148528575897217,,,
160,28899,,,,-2.072438955307007,3.3646669387817383,13.541945457458496,,,
160,28949,,,,-2.049924373626709,2.864393949508667,14.262496948242188,,,
160,28979,,,,,,,-2.0665180683135986,3.089348554611206,14.34112548828125
161,28999,,,,-1.7548497915267944,3.8810598850250244,28.13650131225586,,,
161,29049,,,,-2.217247247695923,2.344082832336426,9.702253341674805,,,
161,29099,,,,-1.6704589128494263,4.743551254272461,34.1712646484375,,,
161,29149,,,,-2.5258326530456543,1.5218372344970703,4.767465114593506,,,
161,29159,,,,,,,-2.448023796081543,1.7247785329818726,6.2410430908203125
162,29199,,,,-2.055910110473633,2.509064197540283,14.067276000976562,,,
162,29249,,,,-2.6974501609802246,1.2476317882537842,3.21121883392334,,,
162,29299,,,,-2.3589060306549072,1.9038796424865723,7.001870155334473,,,
162,29339,,,,,,,-2.4049439430236816,1.8084065914154053,6.983962535858154
163,29349,,,,-2.101938009262085,2.571216106414795,12.652666091918945,,,
163,29399,,,,-2.2169573307037354,1.8602030277252197,9.708738327026367,,,
163,29449,,,,-1.2237821817398071,7.010541915893555,95.57357788085938,,,
163,29499,,,,-1.479123592376709,6.533065319061279,53.0880126953125,,,
163,29519,,,,,,,-1.3094322681427002,7.025013446807861,82.9348373413086
164,29549,,,,-2.2756950855255127,2.2468223571777344,8.480565071105957,,,
164,29599,,,,-2.1178221702575684,2.638038158416748,12.19825553894043,,,
164,29649,,,,-1.2071648836135864,8.024497032165527,99.30132293701172,,,
164,29699,,,,-1.798056960105896,4.543185710906982,25.471996307373047,,,
164,29699,,,,,,,-1.5303360223770142,5.432294845581055,49.62644958496094
165,29749,,,,-2.3626716136932373,1.9507620334625244,6.94141960144043,,,
165,29799,,,,-1.6379271745681763,4.071591854095459,36.82925796508789,,,
165,29849,,,,-2.611598014831543,1.5391654968261719,3.913109540939331,,,
165,29879,,,,,,,-2.3819029331207275,1.8041473627090454,7.277956485748291
166,29899,,,,-2.417720079421997,1.9158320426940918,6.115051746368408,,,
166,29949,,,,-2.3930861949920654,2.208400011062622,6.471931457519531,,,
166,29999,,,,-1.9704244136810303,3.3154444694519043,17.127567291259766,,,
166,30049,,,,-2.675717830657959,1.3869916200637817,3.3759989738464355,,,
166,30059,,,,,,,-2.0457191467285156,2.782233238220215,15.353045463562012
167,30099,,,,-2.2923097610473633,2.548840045928955,8.162257194519043,,,
167,30149,,,,-2.4839978218078613,1.4759132862091064,5.249549388885498,,,
167,30199,,,,-2.214620351791382,2.538057565689087,9.761119842529297,,,
167,30239,,,,,,,-1.9007772207260132,3.8858273029327393,20.53980827331543
168,30249,,,,-1.9782923460006714,3.1867551803588867,16.8200626373291,,,
168,30299,,,,-1.8416566848754883,3.2947750091552734,23.038991928100586,,,
168,30349,,,,-2.6907782554626465,1.3945565223693848,3.260932445526123,,,
168,30399,,,,-2.5367634296417236,1.6573610305786133,4.648970127105713,,,
168,30419,,,,,,,-1.9504073858261108,3.738036870956421,18.34000015258789
169,30449,,,,-2.2457568645477295,1.9123594760894775,9.085799217224121,,,
169,30499,,,,-2.6476330757141113,1.2045562267303467,3.601529598236084,,,
169,30549,,,,-2.160088539123535,2.5627248287200928,11.067045211791992,,,
169,30599,,,,-2.6821465492248535,1.3682256937026978,3.3263919353485107,,,
169,30599,,,,,,,-2.480834722518921,1.66548752784729,5.885530471801758
170,30649,,,,-2.438338279724121,1.9079229831695557,5.831518173217773,,,
170,30699,,,,-1.8035306930541992,4.061509132385254,25.152965545654297,,,
170,30749,,,,-2.3887054920196533,1.7328282594680786,6.5375447273254395,,,
170,30779,,,,,,,-2.179844379425049,2.3028926849365234,11.4579496383667
171,30799,,,,-2.0886917114257812,2.5547666549682617,13.044525146484375,,,
171,30849,,,,-2.6600193977355957,1.2087713479995728,3.500262498855591,,,
171,30899,,,,-2.0041439533233643,2.9364523887634277,15.848065376281738,,,
171,30949,,,,-2.5235586166381836,1.6798527240753174,4.792491912841797,,,
171,30959,,,,,,,-1.829879879951477,4.036069869995117,24.300811767578125
172,30999,,,,-2.2185652256011963,1.9329460859298706,9.672859191894531,,,
172,31049,,,,-1.932028889656067,2.6489200592041016,18.71074676513672,,,
172,31099,,,,-1.7135556936264038,3.857511520385742,30.943145751953125,,,
172,31139,,,,,,,-2.165916681289673,2.2245798110961914,12.031338691711426
173,31149,,,,-1.5426386594772339,5.515655994415283,45.864994049072266,,,
173,31199,,,,-2.3968429565429688,1.6970605850219727,6.416187286376953,,,
173,31249,,,,-2.495925188064575,1.7515842914581299,5.107341289520264,,,
173,31299,,,,-2.649111270904541,1.3621375560760498,3.5892930030822754,,,
173,31319,,,,,,,-1.9237244129180908,3.0990142822265625,20.552690505981445
174,31349,,,,-1.8016358613967896,3.905695915222168,25.26294708251953,,,
174,31399,,,,-2.18223237991333,1.8439924716949463,10.516899108886719,,,
174,31449,,,,-2.16969633102417,2.6219630241394043,10.824897766113281,,,
174,31499,,,,-1.5768840312957764,5.088670253753662,42.38732147216797,,,
174,31499,,,,,,,-2.2215588092803955,2.4892795085906982,9.88607120513916
175,31549,,,,-2.1836185455322266,1.9451870918273926,10.483383178710938,,,
175,31599,,,,-2.3482584953308105,1.6956639289855957,7.175654888153076,,,
175,31649,,,,-2.1493678092956543,2.2285568714141846,11.343637466430664,,,
175,31679,,,,,,,-2.094785690307617,2.564940929412842,13.724244117736816
176,31699,,,,-2.12660551071167,2.616893768310547,11.954034805297852,,,
176,31749,,,,-2.1402266025543213,2.5091969966888428,11.58492660522461,,,
176,31799,,,,-2.546626091003418,1.7693661451339722,4.544583320617676,,,
176,31849,,,,-2.194394826889038,2.1867964267730713,10.226458549499512,,,
176,31859,,,,,,,-2.5103800296783447,1.5446749925613403,5.491570472717285
177,31899,,,,-1.9803853034973145,3.2718663215637207,16.739200592041016,,,
177,31949,,,,-1.97243332862854,2.9915213584899902,17.048521041870117,,,
177,31999,,,,-1.6972503662109375,4.080233573913574,32.12696075439453,,,
177,32039,,,,,,,-2.3568475246429443,1.8765487670898438,7.618338584899902
178,32049,,,,-1.8196057081222534,3.865795612335205,24.238971710205078,,,
178,32099,,,,-2.1813113689422607,2.1481921672821045,10.53921890258789,,,
178,32149,,,,-2.49992036819458,1.7111074924468994,5.060571670532227,,,
178,32199,,,,-2.1800575256347656,2.2684237957000732,10.569700241088867,,,
178,32219,,,,,,,-2.370976209640503,1.8675421476364136,7.528086185455322
179,32249,,,,-2.544809341430664,1.6016700267791748,4.563633918762207,,,
179,32299,,,,-1.3577710390090942,6.204691410064697,70.20191192626953,,,
179,32349,,,,-2.207395076751709,2.2033846378326416,9.924870491027832,,,
179,32399,,,,-2.2676138877868652,2.21217942237854,8.639846801757812,,,
179,32399,,,,,,,-2.136066436767578,2.2513513565063477,13.046738624572754
180,32449,,,,-2.589750289916992,1.5770089626312256,4.114999294281006,,,
180,32499,,,,-1.8530887365341187,4.016849517822266,22.44044303894043,,,
180,32549,,,,-1.834920048713684,3.452580451965332,23.399147033691406,,,
180,32579,,,,,,,-2.0501763820648193,2.694276809692383,15.663283348083496
181,32599,,,,-1.7430031299591064,4.163778781890869,28.914567947387695,,,
181,32649,,,,-2.300121545791626,2.293985605239868,8.016752243041992,,,
181,32699,,,,-1.8683686256408691,3.406167984008789,21.664628982543945,,,
181,32749,,,,-2.285400867462158,2.325511932373047,8.293147087097168,,,
181,32759,,,,,,,-1.9926830530166626,3.1001107692718506,17.318492889404297
182,32799,,,,-1.8074971437454224,3.7730424404144287,24.924291610717773,,,
182,32849,,,,-2.163827896118164,2.6695990562438965,10.972160339355469,,,
182,32899,,,,-1.9966679811477661,2.906078815460205,16.12322998046875,,,
182,32939,,,,,,,-2.097416400909424,2.872649908065796,13.377937316894531
183,32949,,,,-2.635805130004883,1.4172184467315674,3.700962781906128,,,
183,32999,,,,-2.292630910873413,1.7944661378860474,8.156221389770508,,,
183,33049,,,,-2.811781883239746,1.170211672782898,2.4679603576660156,,,
183,33099,,,,-1.8822588920593262,3.7116618156433105,20.98268699645996,,,
183,33119,,,,,,,-1.8837478160858154,3.051835060119629,23.417686462402344
184,33149,,,,-2.269742727279663,2.243223190307617,8.597599029541016,,,
184,33199,,,,-2.5076146125793457,1.8667519092559814,4.971708297729492,,,
184,33249,,,,-1.1115503311157227,7.991212844848633,123.7569808959961,,,
184,33299,,,,-2.358704090118408,1.75419020652771,7.005125999450684,,,
184,33299,,,,,,,-2.5147125720977783,1.5391342639923096,5.528453826904297
185,33349,,,,-2.3698348999023438,2.046398162841797,6.827866554260254,,,
185,33399,,,,-2.3000035285949707,1.8066163063049316,8.018928527832031,,,
185,33449,,,,-2.12827467918396,2.6253185272216797,11.908174514770508,,,
185,33479,,,,,,,-2.522953748703003,1.5319405794143677,5.405028343200684
186,33499,,,,-2.1659510135650635,2.690955638885498,10.918651580810547,,,
186,33549,,,,-1.9288437366485596,2.8592958450317383,18.84847640991211,,,
186,33599,,,,-1.8179904222488403,3.7888364791870117,24.329296112060547,,,
186,33649,,,,-2.542224168777466,1.5495842695236206,4.590879440307617,,,
186,33659,,,,,,,-2.099022626876831,2.820655345916748,13.237143516540527
187,33699,,,,-1.6242401599884033,4.42894172668457,38.0084228515625,,,
187,33749,,,,-2.498776435852051,1.8015031814575195,5.073919296264648,,,
187,33799,,,,-2.1439313888549805,2.5878186225891113,11.486526489257812,,,
187,33839,,,,,,,-2.1176600456237793,2.4503591060638428,13.21470832824707
188,33849,,,,-2.5510458946228027,1.401235818862915,4.498565673828125,,,
188,33899,,,,-2.0424015522003174,2.94441556930542,14.51170539855957,,,
188,33949,,,,-2.613276243209839,1.652809500694275,3.8980190753936768,,,
188,33999,,,,-2.301603078842163,1.913672685623169,7.98945426940918,,,
188,34019,,,,,,,-2.147920846939087,2.556844711303711,12.087723731994629
189,34049,,,,-2.285609483718872,1.9170677661895752,8.289163589477539,,,
189,34099,,,,-2.01371693611145,2.9062113761901855,15.50255012512207,,,
189,34149,,,,-2.6668832302093506,1.4532711505889893,3.4453768730163574,,,
189,34199,,,,-2.3770153522491455,1.6104737520217896,6.715904235839844,,,
189,34199,,,,,,,-2.17934513092041,2.2728958129882812,11.573440551757812
190,34249,,,,-2.427644968032837,1.7360116243362427,5.976888179779053,,,
190,34299,,,,-1.898848295211792,3.5947933197021484,20.196304321289062,,,
190,34349,,,,-1.7813910245895386,4.009479522705078,26.46847915649414,,,
190,34379,,,,,,,-1.719391107559204,4.429604530334473,31.976837158203125
191,34399,,,,-1.7335925102233887,3.660191059112549,29.547958374023438,,,
191,34449,,,,-1.7543927431106567,3.5633842945098877,28.166133880615234,,,
191,34499,,,,-1.8004530668258667,3.6600828170776367,25.331859588623047,,,
191,34549,,,,-1.8306334018707275,4.038752555847168,23.631244659423828,,,
191,34559,,,,,,,-1.7915292978286743,3.976914167404175,27.37113380432129
192,34599,,,,-1.8963478803634644,3.266592025756836,20.312915802001953,,,
192,34649,,,,-2.2488462924957275,2.317305088043213,9.02139663696289,,,
192,34699,,,,-1.8666805028915405,2.995262861251831,21.74901580810547,,,
192,34739,,,,,,,-1.9450277090072632,3.59451961517334,18.836435317993164
193,34749,,,,-2.3592069149017334,1.7563819885253906,6.997021198272705,,,
193,34799,,,,-1.9533400535583496,3.0568830966949463,17.81475257873535,,,
193,34849,,,,-2.1726295948028564,2.194591999053955,10.752026557922363,,,
193,34899,,,,-1.551037073135376,5.79869270324707,44.986572265625,,,
193,34919,,,,,,,-1.8538204431533813,3.0668537616729736,24.57095718383789
194,34949,,,,-2.411738157272339,1.8934433460235596,6.199857711791992,,,
194,34999,,,,-2.0607593059539795,2.714838743209839,13.911078453063965,,,
194,35049,,,,-1.9056527614593506,3.0512142181396484,19.882328033447266,,,
194,35099,,,,-2.1656172275543213,2.4226109981536865,10.927043914794922,,,
194,35099,,,,,,,-2.466658592224121,1.6041642427444458,6.184515476226807
195,35149,,,,-2.038607358932495,2.293529748916626,14.639039039611816,,,
195,35199,,,,-2.514744281768799,1.5579653978347778,4.890756607055664,,,
195,35249,,,,-2.315424680709839,1.9978563785552979,7.739187717437744,,,
195,35279,,,,,,,-2.4877469539642334,1.6587700843811035,5.676210880279541
196,35299,,,,-2.195355176925659,2.214280128479004,10.203863143920898,,,
196,35349,,,,-2.156151533126831,2.2043204307556152,11.167820930480957,,,
196,35399,,,,-1.6993129253387451,3.2717905044555664,31.974742889404297,,,
196,35449,,,,-1.6182531118392944,4.859021186828613,38.5360221862793,,,
196,35459,,,,,,,-1.9998688697814941,2.9524176120758057,17.239145278930664
197,35499,,,,-2.424093723297119,1.8114135265350342,6.025959491729736,,,
197,35549,,,,-2.4640250205993652,1.7030858993530273,5.496611595153809,,,
197,35599,,,,-2.050140380859375,2.3295159339904785,14.255407333374023,,,
197,35639,,,,,,,-2.4903173446655273,1.6319732666015625,5.767024517059326
198,35649,,,,-2.4709770679473877,1.5683212280273438,5.409324645996094,,,
198,35699,,,,-2.504296064376831,1.5452325344085693,5.009842872619629,,,
198,35749,,,,-2.565183162689209,1.1978869438171387,4.354485511779785,,,
198,35799,,,,-2.2199041843414307,2.2109806537628174,9.643084526062012,,,
198,35819,,,,,,,-1.8847968578338623,3.2267863750457764,22.350305557250977
199,35849,,,,-2.0662319660186768,2.9768412113189697,13.736881256103516,,,
199,35899,,,,-2.1378183364868164,2.5820672512054443,11.649347305297852,,,
199,35949,,,,-2.5371899604797363,1.4086015224456787,4.644403457641602,,,
199,35999,,,,-2.083974838256836,2.5552027225494385,13.18697452545166,,,
199,35999,,,,,,,-2.436749219894409,1.6797378063201904,6.375476360321045
200,36049,,,,-2.3549787998199463,1.7906910181045532,7.0654730796813965,,,
200,36099,,,,-2.259962320327759,2.025193214416504,8.793420791625977,,,
200,36149,,,,-2.446458101272583,1.57108473777771,5.723504543304443,,,
200,36179,,,,,,,-1.5750666856765747,5.076399803161621,44.988372802734375
201,36199,,,,-2.5139334201812744,1.6579859256744385,4.899892330169678,,,
201,36249,,,,-2.226440191268921,2.308950424194336,9.499041557312012,,,
201,36299,,,,-2.946364641189575,1.015805721282959,1.8103208541870117,,,
201,36349,,,,-2.004079818725586,2.9597654342651367,15.850406646728516,,,
201,36359,,,,,,,-2.0684053897857666,2.8311338424682617,14.244185447692871
202,36399,,,,-2.4063432216644287,1.7705645561218262,6.277358531951904,,,
202,36449,,,,-1.637830138206482,4.591776371002197,36.83748245239258,,,
202,36499,,,,-2.7157013416290283,1.2563127279281616,3.0790657997131348,,,
202,36539,,,,,,,-2.3693718910217285,2.035723924636841,7.311240196228027
203,36549,,,,-2.1847097873687744,2.395329713821411,10.457075119018555,,,
203,36599,,,,-2.15893816947937,2.046705484390259,11.096394538879395,,,
203,36649,,,,-2.541058301925659,1.3903437852859497,4.603219985961914,,,
203,36699,,,,-2.5167970657348633,1.8293304443359375,4.867692947387695,,,
203,36719,,,,,,,-2.351083993911743,1.9717167615890503,7.83585786819458
204,36749,,,,-2.315805435180664,2.0789103507995605,7.7324042320251465,,,
204,36799,,,,-1.5734597444534302,5.017372131347656,42.72285461425781,,,
204,36849,,,,-2.829941511154175,1.0215458869934082,2.3668930530548096,,,
204,36899,,,,-1.8406530618667603,3.4048709869384766,23.09229278564453,,,
204,36899,,,,,,,-1.7793763875961304,3.36856746673584,30.1915225982666
205,36949,,,,-2.067477226257324,2.3696939945220947,13.697549819946289,,,
205,36999,,,,-2.316046953201294,1.8039283752441406,7.728105545043945,,,
205,37049,,,,-2.755857229232788,1.3994417190551758,2.80713152885437,,,
205,37079,,,,,,,-1.661605954170227,4.6038665771484375,37.19028091430664
206,37099,,,,-1.85935378074646,3.045903205871582,22.119037628173828,,,
206,37149,,,,-2.4878175258636475,1.7887827157974243,5.203583717346191,,,
206,37199,,,,-1.938309669494629,3.188215970993042,18.442092895507812,,,
206,37249,,,,-2.039600133895874,2.4877185821533203,14.605619430541992,,,
206,37259,,,,,,,-1.9524084329605103,3.3400983810424805,18.710880279541016
207,37299,,,,-1.987134337425232,3.002509593963623,16.481082916259766,,,
207,37349,,,,-2.324739933013916,2.166449546813965,7.574955940246582,,,
207,37399,,,,-2.0933005809783936,2.919161319732666,12.906827926635742,,,
207,37439,,,,,,,-2.0762977600097656,2.6043989658355713,14.80749225616455
208,37449,,,,-2.038701295852661,2.7315139770507812,14.635873794555664,,,
208,37499,,,,-1.9408270120620728,3.297194242477417,18.335514068603516,,,
208,37549,,,,-2.6096012592315674,1.2973334789276123,3.9311413764953613,,,
208,37599,,,,-2.139742374420166,2.6183290481567383,11.597854614257812,,,
208,37619,,,,,,,-2.447225332260132,1.67850923538208,6.3909010887146
209,37649,,,,-2.69380784034729,1.4685721397399902,3.2382638454437256,,,
209,37699,,,,-2.4230799674987793,1.5021713972091675,6.040045261383057,,,
209,37749,,,,-1.8302804231643677,2.7800583839416504,23.65045928955078,,,
209,37799,,,,-2.201673746109009,2.3137714862823486,10.056488037109375,,,
209,37799,,,,,,,-2.0506439208984375,2.8883819580078125,15.296979904174805
210,37849,,,,-2.3759422302246094,1.7637207508087158,6.732522964477539,,,
210,37899,,,,-1.9922866821289062,3.3125498294830322,16.28670883178711,,,
210,37949,,,,-2.1284780502319336,2.2403564453125,11.90260124206543,,,
210,37979,,,,,,,-2.3863697052001953,1.8606467247009277,7.201565742492676
211,37999,,,,-2.661190986633301,1.355172872543335,3.4908313751220703,,,
211,38049,,,,-2.9478440284729004,1.0409250259399414,1.8041636943817139,,,
211,38099,,,,-2.420158863067627,1.7139980792999268,6.080806732177734,,,
211,38149,,,,-1.964456558227539,3.1840872764587402,17.364543914794922,,,
211,38159,,,,,,,-2.426898956298828,1.798136591911316,6.526847839355469
212,38199,,,,-2.34572434425354,2.007265090942383,7.217647075653076,,,
212,38249,,,,-2.5833511352539062,1.537134051322937,4.176082134246826,,,
212,38299,,,,-2.0678272247314453,2.348583936691284,13.686518669128418,,,
212,38339,,,,,,,-2.4681236743927,1.5776385068893433,6.2546067237854
213,38349,,,,-2.2908201217651367,2.187328815460205,8.190298080444336,,,
213,38399,,,,-1.8517723083496094,3.8786017894744873,22.508563995361328,,,
213,38449,,,,-2.328603506088257,1.9243643283843994,7.507869243621826,,,
213,38499,,,,-2.5284438133239746,1.6896240711212158,4.738886833190918,,,
213,38519,,,,,,,-2.007453680038452,2.7050960063934326,17.203577041625977
214,38549,,,,-2.0908265113830566,2.3581974506378174,12.980566024780273,,,
214,38599,,,,-2.5828263759613037,1.2446316480636597,4.1811299324035645,,,
214,38649,,,,-1.8904324769973755,3.562568426132202,20.591487884521484,,,
214,38699,,,,-1.5388303995132446,5.348311424255371,46.268951416015625,,,
214,38699,,,,,,,-1.6464638710021973,4.834443092346191,38.476463317871094
215,38749,,,,-2.128662347793579,2.142249584197998,11.897560119628906,,,
215,38799,,,,-2.006502628326416,3.138652801513672,15.76222038269043,,,
215,38849,,,,-2.2379486560821533,1.872926950454712,9.250631332397461,,,
215,38879,,,,,,,-2.4773693084716797,1.5506712198257446,6.10040283203125
216,38899,,,,-2.18407940864563,2.8941502571105957,10.47226333618164,,,
216,38949,,,,-2.0616793632507324,2.225879192352295,13.881634712219238,,,
216,38999,,,,-2.331810235977173,2.464999198913574,7.452636241912842,,,
216,39049,,,,-2.0654678344726562,2.2827706336975098,13.761072158813477,,,
216,39059,,,,,,,-1.9197218418121338,2.9625697135925293,21.424495697021484
217,39099,,,,-2.91245436668396,1.1297894716262817,1.9573379755020142,,,
217,39149,,,,-2.0493078231811523,2.9970691204071045,14.282756805419922,,,
217,39199,,,,-2.268777847290039,2.549865961074829,8.616724967956543,,,
217,39239,,,,,,,-2.3840396404266357,1.7648204565048218,7.306732654571533
218,39249,,,,-2.310225486755371,1.5991928577423096,7.832390785217285,,,
218,39299,,,,-2.0914885997772217,2.8530712127685547,12.960789680480957,,,
218,39349,,,,-2.369511604309082,2.0393900871276855,6.832951068878174,,,
218,39399,,,,-1.955966591835022,2.8338654041290283,17.707347869873047,,,
218,39419,,,,,,,-2.07055401802063,2.714581251144409,14.520634651184082
219,39449,,,,-2.5324087142944336,1.7553982734680176,4.695818901062012,,,
219,39499,,,,-2.324917793273926,2.0078816413879395,7.5718536376953125,,,
219,39549,,,,-1.866864562034607,3.171841621398926,21.739797592163086,,,
219,39599,,,,-2.4450488090515137,2.07265567779541,5.742108345031738,,,
219,39599,,,,,,,-2.3648877143859863,1.7846802473068237,7.700871467590332
220,39649,,,,-1.7625067234039307,4.46415376663208,27.64479637145996,,,
220,39699,,,,-2.6295371055603027,1.2815592288970947,3.7547662258148193,,,
220,39749,,,,-2.348686456680298,2.0793139934539795,7.168585777282715,,,
220,39779,,,,,,,-1.6984554529190063,5.042585372924805,32.57355499267578
221,39799,,,,-2.334109306335449,1.9927892684936523,7.413285255432129,,,
221,39849,,,,-1.9208123683929443,3.148324966430664,19.200286865234375,,,
221,39899,,,,-2.5452635288238525,1.5570204257965088,4.558861255645752,,,
221,39949,,,,-2.016894817352295,2.8380746841430664,15.389518737792969,,,
221,39959,,,,,,,-2.380258798599243,1.789586067199707,7.31889009475708
222,39999,,,,-2.465120792388916,1.5647066831588745,5.482759952545166,,,
222,40049,,,,-2.602750062942505,1.69534170627594,3.993647575378418,,,
222,40099,,,,-2.2574825286865234,2.3449504375457764,8.843774795532227,,,
222,40139,,,,,,,-2.0479955673217773,2.9760639667510986,15.116072654724121
223,40149,,,,-1.6408107280731201,4.423549652099609,36.58552551269531,,,
223,40199,,,,-1.9387385845184326,2.62880802154541,18.423892974853516,,,
223,40249,,,,-2.2994637489318848,1.6411008834838867,8.02890682220459,,,
223,40299,,,,-2.281393051147461,2.3257410526275635,8.370030403137207,,,
223,40319,,,,,,,-2.481245279312134,1.5133700370788574,5.779226303100586
224,40349,,,,-2.5432631969451904,1.3889966011047363,4.57990837097168,,,
224,40399,,,,-2.394308090209961,1.6326372623443604,6.453743934631348,,,
224,40449,,,,-2.475916862487793,1.7676763534545898,5.34814453125,,,
224,40499,,,,-2.4041683673858643,1.7561299800872803,6.308868885040283,,,
224,40499,,,,,,,-2.3355166912078857,1.900238037109375,8.337257385253906
225,40549,,,,-2.3953969478607178,1.457810640335083,6.437589645385742,,,
225,40599,,,,-2.728463649749756,1.0304405689239502,2.9898979663848877,,,
225,40649,,,,-2.4384987354278564,1.8295392990112305,5.8293657302856445,,,
225,40679,,,,,,,-2.294424533843994,2.0496280193328857,9.01482105255127
226,40699,,,,-1.7240287065505981,4.110527038574219,30.20586395263672,,,
226,40749,,,,-2.345456600189209,1.4624748229980469,7.222096920013428,,,
226,40799,,,,-2.66420841217041,1.3051447868347168,3.466662883758545,,,
226,40849,,,,-2.131288528442383,3.1503243446350098,11.825825691223145,,,
226,40859,,,,,,,-1.8532354831695557,4.1679182052612305,22.951337814331055
227,40899,,,,-2.709700584411621,1.2451231479644775,3.1219048500061035,,,
227,40949,,,,-2.492076873779297,1.4009735584259033,5.152798652648926,,,
227,40999,,,,-2.2719411849975586,2.3809657096862793,8.554195404052734,,,
227,41039,,,,,,,-2.27382493019104,2.1027870178222656,9.389203071594238
228,41049,,,,-1.7665565013885498,3.7023305892944336,27.388208389282227,,,
228,41099,,,,-1.3195258378982544,7.424976348876953,76.66445922851562,,,
228,41149,,,,-2.7815847396850586,1.0435669422149658,2.6456682682037354,,,
228,41199,,,,-2.1610913276672363,2.4221267700195312,11.041513442993164,,,
228,41219,,,,,,,-2.0410103797912598,3.3433430194854736,14.874767303466797
229,41249,,,,-1.9487416744232178,3.4836699962615967,18.004379272460938,,,
229,41299,,,,-2.180845260620117,2.062987804412842,10.550541877746582,,,
229,41349,,,,-2.438950538635254,1.44948410987854,5.823304176330566,,,
229,41399,,,,-2.124997854232788,2.7872726917266846,11.998373031616211,,,
229,41399,,,,,,,-1.8166254758834839,3.9494307041168213,25.793962478637695
230,41449,,,,-1.9973692893981934,2.5500965118408203,16.097213745117188,,,
230,41499,,,,-1.971859097480774,2.9350733757019043,17.071073532104492,,,
230,41549,,,,-2.2901344299316406,1.7833640575408936,8.203246116638184,,,
230,41579,,,,,,,-1.9029651880264282,3.560316324234009,21.25811195373535
231,41599,,,,-2.1124558448791504,2.6685245037078857,12.349922180175781,,,
231,41649,,,,-2.2937281131744385,2.0853211879730225,8.135643005371094,,,
231,41699,,,,-2.599867820739746,1.4282417297363281,4.0202436447143555,,,
231,41749,,,,-2.426398754119873,1.597944736480713,5.994064807891846,,,
231,41759,,,,,,,-2.5843045711517334,1.3633090257644653,4.886476993560791
232,41799,,,,-2.4102697372436523,1.4058113098144531,6.220858097076416,,,
232,41849,,,,-2.242187738418579,2.264220714569092,9.160778045654297,,,
232,41899,,,,-2.685588836669922,1.4450888633728027,3.300133466720581,,,
232,41939,,,,,,,-2.5355639457702637,1.4149707555770874,5.313253879547119
233,41949,,,,-2.5924627780914307,1.4598197937011719,4.089377403259277,,,
233,41999,,,,-2.344768524169922,1.7510181665420532,7.233551025390625,,,
233,42049,,,,-2.857863664627075,1.0455023050308228,2.2195065021514893,,,
233,42099,,,,-2.3602230548858643,1.9526071548461914,6.980670928955078,,,
233,42119,,,,,,,-2.238670587539673,2.2783405780792236,10.026034355163574
234,42149,,,,-2.373274087905884,1.8770077228546143,6.77401065826416,,,
234,42199,,,,-2.0644989013671875,2.391258716583252,13.791803359985352,,,
234,42249,,,,-2.3951237201690674,1.7665934562683105,6.441637992858887,,,
234,42299,,,,-2.377866744995117,1.5228271484375,6.702754974365234,,,
234,42299,,,,,,,-2.3108887672424316,2.0888352394104004,8.56235122680664
235,42349,,,,-2.365586280822754,2.03402042388916,6.894996166229248,,,
235,42399,,,,-2.2775354385375977,2.2416534423828125,8.444711685180664,,,
235,42449,,,,-2.7751781940460205,1.1622133255004883,2.6849844455718994,,,
235,42479,,,,,,,-2.417194366455078,1.7653242349624634,6.817610740661621
236,42499,,,,-2.1776793003082275,2.2311463356018066,10.627732276916504,,,
236,42549,,,,-2.2031142711639404,2.5709500312805176,10.023185729980469,,,
236,42599,,,,-2.26387095451355,1.9688656330108643,8.714635848999023,,,
236,42649,,,,-2.241121530532837,1.924292802810669,9.183294296264648,,,
236,42659,,,,,,,-2.0197246074676514,3.403143882751465,15.601861000061035
237,42699,,,,-2.2271504402160645,2.3874645233154297,9.483518600463867,,,
237,42749,,,,-2.8259170055389404,1.3264321088790894,2.3889262676239014,,,
237,42799,,,,-2.042435646057129,2.540008306503296,14.510562896728516,,,
237,42839,,,,,,,-2.550346851348877,1.4363157749176025,5.188414096832275
238,42849,,,,-2.5884342193603516,1.2881605625152588,4.127488613128662,,,
238,42899,,,,-2.2339255809783936,2.1026358604431152,9.336721420288086,,,
238,42949,,,,-1.5805437564849854,4.550200462341309,42.031639099121094,,,
238,42999,,,,-2.7781336307525635,1.267103910446167,2.666773796081543,,,
238,43019,,,,,,,-2.3802690505981445,1.839406132698059,7.112874507904053
239,43049,,,,-2.5585665702819824,1.468015432357788,4.421335220336914,,,
239,43099,,,,-1.6661550998687744,2.930163621902466,34.511592864990234,,,
239,43149,,,,-2.601267099380493,1.3450400829315186,4.0073089599609375,,,
239,43199,,,,-2.088273525238037,2.0138328075408936,13.057092666625977,,,
239,43199,,,,,,,-2.5415594577789307,1.4636359214782715,5.227214813232422
240,43249,,,,-2.476630449295044,1.5235989093780518,5.339362144470215,,,
240,43299,,,,-2.087235450744629,2.6315853595733643,13.08834457397461,,,
240,43349,,,,-2.228576183319092,2.442335844039917,9.45244026184082,,,
240,43379,,,,,,,-2.1959776878356934,2.1377577781677246,11.25262451171875
241,43399,,,,-2.1075029373168945,2.857654094696045,12.491572380065918,,,
241,43449,,,,-2.405921697616577,1.871861219406128,6.283452033996582,,,
241,43499,,,,-2.883967399597168,1.0328917503356934,2.090031385421753,,,
241,43549,,,,-2.4898383617401123,1.9971914291381836,5.1794257164001465,,,
241,43559,,,,,,,-2.5264837741851807,1.5278774499893188,5.31014347076416
242,43599,,,,-2.686244010925293,1.4491008520126343,3.2951574325561523,,,
242,43649,,,,-2.1637606620788574,2.6933212280273438,10.973856925964355,,,
242,43699,,,,-2.6141796112060547,1.3996617794036865,3.889918088912964,,,
242,43739,,,,,,,-2.2593140602111816,2.015244960784912,9.85478687286377
243,43749,,,,-2.5279862880706787,1.5609279870986938,4.7438812255859375,,,
243,43799,,,,-2.398333787918091,1.7752606868743896,6.394199371337891,,,
243,43849,,,,-2.3353493213653564,1.8343143463134766,7.392148494720459,,,
243,43899,,,,-1.930983066558838,2.673400402069092,18.75586700439453,,,
243,43919,,,,,,,-1.7511703968048096,3.85325288772583,30.468488693237305
244,43949,,,,-1.9604243040084839,3.6817545890808105,17.52651596069336,,,
244,43999,,,,-2.6179404258728027,1.5338877439498901,3.8563785552978516,,,
244,44049,,,,-1.9576468467712402,3.8724782466888428,17.63896369934082,,,
244,44099,,,,-2.7552714347839355,1.1640667915344238,2.810919761657715,,,
244,44099,,,,,,,-2.529728651046753,1.4950517416000366,5.326478958129883
245,44149,,,,-2.3089587688446045,2.003535509109497,7.855270862579346,,,
245,44199,,,,-2.741182565689087,1.1507512331008911,2.9036035537719727,,,
245,44249,,,,-2.5802996158599854,1.27370285987854,4.205526828765869,,,
245,44279,,,,,,,-2.3860385417938232,1.7916902303695679,7.348370552062988
246,44299,,,,-2.2361834049224854,2.0991318225860596,9.288307189941406,,,
246,44349,,,,-1.8800811767578125,3.221837282180786,21.088180541992188,,,
246,44399,,,,-2.3546462059020996,2.0229809284210205,7.070887565612793,,,
246,44449,,,,-2.2055935859680176,2.5737991333007812,9.96612548828125,,,
246,44459,,,,,,,-2.2533984184265137,2.25959849357605,9.469484329223633
247,44499,,,,-2.602397918701172,1.522026538848877,3.9968888759613037,,,
247,44549,,,,-2.790269613265991,1.0152347087860107,2.593285322189331,,,
247,44599,,,,-2.6033213138580322,1.4052445888519287,3.988400459289551,,,
247,44639,,,,,,,-2.108278512954712,2.4718382358551025,13.375261306762695
248,44649,,,,-2.548149585723877,1.4351301193237305,4.528668403625488,,,
248,44699,,,,-2.553433656692505,1.4060157537460327,4.473903179168701,,,
248,44749,,,,-2.5274853706359863,1.4660662412643433,4.749356269836426,,,
248,44799,,,,-2.3637688159942627,1.7577931880950928,6.923910140991211,,,
248,44819,,,,,,,-2.5167319774627686,1.5306631326675415,5.582025051116943
249,44849,,,,-3.041064500808716,0.7795813679695129,1.4556443691253662,,,
249,44899,,,,-2.359734296798706,1.6925132274627686,6.988527297973633,,,
249,44949,,,,-2.054790496826172,3.274848699569702,14.103585243225098,,,
249,44999,,,,-1.8970582485198975,2.974407911300659,20.27971649169922,,,
249,44999,,,,,,,-2.2207179069519043,2.242309093475342,10.378399848937988
250,45049,,,,-2.373838186264038,1.2533283233642578,6.7652177810668945,,,
250,45099,,,,-2.391263008117676,2.0420427322387695,6.499157428741455,,,
250,45149,,,,-2.2235543727874756,2.4441099166870117,9.562368392944336,,,
250,45179,,,,,,,-2.2402915954589844,2.1102991104125977,9.970685005187988
251,45199,,,,-2.0679337978363037,2.7225117683410645,13.683155059814453,,,
251,45249,,,,-2.5016391277313232,1.6698704957962036,5.040584564208984,,,
251,45299,,,,-2.1776366233825684,2.268491744995117,10.628780364990234,,,
251,45349,,,,-2.520498037338257,1.6912956237792969,4.826383590698242,,,
251,45359,,,,,,,-1.8172203302383423,3.3557193279266357,28.148035049438477
252,45399,,,,-3.0396337509155273,0.8202022314071655,1.460448980331421,,,
252,45449,,,,-2.9443230628967285,1.0071022510528564,1.818850040435791,,,
252,45499,,,,-2.8699772357940674,1.0370163917541504,2.1584534645080566,,,
252,45539,,,,,,,-2.6297483444213867,1.2678471803665161,4.533480167388916
253,45549,,,,-1.8696472644805908,3.3835091590881348,21.600940704345703,,,
253,45599,,,,-1.566412091255188,5.133176803588867,43.42182159423828,,,
253,45649,,,,-2.0647010803222656,3.1133296489715576,13.78538703918457,,,
253,45699,,,,-2.6498305797576904,1.1920735836029053,3.5833513736724854,,,
253,45719,,,,,,,-2.433384656906128,1.8253065347671509,6.362663269042969
254,45749,,,,-2.614485502243042,1.2042944431304932,3.887179374694824,,,
254,45799,,,,-1.58128023147583,4.790462493896484,41.96042251586914,,,
254,45849,,,,-2.245866298675537,2.244147777557373,9.083510398864746,,,
254,45899,,,,-2.368896245956421,2.052125930786133,6.842639923095703,,,
254,45899,,,,,,,-1.918226957321167,3.6398355960845947,20.088537216186523
255,45949,,,,-2.615039825439453,1.3967972993850708,3.8822200298309326,,,
255,45999,,,,-1.9671943187713623,3.5562968254089355,17.255428314208984,,,
255,46049,,,,-2.1035497188568115,2.481038808822632,12.605799674987793,,,
255,46079,,,,,,,-2.3996689319610596,1.8325505256652832,7.020471572875977
256,46099,,,,-2.6048202514648438,1.4539637565612793,3.974658727645874,,,
256,46149,,,,-1.6170018911361694,4.853615760803223,38.64720916748047,,,
256,46199,,,,-2.532379627227783,1.5813076496124268,4.696134567260742,,,
256,46249,,,,-2.6213090419769287,1.4434640407562256,3.826582431793213,,,
256,46259,,,,,,,-2.027048349380493,2.978742837905884,16.37282371520996
257,46299,,,,-2.164525032043457,2.8016955852508545,10.954560279846191,,,
257,46349,,,,-2.417555093765259,1.7348628044128418,6.117372512817383,,,
257,46399,,,,-2.0287091732025146,2.8087527751922607,14.976512908935547,,,
257,46439,,,,,,,-2.404480218887329,1.7727292776107788,7.060710430145264
258,46449,,,,-3.101959705352783,0.8108184337615967,1.2652032375335693,,,
258,46499,,,,-2.3836100101470947,1.9992228746414185,6.61469841003418,,,
258,46549,,,,-1.3063956499099731,7.053335666656494,79.0176773071289,,,
258,46599,,,,-2.40130877494812,1.7754181623458862,6.350549697875977,,,
258,46619,,,,,,,-2.0842831134796143,2.9414055347442627,13.846487045288086
259,46649,,,,-2.0862033367156982,2.572775363922119,13.119486808776855,,,
259,46699,,,,-2.6030077934265137,1.3093374967575073,3.991281270980835,,,
259,46749,,,,-2.131699562072754,2.618340253829956,11.814641952514648,,,
259,46799,,,,-2.5990335941314697,1.2350646257400513,4.027971267700195,,,
259,46799,,,,,,,-2.3941967487335205,1.7484010457992554,7.244368553161621
260,46849,,,,-2.481245517730713,1.668931245803833,5.2829270362854,,,
260,46899,,,,-2.4922714233398438,1.3151386976242065,5.150489807128906,,,
260,46949,,,,-2.1220147609710693,2.4351301193237305,12.081069946289062,,,
260,46979,,,,,,,-1.9621679782867432,2.626858711242676,19.1446475982666
261,46999,,,,-2.7655105590820312,1.0920088291168213,2.7454254627227783,,,
261,47049,,,,-1.964409351348877,2.9359729290008545,17.366436004638672,,,
261,47099,,,,-2.1470465660095215,2.629148006439209,11.404426574707031,,,
261,47149,,,,-2.57975697517395,1.343720555305481,4.210784912109375,,,
261,47159,,,,,,,-2.625694990158081,1.297461748123169,4.41018533706665
262,47199,,,,-2.4899349212646484,1.5455780029296875,5.178275108337402,,,
262,47249,,,,-2.419571876525879,1.9309778213500977,6.0890302658081055,,,
262,47299,,,,-2.5867066383361816,1.2318871021270752,4.143940448760986,,,
262,47339,,,,,,,-2.2301440238952637,2.091961145401001,10.507315635681152
263,47349,,,,-2.0848045349121094,2.5449724197387695,13.1618013381958,,,
263,47399,,,,-2.23966646194458,2.2035422325134277,9.214113235473633,,,
263,47449,,,,-2.084909677505493,2.8463079929351807,13.158616065979004,,,
263,47499,,,,-3.0942907333374023,0.9137834310531616,1.287743091583252,,,
263,47519,,,,,,,-1.7090198993682861,4.2466654777526855,33.715293884277344
264,47549,,,,-2.6139590740203857,1.4396345615386963,3.8918917179107666,,,
264,47599,,,,-2.8399672508239746,1.3327100276947021,2.312878370285034,,,
264,47649,,,,-2.5803279876708984,1.4616563320159912,4.205252647399902,,,
264,47699,,,,-1.966145634651184,2.6572468280792236,17.29714584350586,,,
264,47699,,,,,,,-2.0520427227020264,2.620173692703247,15.176654815673828
265,47749,,,,-2.9013264179229736,1.0812832117080688,2.0081379413604736,,,
265,47799,,,,-2.0509636402130127,2.5738768577575684,14.22840690612793,,,
265,47849,,,,-2.2074086666107178,2.5021629333496094,9.924564361572266,,,
265,47879,,,,,,,-2.1936395168304443,2.7480967044830322,10.604880332946777
266,47899,,,,-2.494661569595337,1.4199044704437256,5.1222243309021,,,
266,47949,,,,-1.7308059930801392,4.465066909790039,29.73815155029297,,,
266,47999,,,,-2.7378034591674805,1.3398813009262085,2.9262843132019043,,,
266,48049,,,,-2.559385061264038,1.50929856300354,4.413009166717529,,,
266,48059,,,,,,,-2.421480178833008,1.645046353340149,6.695783615112305
267,48099,,,,-2.0539932250976562,2.2102348804473877,14.129505157470703,,,
267,48149,,,,-1.715583324432373,4.341897964477539,30.79900550842285,,,
267,48199,,,,-1.8489443063735962,3.896550416946411,22.655614852905273,,,
267,48239,,,,,,,-2.491063356399536,1.5700113773345947,5.843717098236084
268,48249,,,,-2.174553871154785,2.304293155670166,10.70449447631836,,,
268,48299,,,,-2.030346155166626,2.805403709411621,14.920172691345215,,,
268,48349,,,,-2.032147169113159,2.1505141258239746,14.858427047729492,,,
268,48399,,,,-2.004751682281494,3.2405409812927246,15.825895309448242,,,
268,48419,,,,,,,-2.1977057456970215,2.4539177417755127,10.752991676330566
269,48449,,,,-2.8617055416107178,1.2083351612091064,2.1999592781066895,,,
269,48499,,,,-2.4237782955169678,1.657041072845459,6.030340194702148,,,
269,48549,,,,-2.3579797744750977,1.8568646907806396,7.016815662384033,,,
269,48599,,,,-1.9546741247177124,3.418245315551758,17.760120391845703,,,
269,48599,,,,,,,-1.76708984375,4.236075401306152,29.001863479614258
270,48649,,,,-2.7990739345550537,0.9695957899093628,2.5412402153015137,,,
270,48699,,,,-2.507761001586914,2.0704848766326904,4.970030307769775,,,
270,48749,,,,-1.874536156654358,3.321239948272705,21.359140396118164,,,
270,48779,,,,,,,-2.323962688446045,2.0257370471954346,8.454044342041016
271,48799,,,,-2.899296522140503,0.9911700487136841,2.017544746398926,,,
271,48849,,,,-2.792717218399048,1.123390793800354,2.5787107944488525,,,
271,48899,,,,-2.80900502204895,1.0941417217254639,2.483793258666992,,,
271,48949,,,,-2.2948360443115234,2.132603645324707,8.114913940429688,,,
271,48959,,,,,,,-2.44555401802063,1.5554436445236206,6.404408931732178
272,48999,,,,-2.928501844406128,1.1618186235427856,1.8863317966461182,,,
272,49049,,,,-2.8450286388397217,1.2057534456253052,2.2860803604125977,,,
272,49099,,,,-2.7081615924835205,1.4077820777893066,3.132986545562744,,,
272,49139,,,,,,,-2.328782081604004,1.9836347103118896,8.057790756225586
273,49149,,,,-2.646878719329834,1.247901201248169,3.6077919006347656,,,
273,49199,,,,-2.2110323905944824,2.169651508331299,9.842096328735352,,,
273,49249,,,,-2.5017921924591064,1.4807296991348267,5.038809776306152,,,
273,49299,,,,-2.1999385356903076,2.255002498626709,10.096750259399414,,,
273,49319,,,,,,,-2.1991066932678223,2.225590705871582,11.035661697387695
274,49349,,,,-1.9542484283447266,2.883394718170166,17.777545928955078,,,
274,49399,,,,-2.780613899230957,1.138819932937622,2.6515891551971436,,,
274,49449,,,,-1.2979716062545776,6.961611270904541,80.56535339355469,,,
274,49499,,,,-2.787654399871826,1.1359244585037231,2.6089487075805664,,,
274,49499,,,,,,,-2.590573787689209,1.3709065914154053,4.87444543838501
275,49549,,,,-3.178399085998535,0.8438107371330261,1.061012864112854,,,
275,49599,,,,-2.830806016921997,1.0095446109771729,2.362184524536133,,,
275,49649,,,,-2.660386800765991,1.3345091342926025,3.497303009033203,,,
275,49679,,,,,,,-2.031336545944214,2.914161205291748,16.0638427734375
276,49699,,,,-2.9213685989379883,0.8950031995773315,1.9175703525543213,,,
276,49749,,,,-2.638575792312622,1.3414430618286133,3.67742919921875,,,
276,49799,,,,-1.6823680400848389,3.3901586532592773,33.24696731567383,,,
276,49849,,,,-2.116302967071533,2.7447316646575928,12.241003036499023,,,
276,49859,,,,,,,-2.2200124263763428,2.1752078533172607,10.577199935913086
277,49899,,,,-1.8055119514465332,3.923151969909668,25.038482666015625,,,
277,49949,,,,-2.5768983364105225,1.6700198650360107,4.238594055175781,,,
277,49999,,,,-2.5926389694213867,1.3114240169525146,4.0877180099487305,,,
277,50039,,,,,,,-2.4966683387756348,1.5730894804000854,5.59105920791626
278,50049,,,,-2.3801488876342773,1.9294259548187256,6.667623519897461,,,
278,50099,,,,-2.175048828125,2.7515625953674316,10.692296028137207,,,
278,50149,,,,-2.5574400424957275,1.458681583404541,4.4328179359436035,,,
278,50199,,,,-2.497392177581787,1.235975742340088,5.090117931365967,,,
278,50219,,,,,,,-1.8402249813079834,3.6591479778289795,24.487781524658203
279,50249,,,,-2.8682031631469727,1.0730197429656982,2.1672897338867188,,,
279,50299,,,,-2.9863131046295166,1.0617225170135498,1.6512272357940674,,,
279,50349,,,,-1.8110285997390747,3.3613991737365723,24.722442626953125,,,
279,50399,,,,-2.164686679840088,2.656543731689453,10.95048713684082,,,
279,50399,,,,,,,-2.2247538566589355,2.6239516735076904,10.042858123779297
280,50449,,,,-2.1676344871520996,2.7425734996795654,10.876407623291016,,,
280,50499,,,,-2.361924886703491,1.6166348457336426,6.953367233276367,,,
280,50549,,,,-1.9334269762039185,2.8148996829986572,18.65060806274414,,,
280,50579,,,,,,,-2.5034663677215576,1.5181515216827393,5.787276268005371
281,50599,,,,-2.1673498153686523,2.7662343978881836,10.883543968200684,,,
281,50649,,,,-2.6205978393554688,1.350835919380188,3.832855463027954,,,
281,50699,,,,-2.806990146636963,1.262522578239441,2.4953410625457764,,,
281,50749,,,,-2.601685047149658,1.5711764097213745,4.003456115722656,,,
281,50759,,,,,,,-1.9206815958023071,3.577008008956909,19.984529495239258
282,50799,,,,-2.0113096237182617,3.016589641571045,15.588722229003906,,,
282,50849,,,,-3.145667552947998,0.8260868787765503,1.1440707445144653,,,
282,50899,,,,-2.788058042526245,0.9943258166313171,2.606525421142578,,,
282,50939,,,,,,,-2.4146411418914795,1.609035611152649,6.718678951263428
283,50949,,,,-2.4912493228912354,1.4499249458312988,5.162628173828125,,,
283,50999,,,,-2.6202118396759033,1.2072501182556152,3.8362607955932617,,,
283,51049,,,,-2.7146592140197754,1.2661221027374268,3.0864601135253906,,,
283,51099,,,,-2.2554211616516113,2.304661273956299,8.885846138000488,,,
283,51119,,,,,,,-2.4026143550872803,1.6958045959472656,6.877197742462158
284,51149,,,,-1.6804693937301636,4.148522853851318,33.39262771606445,,,
284,51199,,,,-2.0643680095672607,2.5854623317718506,13.79595947265625,,,
284,51249,,,,-3.343407154083252,0.6309755444526672,0.7256267070770264,,,
284,51299,,,,-2.885869264602661,0.9797075390815735,2.0808982849121094,,,
284,51299,,,,,,,-2.145099639892578,2.352350950241089,12.506735801696777
285,51349,,,,-2.970940589904785,0.9771137833595276,1.710722804069519,,,
285,51399,,,,-3.069720983505249,0.9119873642921448,1.3626959323883057,,,
285,51449,,,,-2.442631721496582,1.5079052448272705,5.774155616760254,,,
285,51479,,,,,,,-2.4326279163360596,1.5736662149429321,6.501584053039551
286,51499,,,,-1.5363439321517944,5.499929428100586,46.53460693359375,,,
286,51549,,,,-2.35542368888855,1.6423487663269043,7.0582380294799805,,,
286,51599,,,,-2.3525569438934326,1.713979721069336,7.104983329772949,,,
286,51649,,,,-2.851464033126831,1.047738790512085,2.252454996109009,,,
286,51659,,,,,,,-2.319429874420166,2.0743069648742676,8.402243614196777
287,51699,,,,-2.379382848739624,1.768324375152588,6.67939567565918,,,
287,51749,,,,-2.586998701095581,1.5469311475753784,4.141156196594238,,,
287,51799,,,,-2.1293041706085205,2.4845213890075684,11.879982948303223,,,
287,51839,,,,,,,-2.5166966915130615,1.4879086017608643,5.547698497772217
288,51849,,,,-2.609635591506958,1.1521575450897217,3.930832624435425,,,
288,51899,,,,-2.5631885528564453,1.6371713876724243,4.3745317459106445,,,
288,51949,,,,-2.09132981300354,2.036440849304199,12.965536117553711,,,
288,51999,,,,-2.5959722995758057,1.4225910902023315,4.056464195251465,,,
288,52019,,,,,,,-2.286227226257324,1.8703036308288574,9.010459899902344
289,52049,,,,-2.4282991886138916,1.771898865699768,5.967892646789551,,,
289,52099,,,,-2.7220466136932373,1.3316354751586914,3.034402847290039,,,
289,52149,,,,-1.8577287197113037,3.933535099029541,22.20196533203125,,,
289,52199,,,,-2.315385103225708,2.092449903488159,7.739893436431885,,,
289,52199,,,,,,,-1.8041419982910156,3.7672674655914307,27.05129051208496
290,52249,,,,-2.959150552749634,0.8738654255867004,1.7578012943267822,,,
290,52299,,,,-1.8543787002563477,3.248502016067505,22.373884201049805,,,
290,52349,,,,-1.9764809608459473,2.7474629878997803,16.890369415283203,,,
290,52379,,,,,,,-2.1326372623443604,2.69777512550354,12.543891906738281
291,52399,,,,-2.5195281505584717,1.7419003248214722,4.8371758460998535,,,
291,52449,,,,-1.817297339439392,3.1235768795013428,24.36815643310547,,,
291,52499,,,,-2.8810958862304688,1.0752284526824951,2.103896141052246,,,
291,52549,,,,-2.573758602142334,1.6237584352493286,4.269347190856934,,,
291,52559,,,,,,,-1.894026517868042,2.9622104167938232,23.20524024963379
292,52599,,,,-2.562875509262085,1.3487586975097656,4.377685546875,,,
292,52649,,,,-2.8838908672332764,1.082793951034546,2.0903985500335693,,,
292,52699,,,,-2.9919180870056152,1.0117621421813965,1.6300532817840576,,,
292,52739,,,,,,,-2.2725138664245605,2.053743362426758,9.144644737243652
293,52749,,,,-2.5539026260375977,1.4633002281188965,4.469072341918945,,,
293,52799,,,,-2.668715715408325,1.3501529693603516,3.4308712482452393,,,
293,52849,,,,-3.3688127994537354,0.6062764525413513,0.6843947172164917,,,
293,52899,,,,-2.312173843383789,1.8461028337478638,7.797334671020508,,,
293,52919,,,,,,,-2.226787567138672,2.2361319065093994,10.482563018798828
294,52949,,,,-2.9585349559783936,0.9196671843528748,1.7602934837341309,,,
294,52999,,,,-2.166839361190796,2.047795534133911,10.896339416503906,,,
294,53049,,,,-2.194042444229126,2.3977901935577393,10.234760284423828,,,
294,53099,,,,-2.5947418212890625,1.2574670314788818,4.067974090576172,,,
294,53099,,,,,,,-2.280641555786133,2.289290189743042,8.979289054870605
295,53149,,,,-1.978125810623169,2.8467721939086914,16.826515197753906,,,
295,53199,,,,-2.1681838035583496,1.8913719654083252,10.862659454345703,,,
295,53249,,,,-2.599808931350708,1.5323491096496582,4.0207905769348145,,,
295,53279,,,,,,,-2.57938551902771,1.3405749797821045,4.897770404815674
296,53299,,,,-3.017873764038086,0.9145367741584778,1.5354878902435303,,,
296,53349,,,,-2.8274283409118652,1.0336247682571411,2.380629301071167,,,
296,53399,,,,-2.740504741668701,1.108049750328064,2.90814208984375,,,
296,53449,,,,-1.718024730682373,4.198012828826904,30.6263484954834,,,
296,53459,,,,,,,-1.8209186792373657,3.5527701377868652,26.06917953491211
297,53499,,,,-2.3535022735595703,2.101316452026367,7.089532852172852,,,
297,53549,,,,-2.357374906539917,1.5321813821792603,7.02659797668457,,,
297,53599,,,,-1.6852505207061768,4.522193908691406,33.02702331542969,,,
297,53639,,,,,,,-2.527191638946533,1.4628818035125732,5.288765907287598
298,53649,,,,-2.568373441696167,1.4318301677703857,4.3226165771484375,,,
298,53699,,,,-2.788098096847534,1.0449390411376953,2.60628604888916,,,
298,53749,,,,-2.6351194381713867,1.5664026737213135,3.7068114280700684,,,
298,53799,,,,-2.320324659347534,1.8980733156204224,7.652358055114746,,,
298,53819,,,,,,,-1.651221513748169,4.694133281707764,37.94794845581055
299,53849,,,,-2.571387529373169,1.41836416721344,4.292718887329102,,,
299,53899,,,,-1.8307996988296509,4.2122802734375,23.62220001220703,,,
299,53949,,,,-2.079616069793701,2.681199789047241,13.31999397277832,,,
299,53999,,,,-2.2725770473480225,2.421093463897705,8.541675567626953,,,
299,53999,,,,,,,-1.7846319675445557,4.099420547485352,27.33030128479004
300,54049,,,,-1.7146931886672974,4.471438407897949,30.862197875976562,,,
300,54099,,,,-2.4965107440948486,1.7788277864456177,5.10045862197876,,,
300,54149,,,,-2.8631367683410645,0.9583067297935486,2.192720413208008,,,
300,54179,,,,,,,-2.3010430335998535,2.169353723526001,8.3936767578125
301,54199,,,,-2.617964267730713,1.4235202074050903,3.856165885925293,,,
301,54249,,,,-2.3098394870758057,2.3434417247772217,7.839363098144531,,,
301,54299,,,,-3.0939323902130127,0.8565147519111633,1.2888073921203613,,,
301,54349,,,,-1.5610473155975342,5.337739944458008,43.961517333984375,,,
301,54359,,,,,,,-1.729222059249878,3.688225030899048,33.1458625793457
302,54399,,,,-2.685778856277466,1.2556260824203491,3.298686981201172,,,
302,54449,,,,-2.1296606063842773,2.7030434608459473,11.8702392578125,,,
302,54499,,,,-2.582958936691284,1.3690637350082397,4.179852485656738,,,
302,54539,,,,,,,-2.6060433387756348,1.2892580032348633,4.6299591064453125
303,54549,,,,-3.1396305561065674,0.7967920303344727,1.1600847244262695,,,
303,54599,,,,-2.2770261764526367,1.995739459991455,8.454618453979492,,,
303,54649,,,,-2.215552806854248,2.623900890350342,9.74018669128418,,,
303,54699,,,,-2.5601513385772705,1.3760793209075928,4.4052300453186035,,,
303,54719,,,,,,,-2.585735321044922,1.3872990608215332,4.831103801727295
304,54749,,,,-2.219796895980835,2.0760140419006348,9.645463943481445,,,
304,54799,,,,-2.3941092491149902,2.2222495079040527,6.456704139709473,,,
304,54849,,,,-1.6954113245010376,4.028868675231934,32.2632942199707,,,
304,54899,,,,-2.454411029815674,1.7134119272232056,5.6196465492248535,,,
304,54899,,,,,,,-1.9854317903518677,2.778981924057007,18.03977394104004
305,54949,,,,-2.3951001167297363,1.6185458898544312,6.441986083984375,,,
305,54999,,,,-2.603694200515747,1.7003068923950195,3.9849772453308105,,,
305,55049,,,,-2.747875213623047,1.270941138267517,2.859201669692993,,,
305,55079,,,,,,,-2.362231731414795,2.0965192317962646,7.581643104553223
306,55099,,,,-2.639559268951416,1.5676463842391968,3.6691086292266846,,,
306,55149,,,,-1.9371860027313232,3.4587337970733643,18.489879608154297,,,
306,55199,,,,-2.740858554840088,1.4524986743927002,2.9057703018188477,,,
306,55249,,,,-2.570983409881592,1.5870449542999268,4.296715259552002,,,
306,55259,,,,,,,-2.587151050567627,1.3687188625335693,5.0550642013549805
307,55299,,,,-2.4593827724456787,1.8855845928192139,5.5556793212890625,,,
307,55349,,,,-2.5839648246765137,1.6836146116256714,4.17018461227417,,,
307,55399,,,,-2.479663133621216,1.280888319015503,5.302209377288818,,,
307,55439,,,,,,,-2.2271268367767334,2.0867888927459717,10.193879127502441
308,55449,,,,-2.4634735584259033,1.7152305841445923,5.503593444824219,,,
308,55499,,,,-2.558708667755127,1.3871212005615234,4.419888496398926,,,
308,55549,,,,-2.8335378170013428,1.1472035646438599,2.3473739624023438,,,
308,55599,,,,-2.7478747367858887,0.9877687096595764,2.859205722808838,,,
308,55619,,,,,,,-2.410601854324341,1.871885895729065,6.732600688934326
309,55649,,,,-2.071139097213745,2.484795331954956,13.582536697387695,,,
309,55699,,,,-2.338690757751465,1.9728584289550781,7.335492134094238,,,
309,55749,,,,-2.490434169769287,1.8253393173217773,5.172325134277344,,,
309,55799,,,,-2.952441692352295,1.1053106784820557,1.7851639986038208,,,
309,55799,,,,,,,-2.1070711612701416,2.664797067642212,13.59411334991455
310,55849,,,,-3.1023430824279785,0.9230173826217651,1.2640870809555054,,,
310,55899,,,,-3.0169901847839355,1.0082311630249023,1.5386147499084473,,,
310,55949,,,,-2.7899086475372314,1.0310518741607666,2.595442533493042,,,
310,55979,,,,,,,-2.6435906887054443,1.1964666843414307,4.339795112609863
311,55999,,,,-2.3594744205474854,1.8726179599761963,6.992711067199707,,,
311,56049,,,,-2.727867603302002,1.2188022136688232,2.9940052032470703,,,
311,56099,,,,-2.542088508605957,1.7496527433395386,4.592312335968018,,,
311,56149,,,,-2.888004779815674,0.8871734142303467,2.0706911087036133,,,
311,56159,,,,,,,-2.3077332973480225,1.8824888467788696,8.60655403137207
312,56199,,,,-2.666165828704834,1.2643171548843384,3.451075315475464,,,
312,56249,,,,-2.3941147327423096,1.4756388664245605,6.456619739532471,,,
312,56299,,,,-2.6568002700805664,1.2892581224441528,3.5263047218322754,,,
312,56339,,,,,,,-2.216618537902832,2.367767095565796,10.304596900939941
313,56349,,,,-1.8885984420776367,3.3215060234069824,20.678619384765625,,,
313,56399,,,,-2.8406291007995605,0.954930305480957,2.309356689453125,,,
313,56449,,,,-1.825825810432434,4.535784721374512,23.89429473876953,,,
313,56499,,,,-2.7853684425354004,1.1187589168548584,2.622718572616577,,,
313,56519,,,,,,,-1.9824362993240356,2.9612982273101807,17.661273956298828
314,56549,,,,-2.0672719478607178,3.0352978706359863,13.704021453857422,,,
314,56599,,,,-2.3899343013763428,1.8398802280426025,6.519071578979492,,,
314,56649,,,,-2.6096174716949463,1.6828045845031738,3.9309959411621094,,,
314,56699,,,,-2.769688844680786,1.0361013412475586,2.7191357612609863,,,
314,56699,,,,,,,-2.5500435829162598,1.3397231101989746,5.170835971832275
315,56749,,,,-2.797264575958252,1.4552251100540161,2.551851272583008,,,
315,56799,,,,-2.2899417877197266,1.749835729598999,8.20688533782959,,,
315,56849,,,,-2.9551568031311035,0.8493603467941284,1.7740402221679688,,,
315,56879,,,,,,,-2.0848207473754883,2.5773510932922363,13.911334991455078
316,56899,,,,-2.5903563499450684,1.5353174209594727,4.1092610359191895,,,
316,56949,,,,-2.239280939102173,1.6875646114349365,9.222298622131348,,,
316,56999,,,,-2.3640058040618896,2.106536865234375,6.920129776000977,,,
316,57049,,,,-2.6584060192108154,1.5900442600250244,3.513289451599121,,,
316,57059,,,,,,,-2.5515224933624268,1.3727387189865112,5.178976535797119
317,57099,,,,-1.923998236656189,3.4908032417297363,19.059955596923828,,,
317,57149,,,,-2.8300442695617676,1.1377332210540771,2.3663322925567627,,,
317,57199,,,,-3.013827323913574,0.8709020018577576,1.5498600006103516,,,
317,57239,,,,,,,-2.5877161026000977,1.319177508354187,4.8328657150268555
318,57249,,,,-2.3789265155792236,1.583399772644043,6.6864166259765625,,,
318,57299,,,,-2.733609676361084,1.124279260635376,2.954679489135742,,,
318,57349,,,,-2.5518417358398438,1.2319281101226807,4.490329742431641,,,
318,57399,,,,-2.8316705226898193,1.1206166744232178,2.357487678527832,,,
318,57419,,,,,,,-2.547081708908081,1.3961714506149292,5.184573173522949
319,57449,,,,-2.2209157943725586,2.074169635772705,9.620650291442871,,,
319,57499,,,,-2.8862483501434326,1.0627686977386475,2.0790834426879883,,,
319,57549,,,,-3.271940231323242,0.7469638586044312,0.8554201126098633,,,
319,57599,,,,-2.6054625511169434,1.3145129680633545,3.9687843322753906,,,
319,57599,,,,,,,-2.2005441188812256,2.3349058628082275,10.685410499572754
320,57649,,,,-2.6312263011932373,1.6385796070098877,3.740191698074341,,,
320,57699,,,,-2.26959490776062,2.052377700805664,8.600528717041016,,,
320,57749,,,,-2.7382826805114746,1.089794635772705,2.9230587482452393,,,
320,57779,,,,,,,-2.528470754623413,1.4128581285476685,5.54205322265625
321,57799,,,,-2.370976686477661,1.769660234451294,6.809941291809082,,,
321,57849,,,,-3.0612387657165527,0.8560237288475037,1.389573097229004,,,
321,57899,,,,-2.2526636123657227,1.9981135129928589,8.942444801330566,,,
321,57949,,,,-3.4333739280700684,0.616729736328125,0.5898560285568237,,,
321,57959,,,,,,,-2.4910335540771484,1.6888495683670044,5.915188789367676
322,57999,,,,-2.805138349533081,1.1304187774658203,2.506002902984619,,,
322,58049,,,,-2.096857786178589,2.6329264640808105,12.801547050476074,,,
322,58099,,,,-2.6237637996673584,1.1990787982940674,3.805013656616211,,,
322,58139,,,,,,,-2.1594491004943848,2.489976167678833,11.877714157104492
323,58149,,,,-2.849010467529297,1.1534240245819092,2.265216588973999,,,
323,58199,,,,-2.96909761428833,0.8863447308540344,1.7179969549179077,,,
323,58249,,,,-3.254135847091675,0.6910843253135681,0.8912184238433838,,,
323,58299,,,,-2.501568078994751,1.4844564199447632,5.041410446166992,,,
323,58319,,,,,,,-2.2506585121154785,1.8850607872009277,10.38926887512207
324,58349,,,,-2.58896803855896,1.4123378992080688,4.1224164962768555,,,
324,58399,,,,-2.7830169200897217,1.122530460357666,2.6369571685791016,,,
324,58449,,,,-2.030879020690918,2.6520140171051025,14.901872634887695,,,
324,58499,,,,-2.6535484790802,1.272067904472351,3.5528059005737305,,,
324,58499,,,,,,,-2.586796283721924,1.4038175344467163,4.853063106536865
325,58549,,,,-2.6694226264953613,1.2393263578414917,3.425288677215576,,,
325,58599,,,,-2.692105293273926,1.6707412004470825,3.250983238220215,,,
325,58649,,,,-3.0164918899536133,1.0484960079193115,1.5403811931610107,,,
325,58679,,,,,,,-2.5570027828216553,1.500084400177002,5.285879611968994
326,58699,,,,-2.284886121749878,2.0658624172210693,8.302979469299316,,,
326,58749,,,,-2.6882526874542236,1.2099244594573975,3.27994966506958,,,
326,58799,,,,-2.54414439201355,1.4400484561920166,4.570625305175781,,,
326,58849,,,,-2.04512619972229,3.1048426628112793,14.420953750610352,,,
326,58859,,,,,,,-1.7216306924819946,4.035251617431641,32.95672607421875
327,58899,,,,-3.0443339347839355,0.8912479281425476,1.444728136062622,,,
327,58949,,,,-3.139603853225708,0.8652146458625793,1.1601550579071045,,,
327,58999,,,,-2.809363603591919,1.2482950687408447,2.4817404747009277,,,
327,59039,,,,,,,-2.369180917739868,1.5928173065185547,8.117620468139648
328,59049,,,,-2.5608389377593994,1.49824059009552,4.398262977600098,,,
328,59099,,,,-3.33428955078125,0.6911821961402893,0.741020679473877,,,
328,59149,,,,-2.453134059906006,2.2546005249023438,5.636194229125977,,,
328,59199,,,,-2.1718287467956543,1.9458832740783691,10.771873474121094,,,
328,59219,,,,,,,-2.159640073776245,2.1186203956604004,12.224170684814453
329,59249,,,,-2.762441873550415,0.9482524991035461,2.764893054962158,,,
329,59299,,,,-3.1078040599823,0.8891369104385376,1.2482916116714478,,,
329,59349,,,,-2.814030647277832,1.1398131847381592,2.455214023590088,,,
329,59399,,,,-1.8605188131332397,3.7640860080718994,22.059776306152344,,,
329,59399,,,,,,,-2.056206703186035,2.718196153640747,14.938912391662598
330,59449,,,,-2.9322762489318848,0.8636215329170227,1.8700096607208252,,,
330,59499,,,,-2.0560457706451416,3.2093000411987305,14.062880516052246,,,
330,59549,,,,-2.3722498416900635,1.4796127080917358,6.790004730224609,,,
330,59579,,,,,,,-2.5998740196228027,1.2693935632705688,4.933166980743408
331,59599,,,,-2.5822744369506836,1.4588674306869507,4.1864471435546875,,,
331,59649,,,,-2.987377405166626,0.9560705423355103,1.647186517715454,,,
331,59699,,,,-2.6158933639526367,1.312857747077942,3.8745980262756348,,,
331,59749,,,,-2.7747838497161865,1.3006786108016968,2.6874237060546875,,,
331,59759,,,,,,,-2.558375120162964,1.3987431526184082,5.105547904968262
332,59799,,,,-2.7202775478363037,1.3408652544021606,3.0467889308929443,,,
332,59849,,,,-2.621255874633789,1.1512126922607422,3.827049970626831,,,
332,59899,,,,-2.345250368118286,2.0588221549987793,7.225530624389648,,,
332,59939,,,,,,,-2.305833578109741,2.1450397968292236,8.35565185546875
333,59949,,,,-2.7855989933013916,1.191450595855713,2.621325969696045,,,
333,59999,,,,-2.967384099960327,0.8467601537704468,1.7247886657714844,,,
333,60049,,,,-2.979713201522827,1.010265827178955,1.6765117645263672,,,
333,60099,,,,-2.416266441345215,1.7073171138763428,6.135551452636719,,,
333,60119,,,,,,,-2.5448341369628906,1.5528135299682617,5.241563320159912
334,60149,,,,-2.3675155639648438,1.991043210029602,6.864429473876953,,,
334,60199,,,,-2.929107427597046,1.0188963413238525,1.8837058544158936,,,
334,60249,,,,-2.2918999195098877,2.000126838684082,8.169963836669922,,,
334,60299,,,,-2.7437493801116943,1.2704918384552002,2.8864941596984863,,,
334,60299,,,,,,,-2.5786049365997314,1.3342344760894775,4.87023401260376
335,60349,,,,-2.162989616394043,2.4550671577453613,10.993352890014648,,,
335,60399,,,,-2.477033853530884,1.581214189529419,5.334409713745117,,,
335,60449,,,,-2.732114315032959,1.2651784420013428,2.964871406555176,,,
335,60479,,,,,,,-2.45432186126709,1.5671017169952393,6.430662631988525
336,60499,,,,-2.889404773712158,0.8301702737808228,2.064026117324829,,,
336,60549,,,,-1.9833731651306152,3.3592641353607178,16.624435424804688,,,
336,60599,,,,-2.3601622581481934,2.0536582469940186,6.9816436767578125,,,
336,60649,,,,-2.2651238441467285,1.735633373260498,8.689525604248047,,,
336,60659,,,,,,,-2.184523105621338,2.4107141494750977,11.032212257385254
337,60699,,,,-2.7774481773376465,1.2477686405181885,2.670988082885742,,,
337,60749,,,,-2.616858959197998,1.3147445917129517,3.865992784500122,,,
337,60799,,,,-2.824021100997925,1.2019689083099365,2.399380922317505,,,
337,60839,,,,,,,-2.13895320892334,2.6680052280426025,12.200273513793945
338,60849,,,,-2.6212310791015625,1.3324953317642212,3.827268600463867,,,
338,60899,,,,-2.6154370307922363,1.333421230316162,3.8786702156066895,,,
338,60949,,,,-2.2036666870117188,2.5622167587280273,10.010444641113281,,,
338,60999,,,,-2.711639165878296,1.0994672775268555,3.107999563217163,,,
338,61019,,,,,,,-2.2347359657287598,2.255415678024292,10.26121997833252
339,61049,,,,-2.6689987182617188,1.3352910280227661,3.4286351203918457,,,
339,61099,,,,-2.4084312915802,1.804004430770874,6.2472453117370605,,,
339,61149,,,,-2.6300861835479736,1.4738540649414062,3.7500226497650146,,,
339,61199,,,,-2.238222599029541,2.5056724548339844,9.24479866027832,,,
339,61199,,,,,,,-2.087747573852539,2.803288459777832,14.03735637664795
340,61249,,,,-3.1413538455963135,0.8485245108604431,1.1554889678955078,,,
340,61299,,,,-2.7133467197418213,1.1787439584732056,3.0958030223846436,,,
340,61349,,,,-2.177321672439575,2.1066079139709473,10.636495590209961,,,
340,61379,,,,,,,-2.2272603511810303,2.296191453933716,10.058637619018555
341,61399,,,,-3.1462454795837402,0.7682000398635864,1.142547845840454,,,
341,61449,,,,-2.0744473934173584,2.671887159347534,13.479462623596191,,,
341,61499,,,,-2.840625524520874,1.3080945014953613,2.309375047683716,,,
341,61549,,,,-3.311173677444458,0.7253546118736267,0.7815312147140503,,,
341,61559,,,,,,,-2.2273566722869873,2.1081669330596924,10.102563858032227
342,61599,,,,-2.4788196086883545,1.5177843570709229,5.3125152587890625,,,
342,61649,,,,-2.86384916305542,0.8795912265777588,2.1891262531280518,,,
342,61699,,,,-2.9758942127227783,1.1578009128570557,1.6913201808929443,,,
342,61739,,,,,,,-2.402287006378174,1.8427037000656128,7.157184600830078
343,61749,,,,-2.5283710956573486,1.5458526611328125,4.739677906036377,,,
343,61799,,,,-2.327345132827759,2.045955181121826,7.529651641845703,,,
343,61849,,,,-2.9492347240448,0.846299409866333,1.7983958721160889,,,
343,61899,,,,-1.827830195426941,3.6231014728546143,23.784265518188477,,,
343,61919,,,,,,,-2.667022705078125,1.2089358568191528,4.179057598114014
344,61949,,,,-3.0186901092529297,0.8070983290672302,1.5326042175292969,,,
344,61999,,,,-2.3522212505340576,1.519731044769287,7.110477447509766,,,
344,62049,,,,-2.466068983078003,1.9936208724975586,5.470803737640381,,,
344,62099,,,,-2.598694086074829,1.2572829723358154,4.031121253967285,,,
344,62099,,,,,,,-2.589153528213501,1.276946783065796,4.875638961791992
345,62149,,,,-3.1493351459503174,0.8414620757102966,1.1344493627548218,,,
345,62199,,,,-2.4165422916412354,1.524660587310791,6.131657600402832,,,
345,62249,,,,-2.4970929622650146,1.7639477252960205,5.093625545501709,,,
345,62279,,,,,,,-2.4453201293945312,1.5277595520019531,6.660343647003174
346,62299,,,,-1.9141573905944824,2.7162649631500244,19.49677085876465,,,
346,62349,,,,-2.0659244060516357,2.7973954677581787,13.746609687805176,,,
346,62399,,,,-2.7779643535614014,1.202580213546753,2.6678147315979004,,,
346,62449,,,,-2.8687212467193604,1.1497950553894043,2.164705276489258,,,
346,62459,,,,,,,-2.166926383972168,2.2714478969573975,11.678921699523926
347,62499,,,,-2.3853094577789307,1.8712518215179443,6.588865280151367,,,
347,62549,,,,-2.4923553466796875,1.1908881664276123,5.149494171142578,,,
347,62599,,,,-1.9046908617019653,2.443241596221924,19.926410675048828,,,
347,62639,,,,,,,-2.5832629203796387,1.3538609743118286,4.865626811981201
348,62649,,,,-2.0550436973571777,2.6225578784942627,14.095358848571777,,,
348,62699,,,,-2.6866445541381836,1.5417225360870361,3.292118549346924,,,
348,62749,,,,-1.7262599468231201,4.158021926879883,30.051074981689453,,,
348,62799,,,,-2.963766098022461,0.8132615089416504,1.7392182350158691,,,
348,62819,,,,,,,-2.686168670654297,1.1418708562850952,4.03654670715332
349,62849,,,,-2.2373154163360596,2.1638898849487305,9.264127731323242,,,
349,62899,,,,-1.7549649477005005,3.977903127670288,28.129056930541992,,,
349,62949,,,,-3.095452070236206,0.9259499311447144,1.2843053340911865,,,
349,62999,,,,-2.790050506591797,1.1668723821640015,2.5945944786071777,,,
349,62999,,,,,,,-2.6457300186157227,1.2584606409072876,4.4365620613098145
350,63049,,,,-2.471543550491333,1.1489837169647217,5.402275085449219,,,
350,63099,,,,-2.9499423503875732,0.9514596462249756,1.7954683303833008,,,
350,63149,,,,-2.8269314765930176,1.003208875656128,2.3833539485931396,,,
350,63179,,,,,,,-1.7305859327316284,4.19827938079834,31.773075103759766
351,63199,,,,-2.3769524097442627,2.0922913551330566,6.716880798339844,,,
351,63249,,,,-2.8288650512695312,0.9365320205688477,2.3727667331695557,,,
351,63299,,,,-2.378567695617676,1.9759390354156494,6.691945552825928,,,
351,63349,,,,-2.7923121452331543,1.101294755935669,2.581118106842041,,,
351,63359,,,,,,,-2.5727643966674805,1.382883071899414,5.045513153076172
352,63399,,,,-2.5303304195404053,1.648820161819458,4.718342304229736,,,
352,63449,,,,-2.4485995769500732,1.8112757205963135,5.695350170135498,,,
352,63499,,,,-2.3506462574005127,1.847046971321106,7.136312484741211,,,
352,63539,,,,,,,-2.573397397994995,1.4068193435668945,5.004400730133057
353,63549,,,,-2.6340837478637695,1.4184247255325317,3.715662956237793,,,
353,63599,,,,-3.06915283203125,0.9377994537353516,1.3644802570343018,,,
353,63649,,,,-2.825425863265991,1.0465338230133057,2.3916327953338623,,,
353,63699,,,,-2.7511074542999268,1.3263278007507324,2.8380026817321777,,,
353,63719,,,,,,,-2.4551773071289062,1.5172901153564453,6.23554801940918
354,63749,,,,-2.3766930103302,2.104353427886963,6.720894813537598,,,
354,63799,,,,-2.418260097503662,1.725902795791626,6.107451438903809,,,
354,63849,,,,-2.7354037761688232,1.2364879846572876,2.9424960613250732,,,
354,63899,,,,-2.2716281414031982,2.5053627490997314,8.560356140136719,,,
354,63899,,,,,,,-2.055072784423828,2.8027734756469727,15.286977767944336
355,63949,,,,-2.7390549182891846,1.2055432796478271,2.9178638458251953,,,
355,63999,,,,-2.410938262939453,1.7479815483093262,6.211287975311279,,,
355,64049,,,,-2.9797444343566895,1.0183825492858887,1.6763920783996582,,,
355,64079,,,,,,,-2.637428045272827,1.218069314956665,4.414862632751465
356,64099,,,,-2.736591339111328,1.2625807523727417,2.9344639778137207,,,
356,64149,,,,-2.810957908630371,0.8572660088539124,2.472644567489624,,,
356,64199,,,,-2.573516845703125,1.3747069835662842,4.271724700927734,,,
356,64249,,,,-3.044045925140381,0.8436257243156433,1.4456863403320312,,,
356,64259,,,,,,,-2.4434621334075928,1.5892301797866821,6.44291353225708
357,64299,,,,-2.6082088947296143,1.757383108139038,3.9437663555145264,,,
357,64349,,,,-2.2458913326263428,1.5818653106689453,9.082986831665039,,,
357,64399,,,,-2.102370500564575,2.478062152862549,12.640069961547852,,,
357,64439,,,,,,,-2.572638511657715,1.3217929601669312,5.048701286315918
358,64449,,,,-2.4694695472717285,1.8691415786743164,5.428132057189941,,,
358,64499,,,,-3.116246223449707,0.8092656135559082,1.224259853363037,,,
358,64549,,,,-2.547236919403076,1.475190281867981,4.538193225860596,,,
358,64599,,,,-2.9021546840667725,1.1874734163284302,2.004312515258789,,,
358,64619,,,,,,,-2.5536177158355713,1.475639820098877,5.0904011726379395
359,64649,,,,-2.704206705093384,1.603015661239624,3.161647319793701,,,
359,64699,,,,-2.0378613471984863,2.7544808387756348,14.664209365844727,,,
359,64749,,,,-2.896538257598877,0.900108277797699,2.030400276184082,,,
359,64799,,,,-2.790646553039551,1.3152292966842651,2.5910353660583496,,,
359,64799,,,,,,,-2.326850175857544,1.8840910196304321,8.19916820526123
360,64849,,,,-2.951002359390259,1.009953498840332,1.7910916805267334,,,
360,64899,,,,-3.308129072189331,0.6643176674842834,0.7870291471481323,,,
360,64949,,,,-2.6439802646636963,1.296204924583435,3.6319494247436523,,,
360,64979,,,,,,,-2.4521374702453613,1.6149815320968628,6.176795959472656
361,64999,,,,-2.99043607711792,0.8889805674552917,1.6356256008148193,,,
361,65049,,,,-2.431117057800293,1.611230731010437,5.929296493530273,,,
361,65099,,,,-2.531440019607544,1.6681568622589111,4.706303596496582,,,
361,65149,,,,-2.362929105758667,2.1547720432281494,6.937307357788086,,,
361,65159,,,,,,,-2.5456554889678955,1.3968325853347778,5.175188064575195
362,65199,,,,-2.89724063873291,1.0086485147476196,2.0271196365356445,,,
362,65249,,,,-3.323338031768799,0.7319460511207581,0.7599438428878784,,,
362,65299,,,,-2.3672640323638916,1.5840590000152588,6.868407726287842,,,
362,65339,,,,,,,-1.9942185878753662,3.0963733196258545,17.07449722290039
363,65349,,,,-2.9727089405059814,0.9025158286094666,1.7037713527679443,,,
363,65399,,,,-2.249506950378418,2.367831230163574,9.007683753967285,,,
363,65449,,,,-2.3995144367218018,1.8895454406738281,6.3768415451049805,,,
363,65499,,,,-3.207331418991089,0.7398651242256165,0.9926331639289856,,,
363,65519,,,,,,,-2.3979713916778564,1.7471787929534912,7.237546920776367
364,65549,,,,-2.612886905670166,1.2121825218200684,3.901515483856201,,,
364,65599,,,,-2.7019526958465576,1.0933640003204346,3.1780991554260254,,,
364,65649,,,,-2.9519286155700684,0.8801862597465515,1.787274956703186,,,
364,65699,,,,-2.675736904144287,1.1333210468292236,3.3758487701416016,,,
364,65699,,,,,,,-2.564063310623169,1.393182635307312,5.1146721839904785
365,65749,,,,-2.6784896850585938,1.190168023109436,3.354520320892334,,,
365,65799,,,,-2.5796663761138916,1.4246435165405273,4.2116618156433105,,,
365,65849,,,,-2.3098292350769043,2.095154285430908,7.839540958404541,,,
365,65879,,,,,,,-2.5355076789855957,1.4008276462554932,5.400899887084961
366,65899,,,,-2.689021348953247,1.1814870834350586,3.274148941040039,,,
366,65949,,,,-2.252110242843628,1.9944310188293457,8.95384407043457,,,
366,65999,,,,-3.009807825088501,0.9200369715690613,1.564271092414856,,,
366,66049,,,,-2.9213337898254395,1.1416599750518799,1.9177231788635254,,,
366,66059,,,,,,,-1.9156123399734497,3.2401552200317383,20.731184005737305
367,66099,,,,-3.0082590579986572,0.9532102942466736,1.5698602199554443,,,
367,66149,,,,-2.4895708560943604,1.6192759275436401,5.182619094848633,,,
367,66199,,,,-2.6367416381835938,1.160631775856018,3.692992687225342,,,
367,66239,,,,,,,-2.3549487590789795,1.8453001976013184,7.643433570861816
368,66249,,,,-2.1176936626434326,2.868314266204834,12.201873779296875,,,
368,66299,,,,-2.505899429321289,1.7781485319137573,4.991377830505371,,,
368,66349,,,,-1.6547678709030151,4.796912670135498,35.42845153808594,,,
368,66399,,,,-2.308452606201172,2.1385369300842285,7.864434242248535,,,
368,66419,,,,,,,-2.11972975730896,2.659972667694092,13.213367462158203
369,66449,,,,-2.310668468475342,1.8830842971801758,7.824410438537598,,,
369,66499,,,,-2.542095899581909,1.6210635900497437,4.592233180999756,,,
369,66549,,,,-2.926614999771118,1.0732312202453613,1.8945457935333252,,,
369,66599,,,,-2.6896560192108154,1.0262870788574219,3.2693676948547363,,,
369,66599,,,,,,,-2.6480932235717773,1.192595362663269,4.4381184577941895
370,66649,,,,-1.8968720436096191,3.5215306282043457,20.28840446472168,,,
370,66699,,,,-2.162693977355957,2.7358174324035645,11.00084400177002,,,
370,66749,,,,-2.943905830383301,0.9858755469322205,1.8205983638763428,,,
370,66779,,,,,,,-2.6696786880493164,1.2043039798736572,4.228126525878906
371,66799,,,,-3.219635009765625,0.761072039604187,0.9649056196212769,,,
371,66849,,,,-2.606548309326172,1.458432912826538,3.9588778018951416,,,
371,66899,,,,-2.677732467651367,1.3386789560317993,3.3603742122650146,,,
371,66949,,,,-2.1799046993255615,2.2952213287353516,10.573417663574219,,,
371,66959,,,,,,,-2.6182613372802734,1.3285454511642456,4.643521785736084
372,66999,,,,-3.0422210693359375,0.9833626747131348,1.4517736434936523,,,
372,67049,,,,-3.1931276321411133,0.712912917137146,1.0256338119506836,,,
372,67099,,,,-1.914203405380249,3.353062391281128,19.494699478149414,,,
372,67139,,,,,,,-2.456111192703247,1.5769797563552856,6.259876251220703
373,67149,,,,-2.5711605548858643,1.6073358058929443,4.294964790344238,,,
373,67199,,,,-2.5231242179870605,1.039942741394043,4.79728889465332,,,
373,67249,,,,-2.980062246322632,0.8488649129867554,1.6751652956008911,,,
373,67299,,,,-2.7753357887268066,1.1247491836547852,2.6840105056762695,,,
373,67319,,,,,,,-2.549191951751709,1.3890011310577393,5.311604022979736
374,67349,,,,-2.895883560180664,0.9589552283287048,2.033463478088379,,,
374,67399,,,,-2.6557178497314453,1.5991196632385254,3.5351035594940186,,,
374,67449,,,,-2.8753771781921387,0.9454509019851685,2.131782293319702,,,
374,67499,,,,-2.6288626194000244,1.5429067611694336,3.760603427886963,,,
374,67499,,,,,,,-2.2937943935394287,2.0927035808563232,8.660284042358398
375,67549,,,,-2.6349003314971924,1.2407214641571045,3.7086830139160156,,,
375,67599,,,,-2.8433926105499268,1.0838596820831299,2.2947068214416504,,,
375,67649,,,,-3.0682523250579834,0.8108606934547424,1.367311954498291,,,
375,67679,,,,,,,-2.2376909255981445,2.1202495098114014,10.0040864944458
376,67699,,,,-3.220907688140869,0.6769970655441284,0.9620830416679382,,,
376,67749,,,,-3.2159616947174072,0.7173900604248047,0.9731015563011169,,,
376,67799,,,,-2.033332347869873,2.9070374965667725,14.817939758300781,,,
376,67849,,,,-2.1675779819488525,2.4091649055480957,10.877822875976562,,,
376,67859,,,,,,,-2.2579448223114014,2.245710611343384,9.421833038330078
377,67899,,,,-1.9733518362045288,2.979757308959961,17.012510299682617,,,
377,67949,,,,-2.3084566593170166,2.222142219543457,7.864359378814697,,,
377,67999,,,,-2.233389139175415,2.299224615097046,9.348262786865234,,,
377,68039,,,,,,,-2.3630311489105225,1.7300565242767334,7.660935878753662
378,68049,,,,-3.179204225540161,0.7403743863105774,1.0590488910675049,,,
378,68099,,,,-2.89267897605896,0.9836629033088684,2.0485239028930664,,,
378,68149,,,,-2.4021878242492676,1.8037655353546143,6.337706565856934,,,
378,68199,,,,-2.4683713912963867,1.5315730571746826,5.4418745040893555,,,
378,68219,,,,,,,-2.1311490535736084,3.0076794624328613,12.248979568481445
379,68249,,,,-2.5080678462982178,1.5402895212173462,4.966519355773926,,,
379,68299,,,,-2.9444377422332764,0.9816048741340637,1.8183698654174805,,,
379,68349,,,,-2.7212319374084473,1.153916358947754,3.040102005004883,,,
379,68399,,,,-2.4133036136627197,1.841259479522705,6.177552700042725,,,
379,68399,,,,,,,-2.20180082321167,2.3978185653686523,10.711097717285156
380,68449,,,,-2.6026434898376465,1.5844056606292725,3.9946298599243164,,,
380,68499,,,,-2.4403889179229736,2.1394829750061035,5.804047584533691,,,
380,68549,,,,-3.0318803787231445,0.9315147995948792,1.4867558479309082,,,
380,68579,,,,,,,-2.439985990524292,1.9580285549163818,6.343616962432861
381,68599,,,,-2.4531185626983643,1.4922446012496948,5.636392593383789,,,
381,68649,,,,-2.9213054180145264,1.209543228149414,1.9178487062454224,,,
381,68699,,,,-2.636669635772705,1.2042571306228638,3.693606376647949,,,
381,68749,,,,-2.7391433715820312,1.1720287799835205,2.9172701835632324,,,
381,68759,,,,,,,-2.380843162536621,2.0662569999694824,7.434704780578613
382,68799,,,,-2.4569358825683594,1.5812926292419434,5.587073802947998,,,
382,68849,,,,-2.9841220378875732,0.9829197525978088,1.6595797538757324,,,
382,68899,,,,-2.720411539077759,1.1986607313156128,3.045848846435547,,,
382,68939,,,,,,,-2.260355234146118,1.8682526350021362,10.030172348022461
383,68949,,,,-2.8190388679504395,1.1228591203689575,2.4270641803741455,,,
383,68999,,,,-2.83329439163208,1.2033615112304688,2.348689079284668,,,
383,69049,,,,-3.162839412689209,0.8452097773551941,1.0997159481048584,,,
383,69099,,,,-2.9425735473632812,0.8629996180534363,1.8261913061141968,,,
383,69119,,,,,,,-2.4600205421447754,1.6044222116470337,6.399875640869141
384,69149,,,,-2.720205307006836,1.121972918510437,3.047297477722168,,,
384,69199,,,,-2.598050355911255,1.432744026184082,4.037100791931152,,,
384,69249,,,,-3.180189847946167,0.7905502915382385,1.0566482543945312,,,
384,69299,,,,-2.716843605041504,1.304303765296936,3.070977210998535,,,
384,69299,,,,,,,-2.5981252193450928,1.2696609497070312,4.7441935539245605
385,69349,,,,-2.7957496643066406,1.2452906370162964,2.5607690811157227,,,
385,69399,,,,-2.640491247177124,1.6280863285064697,3.661245822906494,,,
385,69449,,,,-3.2637083530426025,0.5806326866149902,0.8717900514602661,,,
385,69479,,,,,,,-2.4839305877685547,1.4510732889175415,5.982968807220459
386,69499,,,,-2.6002392768859863,1.1502217054367065,4.0168046951293945,,,
386,69549,,,,-2.9509761333465576,0.9213880300521851,1.7911999225616455,,,
386,69599,,,,-2.6770448684692383,1.3993386030197144,3.365699052810669,,,
386,69649,,,,-2.7184157371520996,1.371875524520874,3.0598793029785156,,,
386,69659,,,,,,,-2.6419930458068848,1.2376219034194946,4.383783340454102
387,69699,,,,-3.598637104034424,0.44746261835098267,0.40316519141197205,,,
387,69749,,,,-2.5322048664093018,1.8198063373565674,4.698022842407227,,,
387,69799,,,,-3.0249571800231934,1.010880947113037,1.5106465816497803,,,
387,69839,,,,,,,-2.4496960639953613,1.5353835821151733,6.4857048988342285
388,69849,,,,-2.4184789657592773,1.8323630094528198,6.104372978210449,,,
388,69899,,,,-2.5242550373077393,2.0030887126922607,4.784811973571777,,,
388,69949,,,,-2.531855821609497,1.1803070306777954,4.701800346374512,,,
388,69999,,,,-2.8466742038726807,1.018833041191101,2.2774343490600586,,,
388,70019,,,,,,,-2.569401979446411,1.3376741409301758,4.984452247619629
389,70049,,,,-2.5763661861419678,1.48543119430542,4.2437872886657715,,,
389,70099,,,,-2.759009599685669,1.2045037746429443,2.786830186843872,,,
389,70149,,,,-3.3598508834838867,0.6294134855270386,0.698665976524353,,,
389,70199,,,,-3.419867515563965,0.5471353530883789,0.6084887981414795,,,
389,70199,,,,,,,-2.3870856761932373,1.7283154726028442,7.185735702514648
390,70249,,,,-2.839641571044922,0.9801772832870483,2.314613103866577,,,
390,70299,,,,-2.8904590606689453,0.9014654159545898,2.0590219497680664,,,
390,70349,,,,-2.7890231609344482,1.4697206020355225,2.600738525390625,,,
390,70379,,,,,,,-2.536470651626587,1.4314218759536743,5.403986930847168
391,70399,,,,-2.928886890411377,0.8756590485572815,1.884660005569458,,,
391,70449,,,,-3.3265466690063477,0.6089335680007935,0.7543506622314453,,,
391,70499,,,,-2.8100671768188477,1.0332112312316895,2.477724075317383,,,
391,70549,,,,-2.36061954498291,1.5623557567596436,6.974297523498535,,,
391,70559,,,,,,,-2.619734764099121,1.235518217086792,4.597140789031982
392,70599,,,,-2.466855764389038,1.5459107160568237,5.460901737213135,,,
392,70649,,,,-2.9329068660736084,0.8802403807640076,1.8672959804534912,,,
392,70699,,,,-2.879924774169922,1.1985020637512207,2.1095762252807617,,,
392,70739,,,,,,,-2.678394317626953,1.1471799612045288,4.3312764167785645
393,70749,,,,-2.2587270736694336,2.1397531032562256,8.818467140197754,,,
393,70799,,,,-2.7025537490844727,1.4649806022644043,3.1737027168273926,,,
393,70849,,,,-2.62484073638916,1.5901803970336914,3.7955899238586426,,,
393,70899,,,,-2.799942970275879,1.1383395195007324,2.5361626148223877,,,
393,70919,,,,,,,-2.604719400405884,1.2726284265518188,4.9091315269470215
394,70949,,,,-3.0862953662872314,0.8646761775016785,1.3116698265075684,,,
394,70999,,,,-3.172820568084717,0.7353618144989014,1.0747296810150146,,,
394,71049,,,,-3.0532493591308594,0.7739102244377136,1.415372610092163,,,
394,71099,,,,-2.5660178661346436,1.6168909072875977,4.346123695373535,,,
394,71099,,,,,,,-2.3894169330596924,1.5475012063980103,7.3794450759887695
395,71149,,,,-2.9358885288238525,0.8485423922538757,1.8545198440551758,,,
395,71199,,,,-3.291327953338623,0.693716824054718,0.8180728554725647,,,
395,71249,,,,-2.515986919403076,1.8642958402633667,4.8767805099487305,,,
395,71279,,,,,,,-2.528423547744751,1.3657469749450684,5.736663341522217
396,71299,,,,-3.235386371612549,0.7320659756660461,0.9305375218391418,,,
396,71349,,,,-3.2589216232299805,0.6878345608711243,0.8814511299133301,,,
396,71399,,,,-2.7251899242401123,1.260556697845459,3.012523651123047,,,
396,71449,,,,-2.9467649459838867,0.9527950286865234,1.8086533546447754,,,
396,71459,,,,,,,-2.293684482574463,2.0702614784240723,9.07299518585205
397,71499,,,,-2.8853518962860107,1.188004970550537,2.083378314971924,,,
397,71549,,,,-3.23100209236145,0.8040356636047363,0.9399788975715637,,,
397,71599,,,,-2.9672863483428955,1.0056471824645996,1.7251763343811035,,,
397,71639,,,,,,,-2.469207525253296,1.5057636499404907,6.209420204162598
398,71649,,,,-2.686387062072754,1.545794129371643,3.2940707206726074,,,
398,71699,,,,-2.4436850547790527,1.8347396850585938,5.760167121887207,,,
398,71749,,,,-2.6512601375579834,1.4008169174194336,3.571575403213501,,,
398,71799,,,,-3.743591547012329,0.4427379369735718,0.2887546718120575,,,
398,71819,,,,,,,-2.6190850734710693,1.312378168106079,4.588465690612793
399,71849,,,,-2.748534917831421,1.2784161567687988,2.8548619747161865,,,
399,71899,,,,-2.1890830993652344,1.6216835975646973,10.352301597595215,,,
399,71949,,,,-3.1510486602783203,0.8668969869613647,1.129981279373169,,,
399,71999,,,,-3.2221577167510986,0.7078405022621155,0.9593178033828735,,,
399,71999,,,,,,,-2.319213390350342,1.9049714803695679,8.674931526184082
400,72049,,,,-2.648144006729126,1.5592381954193115,3.5972952842712402,,,
400,72099,,,,-2.102036476135254,2.2422382831573486,12.64979362487793,,,
400,72149,,,,-2.347984552383423,2.4627490043640137,7.180183410644531,,,
400,72179,,,,,,,-2.1679763793945312,2.631161689758301,11.774998664855957
401,72199,,,,-2.816166400909424,1.165268063545227,2.443169116973877,,,
401,72249,,,,-2.995177745819092,1.1362402439117432,1.6178655624389648,,,
401,72299,,,,-2.990651845932007,1.0001856088638306,1.6348133087158203,,,
401,72349,,,,-2.9214062690734863,0.9234382510185242,1.9174036979675293,,,
401,72359,,,,,,,-2.5279974937438965,1.4377888441085815,5.628249645233154
402,72399,,,,-3.2193443775177,0.6973874568939209,0.965552031993866,,,
402,72449,,,,-2.190000534057617,2.6173274517059326,10.330453872680664,,,
402,72499,,,,-2.9206435680389404,1.02479088306427,1.9207746982574463,,,
402,72539,,,,,,,-2.3343698978424072,1.9364416599273682,8.165427207946777
403,72549,,,,-2.000788927078247,3.1002073287963867,15.970966339111328,,,
403,72599,,,,-2.3856780529022217,1.4958367347717285,6.583274841308594,,,
403,72649,,,,-2.3762238025665283,1.921431541442871,6.7281575202941895,,,
403,72699,,,,-1.9666457176208496,2.987816333770752,17.277240753173828,,,
403,72719,,,,,,,-2.295997142791748,1.90556800365448,9.156136512756348
404,72749,,,,-2.3645083904266357,2.1863908767700195,6.912124156951904,,,
404,72799,,,,-3.0481014251708984,0.838795006275177,1.432249903678894,,,
404,72849,,,,-3.046168565750122,0.7042428255081177,1.4386382102966309,,,
404,72899,,,,-2.3032634258270264,2.1680357456207275,7.958965301513672,,,
404,72899,,,,,,,-2.366802453994751,1.876516580581665,7.657135009765625
405,72949,,,,-2.87701416015625,0.8507393002510071,2.1237621307373047,,,
405,72999,,,,-2.368168830871582,1.8288428783416748,6.85411262512207,,,
405,73049,,,,-2.817471742630005,1.3203728199005127,2.435837745666504,,,
405,73079,,,,,,,-2.3720383644104004,1.816669225692749,7.360464096069336
406,73099,,,,-2.810030698776245,1.0532809495925903,2.477931261062622,,,
406,73149,,,,-3.5135252475738525,0.4411940574645996,0.49044936895370483,,,
406,73199,,,,-2.5094969272613525,1.7211450338363647,4.950205326080322,,,
406,73249,,,,-3.422159433364868,0.503903329372406,0.6052858829498291,,,
406,73259,,,,,,,-2.4238901138305664,1.7273402214050293,6.710501194000244
407,73299,,,,-1.9146016836166382,2.8117995262145996,19.476837158203125,,,
407,73349,,,,-3.032299280166626,0.7176108360290527,1.4853239059448242,,,
407,73399,,,,-2.2214791774749756,1.9034335613250732,9.608170509338379,,,
407,73439,,,,,,,-2.215585708618164,2.183361291885376,10.34007453918457
408,73449,,,,-3.442319869995117,0.6261241436004639,0.5778297185897827,,,
408,73499,,,,-2.608450174331665,1.5638036727905273,3.941575527191162,,,
408,73549,,,,-3.0729191303253174,0.7345966696739197,1.352698564529419,,,
408,73599,,,,-3.0933055877685547,0.9033465385437012,1.2906674146652222,,,
408,73619,,,,,,,-2.4150335788726807,1.7324556112289429,6.753554821014404
409,73649,,,,-3.505740165710449,0.5273075699806213,0.4993206858634949,,,
409,73699,,,,-2.4824888706207275,1.7537972927093506,5.267823219299316,,,
409,73749,,,,-2.9186666011810303,0.957646906375885,1.9295384883880615,,,
409,73799,,,,-3.309762954711914,0.6705584526062012,0.7840739488601685,,,
409,73799,,,,,,,-2.622735023498535,1.2824145555496216,4.703052520751953
410,73849,,,,-2.658418655395508,1.4829795360565186,3.5131900310516357,,,
410,73899,,,,-3.395801544189453,0.636065661907196,0.6431589126586914,,,
410,73949,,,,-2.6267619132995605,1.3041737079620361,3.7788352966308594,,,
410,73979,,,,,,,-2.6425271034240723,1.2524946928024292,4.435400009155273
411,73999,,,,-2.5635697841644287,1.5381715297698975,4.370693206787109,,,
411,74049,,,,-3.1877551078796387,0.8392841815948486,1.0384010076522827,,,
411,74099,,,,-2.8131303787231445,0.9852290749549866,2.4603097438812256,,,
411,74149,,,,-2.6143887042999268,1.570706844329834,3.8880460262298584,,,
411,74159,,,,,,,-2.6916308403015137,1.1390552520751953,4.144290447235107
412,74199,,,,-2.939284563064575,0.9958702325820923,1.8400737047195435,,,
412,74249,,,,-2.2279624938964844,2.2393219470977783,9.465804100036621,,,
412,74299,,,,-2.392225980758667,1.7473210096359253,6.484764575958252,,,
412,74339,,,,,,,-2.372100353240967,1.957356333732605,7.751959323883057
413,74349,,,,-3.0929079055786133,0.7466904520988464,1.2918493747711182,,,
413,74399,,,,-2.8835434913635254,1.0463780164718628,2.0920708179473877,,,
413,74449,,,,-2.5688445568084717,1.5045607089996338,4.317927360534668,,,
413,74499,,,,-2.492579936981201,1.566646933555603,5.146834373474121,,,
413,74519,,,,,,,-2.344729423522949,1.9874552488327026,8.113330841064453
414,74549,,,,-1.9170968532562256,2.9519686698913574,19.365253448486328,,,
414,74599,,,,-2.7296700477600098,1.2358055114746094,2.981605052947998,,,
414,74649,,,,-2.991494655609131,1.0545234680175781,1.6316436529159546,,,
414,74699,,,,-2.527724027633667,1.8459231853485107,4.746746063232422,,,
414,74699,,,,,,,-2.379084587097168,1.9032310247421265,7.315430641174316
415,74749,,,,-2.470505714416504,1.7233470678329468,5.415196418762207,,,
415,74799,,,,-2.92395281791687,0.8535485863685608,1.9061942100524902,,,
415,74849,,,,-2.8979413509368896,1.0015535354614258,2.023850440979004,,,
415,74879,,,,,,,-2.3557255268096924,1.881272792816162,7.634253978729248
416,74899,,,,-2.861325979232788,0.9765853881835938,2.2018818855285645,,,
416,74949,,,,-2.8687686920166016,1.2090907096862793,2.164468765258789,,,
416,74999,,,,-2.7868905067443848,1.3219335079193115,2.6135430335998535,,,
416,75049,,,,-2.8830790519714355,0.8708212971687317,2.0943105220794678,,,
416,75059,,,,,,,-2.1844425201416016,1.9473241567611694,12.093818664550781
417,75099,,,,-2.584850788116455,1.3829542398452759,4.161685943603516,,,
417,75149,,,,-2.1833906173706055,2.3155131340026855,10.488889694213867,,,
417,75199,,,,-2.4171440601348877,1.344616413116455,6.123166084289551,,,
417,75239,,,,,,,-2.216418504714966,2.2444827556610107,10.847051620483398
418,75249,,,,-2.7324159145355225,1.4372278451919556,2.962810516357422,,,
418,75299,,,,-2.716637372970581,1.3491191864013672,3.0724337100982666,,,
418,75349,,,,-3.179821252822876,0.8077224493026733,1.0575448274612427,,,
418,75399,,,,-2.6544601917266846,1.342954397201538,3.5453579425811768,,,
418,75419,,,,,,,-2.286686420440674,2.3363635540008545,9.002769470214844
419,75449,,,,-1.8232332468032837,3.738288640975952,24.037363052368164,,,
419,75499,,,,-2.5016589164733887,1.7151753902435303,5.040352821350098,,,
419,75549,,,,-3.3172011375427246,0.7564811706542969,0.7707592844963074,,,
419,75599,,,,-2.829983711242676,1.2280977964401245,2.366661787033081,,,
419,75599,,,,,,,-2.1949145793914795,2.022826671600342,11.18391227722168
420,75649,,,,-2.4160964488983154,1.9792587757110596,6.137950420379639,,,
420,75699,,,,-3.0420725345611572,0.9688653945922852,1.4522706270217896,,,
420,75749,,,,-2.0739364624023438,2.4390156269073486,13.495332717895508,,,
420,75779,,,,,,,-2.307429552078247,1.990540623664856,8.644278526306152
421,75799,,,,-3.1246793270111084,0.8053032159805298,1.2007166147232056,,,
421,75849,,,,-2.945110559463501,1.008863925933838,1.8155537843704224,,,
421,75899,,,,-2.90230655670166,1.0991944074630737,2.003612518310547,,,
421,75949,,,,-2.940416097640991,1.0063557624816895,1.8352866172790527,,,
421,75959,,,,,,,-2.4976108074188232,1.4012986421585083,5.67894172668457
422,75999,,,,-2.1551451683044434,2.371422529220581,11.193727493286133,,,
422,76049,,,,-2.326411485671997,2.1667938232421875,7.545856952667236,,,
422,76099,,,,-3.3124821186065674,0.6911718845367432,0.7791798710823059,,,
422,76139,,,,,,,-2.571772813796997,1.3567339181900024,5.021010398864746
423,76149,,,,-2.778909921646118,1.1130446195602417,2.662012815475464,,,
423,76199,,,,-2.9557342529296875,0.9411607384681702,1.771681785583496,,,
423,76249,,,,-3.0870046615600586,0.70806485414505,1.3095297813415527,,,
423,76299,,,,-3.0784566402435303,0.8387308716773987,1.3355605602264404,,,
423,76319,,,,,,,-2.630518913269043,1.2698851823806763,4.661913871765137
424,76349,,,,-3.0128040313720703,0.7440747022628784,1.5535163879394531,,,
424,76399,,,,-3.265052080154419,0.7638788819313049,0.8690968751907349,,,
424,76449,,,,-3.1827681064605713,0.7677696943283081,1.0503935813903809,,,
424,76499,,,,-2.334841012954712,2.2827696800231934,7.400805473327637,,,
424,76499,,,,,,,-2.386777400970459,1.7126421928405762,7.514914512634277
425,76549,,,,-2.923520803451538,1.1218887567520142,1.908092737197876,,,
425,76599,,,,-2.9019200801849365,0.9432836771011353,2.0053958892822266,,,
425,76649,,,,-3.256763219833374,0.6483964323997498,0.8858431577682495,,,
425,76679,,,,,,,-2.62433123588562,1.1975270509719849,4.69848108291626
426,76699,,,,-2.960747003555298,0.9439658522605896,1.751349687576294,,,
426,76749,,,,-2.803260564804077,1.299367904663086,2.516862154006958,,,
426,76799,,,,-3.26387619972229,0.7257024049758911,0.8714529871940613,,,
426,76849,,,,-3.2546589374542236,0.7262037396430969,0.8901458978652954,,,
426,76859,,,,,,,-2.6860315799713135,1.1363812685012817,4.109010696411133
427,76899,,,,-3.2035906314849854,0.7163922786712646,1.0012197494506836,,,
427,76949,,,,-2.878176689147949,1.056637167930603,2.118083953857422,,,
427,76999,,,,-3.2818477153778076,0.6721951961517334,0.8361267447471619,,,
427,77039,,,,,,,-2.536494255065918,1.410238265991211,5.3731489181518555
428,77049,,,,-3.1149652004241943,0.8335666656494141,1.2278776168823242,,,
428,77099,,,,-2.931922674179077,1.1708042621612549,1.8715323209762573,,,
428,77149,,,,-3.132023334503174,0.9425780177116394,1.1805837154388428,,,
428,77199,,,,-3.4646010398864746,0.5966975688934326,0.5489325523376465,,,
428,77219,,,,,,,-2.464521646499634,1.4022096395492554,6.195363521575928
429,77249,,,,-2.909698486328125,0.8431232571601868,1.9697985649108887,,,
429,77299,,,,-3.184016227722168,0.9028697609901428,1.0473785400390625,,,
429,77349,,,,-2.817472457885742,0.9399297833442688,2.435833215713501,,,
429,77399,,,,-2.4314117431640625,1.9273977279663086,5.925274848937988,,,
429,77399,,,,,,,-2.2305727005004883,2.3181025981903076,10.110198020935059
430,77449,,,,-3.194065570831299,0.7422508001327515,1.0234205722808838,,,
430,77499,,,,-3.403595447540283,0.5392420291900635,0.631719708442688,,,
430,77549,,,,-2.6113908290863037,1.6528112888336182,3.9149773120880127,,,
430,77579,,,,,,,-1.9170678853988647,3.293024778366089,20.862014770507812
431,77599,,,,-2.846472978591919,1.2949700355529785,2.2784903049468994,,,
431,77649,,,,-2.861238718032837,1.159165382385254,2.2023253440856934,,,
431,77699,,,,-2.221339702606201,2.384455919265747,9.611255645751953,,,
431,77749,,,,-3.1458396911621094,0.8401996493339539,1.1436161994934082,,,
431,77759,,,,,,,-2.500314474105835,1.4390803575515747,5.746804237365723
432,77799,,,,-2.8751094341278076,0.889949381351471,2.1330976486206055,,,
432,77849,,,,-2.982515335083008,0.8351054191589355,1.6657299995422363,,,
432,77899,,,,-3.2045507431030273,0.8094901442527771,0.9990086555480957,,,
432,77939,,,,,,,-2.6337385177612305,1.2664233446121216,4.640708923339844
433,77949,,,,-3.2198970317840576,0.6626198887825012,0.9643236398696899,,,
433,77999,,,,-2.8904812335968018,0.9863059520721436,2.0589170455932617,,,
433,78049,,,,-3.2887024879455566,0.6376934051513672,0.8230339288711548,,,
433,78099,,,,-3.444037914276123,0.5864462852478027,0.5755482912063599,,,
433,78119,,,,,,,-2.4863858222961426,1.575236439704895,5.984928607940674
434,78149,,,,-2.6177220344543457,1.3972277641296387,3.8583168983459473,,,
434,78199,,,,-3.2255122661590576,0.6857228875160217,0.9519362449645996,,,
434,78249,,,,-2.2544689178466797,2.7575182914733887,8.905352592468262,,,
434,78299,,,,-3.428407669067383,0.5166475772857666,0.5966397523880005,,,
434,78299,,,,,,,-2.6467413902282715,1.1561572551727295,4.364713668823242
435,78349,,,,-3.1352715492248535,0.8371842503547668,1.171785831451416,,,
435,78399,,,,-2.708590269088745,1.3158307075500488,3.129894256591797,,,
435,78449,,,,-3.112973928451538,0.674763023853302,1.2335197925567627,,,
435,78479,,,,,,,-2.5142056941986084,1.5954278707504272,5.528995990753174
436,78499,,,,-3.2124552726745605,0.6933608651161194,0.980991005897522,,,
436,78549,,,,-2.5654428005218506,1.408260464668274,4.351883411407471,,,
436,78599,,,,-2.8170690536499023,0.8808060884475708,2.4380974769592285,,,
436,78649,,,,-3.4917309284210205,0.5912949442863464,0.5156902074813843,,,
436,78659,,,,,,,-2.528385639190674,1.4366830587387085,5.585886001586914
437,78699,,,,-3.3789892196655273,0.5420227646827698,0.6685456037521362,,,
437,78749,,,,-3.377958297729492,0.5660449862480164,0.6701343059539795,,,
437,78799,,,,-3.053840160369873,0.9470020532608032,1.4134472608566284,,,
437,78839,,,,,,,-2.564973831176758,1.5227161645889282,5.119293689727783
438,78849,,,,-2.4624927043914795,2.0133955478668213,5.516039848327637,,,
438,78899,,,,-3.106537342071533,0.9926665425300598,1.2519376277923584,,,
438,78949,,,,-3.364440679550171,0.5926138162612915,0.6913201808929443,,,
438,78999,,,,-3.178925037384033,0.7237076759338379,1.059729814529419,,,
438,79019,,,,,,,-2.68615984916687,1.1141096353530884,4.056599140167236
439,79049,,,,-2.8933074474334717,0.9975893497467041,2.0455636978149414,,,
439,79099,,,,-3.136155128479004,0.7949255704879761,1.1694042682647705,,,
439,79149,,,,-1.79725182056427,3.7371561527252197,25.51926612854004,,,
439,79199,,,,-3.2763710021972656,0.6935876607894897,0.8467390537261963,,,
439,79199,,,,,,,-2.4465103149414062,1.7702369689941406,6.4718241691589355
440,79249,,,,-3.4157466888427734,0.6324904561042786,0.614289402961731,,,
440,79299,,,,-3.089423656463623,0.7443498373031616,1.302255630493164,,,
440,79349,,,,-2.7757084369659424,1.3137133121490479,2.6817073822021484,,,
440,79379,,,,,,,-2.5525076389312744,1.422294020652771,5.165211200714111
441,79399,,,,-2.677602529525757,1.437497854232788,3.3613767623901367,,,
441,79449,,,,-2.5409860610961914,1.5715065002441406,4.603983402252197,,,
441,79499,,,,-2.6137096881866455,1.323481559753418,3.894130229949951,,,
441,79549,,,,-2.521371603012085,1.77317476272583,4.816685676574707,,,
441,79559,,,,,,,-2.3458738327026367,1.8222460746765137,8.15474796295166
442,79599,,,,-2.4006452560424805,1.7330466508865356,6.360260009765625,,,
442,79649,,,,-3.038987636566162,0.8233984112739563,1.4626221656799316,,,
442,79699,,,,-2.971221446990967,0.937200665473938,1.7096164226531982,,,
442,79739,,,,,,,-2.4853973388671875,1.4934561252593994,6.063971519470215
443,79749,,,,-3.46063232421875,0.5630497932434082,0.5539722442626953,,,
443,79799,,,,-2.8757596015930176,1.046738624572754,2.1299054622650146,,,
443,79849,,,,-2.598787784576416,1.3707292079925537,4.0302534103393555,,,
443,79899,,,,-2.487926959991455,1.8408236503601074,5.202271938323975,,,
443,79919,,,,,,,-2.4418439865112305,1.6710439920425415,6.67483377456665
444,79949,,,,-3.223172664642334,0.6568006873130798,0.9570780992507935,,,
444,79999,,,,-2.5636656284332275,1.7423624992370605,4.369727611541748,,,
444,80049,,,,-3.577406883239746,0.5436199307441711,0.4233627915382385,,,
444,80099,,,,-3.0135273933410645,0.9196227192878723,1.5509319305419922,,,
444,80099,,,,,,,-2.6770551204681396,1.121620535850525,4.137805461883545
445,80149,,,,-2.824516534805298,1.2356826066970825,2.3966431617736816,,,
445,80199,,,,-2.7316925525665283,1.3028514385223389,2.9677505493164062,,,
445,80249,,,,-2.3783159255981445,2.34084153175354,6.695828437805176,,,
445,80279,,,,,,,-2.611177921295166,1.3331605195999146,4.634626865386963
446,80299,,,,-3.0247600078582764,0.8973539471626282,1.5113317966461182,,,
446,80349,,,,-3.458359479904175,0.5853056311607361,0.556878387928009,,,
446,80399,,,,-2.286019802093506,1.6667180061340332,8.28133487701416,,,
446,80449,,,,-2.5734975337982178,1.6746346950531006,4.271914958953857,,,
446,80459,,,,,,,-2.2396655082702637,2.120426893234253,9.94869613647461
447,80499,,,,-2.375894784927368,2.0472073554992676,6.733254909515381,,,
447,80549,,,,-2.9885642528533936,1.0614917278289795,1.6426907777786255,,,
447,80599,,,,-2.8989815711975098,1.2256457805633545,2.0190091133117676,,,
447,80639,,,,,,,-2.6436359882354736,1.1751517057418823,4.479226589202881
448,80649,,,,-2.031463623046875,3.544881820678711,14.881832122802734,,,
448,80699,,,,-3.5214755535125732,0.5042667984962463,0.4815528988838196,,,
448,80749,,,,-2.545093059539795,1.6921560764312744,4.560649394989014,,,
448,80799,,,,-3.2465860843658447,0.7387242913246155,0.9068470597267151,,,
448,80819,,,,,,,-2.476236581802368,1.6329237222671509,5.9315667152404785
449,80849,,,,-2.667541742324829,1.2357312440872192,3.4401564598083496,,,
449,80899,,,,-3.4560012817382812,0.5108453631401062,0.5599110722541809,,,
449,80949,,,,-2.9587152004241943,1.1685340404510498,1.759562611579895,,,
449,80999,,,,-3.363379955291748,0.6100961565971375,0.6930110454559326,,,
449,80999,,,,,,,-2.5841073989868164,1.282354474067688,5.064243793487549
450,81049,,,,-2.680657386779785,1.4745689630508423,3.3378195762634277,,,
450,81099,,,,-3.2471258640289307,0.6630845665931702,0.905720055103302,,,
450,81149,,,,-2.9086086750030518,1.2514588832855225,1.9747471809387207,,,
450,81179,,,,,,,-2.49074649810791,1.4383760690689087,5.843371868133545
451,81199,,,,-3.623522996902466,0.46063101291656494,0.3807124197483063,,,
451,81249,,,,-2.942915678024292,0.9373159408569336,1.8247530460357666,,,
451,81299,,,,-3.340150833129883,0.7289217114448547,0.7310866117477417,,,
451,81349,,,,-2.75350284576416,1.3092480897903442,2.822389602661133,,,
451,81359,,,,,,,-2.6195454597473145,1.3318816423416138,4.692080020904541
452,81399,,,,-3.128812551498413,0.7359858751296997,1.1893447637557983,,,
452,81449,,,,-2.9461050033569336,1.0136773586273193,1.8114020824432373,,,
452,81499,,,,-2.559861898422241,1.488454818725586,4.408166885375977,,,
452,81539,,,,,,,-2.674107789993286,1.1462501287460327,4.241735458374023
453,81549,,,,-2.3942854404449463,1.952979564666748,6.454083442687988,,,
453,81599,,,,-1.7483878135681152,4.277484893798828,28.55828857421875,,,
453,81649,,,,-2.9764506816864014,0.9458587765693665,1.689154863357544,,,
453,81699,,,,-2.6267292499542236,1.3172037601470947,3.7791213989257812,,,
453,81719,,,,,,,-2.4573330879211426,1.69403874874115,6.134385108947754
454,81749,,,,-2.2867329120635986,1.8265388011932373,8.267744064331055,,,
454,81799,,,,-2.8684113025665283,1.2127666473388672,2.1662511825561523,,,
454,81849,,,,-2.8489859104156494,1.2057256698608398,2.265343427658081,,,
454,81899,,,,-2.3155364990234375,1.6329641342163086,7.737194061279297,,,
454,81899,,,,,,,-2.3880934715270996,1.8275965452194214,7.294301986694336
455,81949,,,,-3.215463876724243,0.7710002064704895,0.9742174744606018,,,
455,81999,,,,-2.9747209548950195,0.7004395723342896,1.6958954334259033,,,
455,82049,,,,-2.5476253032684326,1.458862543106079,4.534139633178711,,,
455,82079,,,,,,,-2.613931894302368,1.2531278133392334,4.750549793243408
456,82099,,,,-2.5049006938934326,1.7251591682434082,5.002871036529541,,,
456,82149,,,,-3.304196834564209,0.6420103907585144,0.7941874265670776,,,
456,82199,,,,-3.4587976932525635,0.5414168834686279,0.5563175082206726,,,
456,82249,,,,-3.0327861309051514,0.9900221824645996,1.4836580753326416,,,
456,82259,,,,,,,-2.5775301456451416,1.2521857023239136,4.964179515838623
457,82299,,,,-2.890129804611206,1.079542875289917,2.060582160949707,,,
457,82349,,,,-3.106778860092163,0.8309343457221985,1.2512409687042236,,,
457,82399,,,,-3.4607152938842773,0.5558013319969177,0.5538657903671265,,,
457,82439,,,,,,,-2.594330310821533,1.2058091163635254,4.863166809082031
458,82449,,,,-2.989079475402832,0.9210522174835205,1.640742301940918,,,
458,82499,,,,-3.5396831035614014,0.5186871886253357,0.4617825746536255,,,
458,82549,,,,-3.4133543968200684,0.5548582673072815,0.617682933807373,,,
458,82599,,,,-3.348771810531616,0.5662130117416382,0.7167174816131592,,,
458,82619,,,,,,,-2.56417179107666,1.2969120740890503,5.04009485244751
459,82649,,,,-2.838945150375366,1.0353500843048096,2.3183281421661377,,,
459,82699,,,,-2.7541186809539795,1.4751989841461182,2.818392038345337,,,
459,82749,,,,-3.2343084812164307,0.6625948548316956,0.9328488111495972,,,
459,82799,,,,-2.7690675258636475,1.163194179534912,2.7230310440063477,,,
459,82799,,,,,,,-2.688307285308838,1.1010141372680664,4.197018146514893
460,82849,,,,-3.534156322479248,0.48330801725387573,0.46769648790359497,,,
460,82899,,,,-3.11262845993042,0.8371743559837341,1.2345004081726074,,,
460,82949,,,,-3.1611523628234863,0.6103000044822693,1.1039972305297852,,,
460,82979,,,,,,,-2.610700845718384,1.2213419675827026,4.771295070648193
461,82999,,,,-3.604201555252075,0.4787088632583618,0.3980322480201721,,,
461,83049,,,,-3.275578260421753,0.7735839486122131,0.8482848405838013,,,
461,83099,,,,-3.327793598175049,0.599545419216156,0.7521883249282837,,,
461,83149,,,,-2.3447859287261963,1.656527042388916,7.233263969421387,,,
461,83159,,,,,,,-1.969517707824707,2.9352424144744873,18.293418884277344
462,83199,,,,-2.4755704402923584,1.8919646739959717,5.352412223815918,,,
462,83249,,,,-2.608497381210327,1.5819114446640015,3.941148042678833,,,
462,83299,,,,-3.048079013824463,0.9070596098899841,1.4323227405548096,,,
462,83339,,,,,,,-2.6512691974639893,1.2070531845092773,4.35591983795166
463,83349,,,,-2.6843037605285645,1.3276755809783936,3.3099122047424316,,,
463,83399,,,,-3.142533779144287,0.7312468886375427,1.1523545980453491,,,
463,83449,,,,-3.553128480911255,0.5638177990913391,0.4477047920227051,,,
463,83499,,,,-3.2209322452545166,0.6563997268676758,0.9620276689529419,,,
463,83519,,,,,,,-2.4986062049865723,1.5245858430862427,5.808745861053467
464,83549,,,,-2.635230541229248,1.1641687154769897,3.7058632373809814,,,
464,83599,,,,-2.504157066345215,1.395992636680603,5.011444568634033,,,
464,83649,,,,-2.2063405513763428,2.2894535064697266,9.948999404907227,,,
464,83699,,,,-3.3838095664978027,0.6121624112129211,0.6611656546592712,,,
464,83699,,,,,,,-2.4403750896453857,1.647814393043518,6.47365140914917
465,83749,,,,-2.5974855422973633,1.4814541339874268,4.042355060577393,,,
465,83799,,,,-3.1847774982452393,0.7163565754890442,1.0455446243286133,,,
465,83849,,,,-2.5170836448669434,1.4941617250442505,4.86447811126709,,,
465,83879,,,,,,,-2.3458425998687744,1.9259401559829712,7.7682671546936035
466,83899,,,,-2.846012592315674,1.1572340726852417,2.2809066772460938,,,
466,83949,,,,-3.404003143310547,0.614369809627533,0.631126880645752,,,
466,83999,,,,-2.936091423034668,0.9663342237472534,1.853654384613037,,,
466,84049,,,,-3.4402108192443848,0.6276288628578186,0.5806427001953125,,,
466,84059,,,,,,,-2.5081698894500732,1.459425926208496,5.858864784240723
467,84099,,,,-2.8041305541992188,1.1182312965393066,2.5118248462677,,,
467,84149,,,,-2.7598958015441895,0.9636904001235962,2.781148910522461,,,
467,84199,,,,-3.2394158840179443,0.7699514031410217,0.9219428896903992,,,
467,84239,,,,,,,-2.391735792160034,1.7235069274902344,7.454024791717529
468,84249,,,,-2.6512672901153564,1.311924934387207,3.5715172290802,,,
468,84299,,,,-2.567603349685669,1.3159160614013672,4.330285549163818,,,
468,84349,,,,-2.9351413249969482,0.9593273401260376,1.8577131032943726,,,
468,84399,,,,-2.523219585418701,1.6141064167022705,4.796232223510742,,,
468,84419,,,,,,,-2.577425479888916,1.2852364778518677,4.943739414215088
469,84449,,,,-3.327122926712036,0.573176383972168,0.7533509731292725,,,
469,84499,,,,-2.441100597381592,1.7972767353057861,5.794543266296387,,,
469,84549,,,,-2.562814474105835,1.7603398561477661,4.378299713134766,,,
469,84599,,,,-3.232302665710449,0.5923103094100952,0.9371679425239563,,,
469,84599,,,,,,,-2.6068077087402344,1.2035408020019531,4.7997612953186035
470,84649,,,,-2.1730711460113525,2.148738384246826,10.741104125976562,,,
470,84699,,,,-2.867459535598755,1.1305261850357056,2.1710033416748047,,,
470,84749,,,,-2.4118833541870117,1.373039722442627,6.1977858543396,,,
470,84779,,,,,,,-2.668879985809326,1.1425670385360718,4.261322498321533
471,84799,,,,-3.1235687732696533,0.7895621657371521,1.203791618347168,,,
471,84849,,,,-2.882952928543091,1.1582850217819214,2.094918727874756,,,
471,84899,,,,-3.1377031803131104,0.6145503520965576,1.1652437448501587,,,
471,84949,,,,-2.754746675491333,1.1133143901824951,2.8143200874328613,,,
471,84959,,,,,,,-2.576443672180176,1.4807878732681274,4.930566310882568
472,84999,,,,-3.2985680103302,0.5961236953735352,0.8045477867126465,,,
472,85049,,,,-3.2463395595550537,0.7798734903335571,0.907361626625061,,,
472,85099,,,,-3.633753776550293,0.47185754776000977,0.3718487620353699,,,
472,85139,,,,,,,-2.624521493911743,1.210526704788208,4.569153785705566
473,85149,,,,-3.4759509563446045,0.6205132007598877,0.5347728133201599,,,
473,85199,,,,-2.726900815963745,1.1739085912704468,3.000676155090332,,,
473,85249,,,,-3.3821332454681396,0.5929901003837585,0.6637230515480042,,,
473,85299,,,,-3.0850670337677,0.8595960736274719,1.315385341644287,,,
473,85319,,,,,,,-2.5847010612487793,1.314774513244629,4.943971633911133
474,85349,,,,-3.2898759841918945,0.5954687595367432,0.8208125233650208,,,
474,85399,,,,-2.922309160232544,1.0436222553253174,1.913421869277954,,,
474,85449,,,,-1.9528132677078247,2.425865411758423,17.83637809753418,,,
474,85499,,,,-2.6790106296539307,1.277721881866455,3.3504998683929443,,,
474,85499,,,,,,,-2.630246877670288,1.2016181945800781,4.528194904327393
475,85549,,,,-2.702756404876709,1.3587446212768555,3.172224760055542,,,
475,85599,,,,-2.5559568405151367,1.246363639831543,4.44798469543457,,,
475,85649,,,,-2.8576083183288574,0.9028328061103821,2.220813274383545,,,
475,85679,,,,,,,-2.6875228881835938,1.1172938346862793,4.136941432952881
476,85699,,,,-2.920262336730957,1.1867365837097168,1.9224605560302734,,,
476,85749,,,,-3.6109049320220947,0.46655184030532837,0.39193570613861084,,,
476,85799,,,,-3.0229969024658203,0.8683472871780396,1.5174803733825684,,,
476,85849,,,,-2.965601921081543,0.9372658729553223,1.7318814992904663,,,
476,85859,,,,,,,-2.6400904655456543,1.1608184576034546,4.51107931137085
477,85899,,,,-2.706430673599243,1.5552270412445068,3.1454968452453613,,,
477,85949,,,,-2.686556100845337,1.3924412727355957,3.29278826713562,,,
477,85999,,,,-3.394237756729126,0.5541661381721497,0.6454792022705078,,,
477,86039,,,,,,,-2.673738718032837,1.1362040042877197,4.243147850036621
478,86049,,,,-3.0675296783447266,0.8380955457687378,1.3695898056030273,,,
478,86099,,,,-2.878034830093384,1.0818636417388916,2.118777275085449,,,
478,86149,,,,-3.224813222885132,0.8456752896308899,0.9534696340560913,,,
478,86199,,,,-3.320145845413208,0.6756982207298279,0.7655515074729919,,,
478,86219,,,,,,,-2.2874186038970947,1.9363502264022827,9.217750549316406
479,86249,,,,-2.7364184856414795,1.1329083442687988,2.9356322288513184,,,
479,86299,,,,-2.4600141048431396,1.2927404642105103,5.547611236572266,,,
479,86349,,,,-2.7801625728607178,1.2166647911071777,2.654346466064453,,,
479,86399,,,,-2.532824754714966,1.4124488830566406,4.691323757171631,,,
479,86399,,,,,,,-2.55250883102417,1.3794374465942383,5.332359313964844
480,86449,,,,-3.1336021423339844,0.8011046648025513,1.1762994527816772,,,
480,86499,,,,-2.917524814605713,1.1798993349075317,1.9346177577972412,,,
480,86549,,,,-3.0358660221099854,0.8987926840782166,1.4731733798980713,,,
480,86579,,,,,,,-2.5293240547180176,1.6154580116271973,5.431952476501465
481,86599,,,,-3.1607046127319336,0.7137027382850647,1.105135202407837,,,
481,86649,,,,-2.553473472595215,1.5958282947540283,4.473490238189697,,,
481,86699,,,,-3.419271945953369,0.5758094191551208,0.6093243360519409,,,
481,86749,,,,-2.191075086593628,2.6454875469207764,10.304924964904785,,,
481,86759,,,,,,,-2.670304536819458,1.1132125854492188,4.217083930969238
482,86799,,,,-3.373539686203003,0.5454029440879822,0.676986813545227,,,
482,86849,,,,-2.768733501434326,1.087639570236206,2.725125312805176,,,
482,86899,,,,-3.203324317932129,0.8077577352523804,1.0018335580825806,,,
482,86939,,,,,,,-2.5254101753234863,1.4083051681518555,5.493949890136719
483,86949,,,,-2.8342208862304688,1.2816135883331299,2.343684434890747,,,
483,86999,,,,-3.118560552597046,0.6718739867210388,1.2177536487579346,,,
483,87049,,,,-3.3962416648864746,0.6466788053512573,0.642507791519165,,,
483,87099,,,,-3.0982108116149902,0.805476725101471,1.2761729955673218,,,
483,87119,,,,,,,-2.6318247318267822,1.1921709775924683,4.527022361755371
484,87149,,,,-3.365363597869873,0.5306419134140015,0.6898528337478638,,,
484,87199,,,,-3.2873473167419434,0.7378730773925781,0.8256057500839233,,,
484,87249,,,,-3.345421552658081,0.6236919164657593,0.7222671508789062,,,
484,87299,,,,-2.4338531494140625,2.060739517211914,5.892056465148926,,,
484,87299,,,,,,,-2.2186198234558105,2.362942695617676,10.687710762023926
485,87349,,,,-2.618881940841675,1.451160192489624,3.8480265140533447,,,
485,87399,,,,-3.1060361862182617,0.8350095748901367,1.253382682800293,,,
485,87449,,,,-3.225438356399536,0.7106826901435852,0.9520978927612305,,,
485,87479,,,,,,,-2.6317312717437744,1.2495282888412476,4.486665725708008
486,87499,,,,-3.068918466567993,0.8390876054763794,1.3652178049087524,,,
486,87549,,,,-3.0856900215148926,0.8032702803611755,1.3134994506835938,,,
486,87599,,,,-3.1083786487579346,0.6633798480033875,1.2466404438018799,,,
486,87649,,,,-3.095369577407837,0.7630727887153625,1.284548044204712,,,
486,87659,,,,,,,-2.628596305847168,1.223895788192749,4.561594486236572
487,87699,,,,-2.2295420169830322,1.887634038925171,9.431443214416504,,,
487,87749,,,,-3.1056761741638184,0.785031795501709,1.2544219493865967,,,
487,87799,,,,-3.0014495849609375,0.890977680683136,1.5946695804595947,,,
487,87839,,,,,,,-2.641427516937256,1.1682095527648926,4.482410430908203
488,87849,,,,-3.5212385654449463,0.5272771716117859,0.4818161129951477,,,
488,87899,,,,-3.0516035556793213,1.0646493434906006,1.4207468032836914,,,
488,87949,,,,-3.1001362800598145,0.9147492051124573,1.2705259323120117,,,
488,87999,,,,-3.074765920639038,1.0366557836532593,1.3469579219818115,,,
488,88019,,,,,,,-2.5335099697113037,1.6189128160476685,5.2940287590026855
489,88049,,,,-3.4853343963623047,0.5043426156044006,0.5233421325683594,,,
489,88099,,,,-3.180405855178833,0.7442378401756287,1.0561225414276123,,,
489,88149,,,,-3.016643524169922,1.0275611877441406,1.5398423671722412,,,
489,88199,,,,-3.7799105644226074,0.4208351969718933,0.2655889391899109,,,
489,88199,,,,,,,-2.533005475997925,1.3983505964279175,5.432007312774658
490,88249,,,,-2.7601802349090576,1.1719341278076172,2.7793259620666504,,,
490,88299,,,,-3.5035879611968994,0.5744109749794006,0.5018012523651123,,,
490,88349,,,,-3.187232732772827,0.7039105892181396,1.0396497249603271,,,
490,88379,,,,,,,-2.6070632934570312,1.2573765516281128,4.829544544219971
491,88399,,,,-3.4765565395355225,0.5248344540596008,0.5340279340744019,,,
491,88449,,,,-2.6352500915527344,1.5855474472045898,3.7056963443756104,,,
491,88499,,,,-3.282053232192993,0.7336241006851196,0.8357320427894592,,,
491,88549,,,,-3.0881357192993164,1.025667428970337,1.3061237335205078,,,
491,88559,,,,,,,-2.506783962249756,1.6034787893295288,5.608827114105225
492,88599,,,,-3.6812644004821777,0.433846116065979,0.3333158791065216,,,
492,88649,,,,-3.0117619037628174,1.0583841800689697,1.5572494268417358,,,
492,88699,,,,-3.5957486629486084,0.45025497674942017,0.40585529804229736,,,
492,88739,,,,,,,-2.596158742904663,1.258770227432251,4.907079696655273
493,88749,,,,-2.7131898403167725,1.3026782274246216,3.0969228744506836,,,
493,88799,,,,-3.3396859169006348,0.5755850076675415,0.7318704128265381,,,
493,88849,,,,-3.27030873298645,0.8011757135391235,0.8586409091949463,,,
493,88899,,,,-3.591217517852783,0.4664146900177002,0.41011273860931396,,,
493,88919,,,,,,,-2.5659687519073486,1.3398772478103638,5.208991527557373
494,88949,,,,-3.2001397609710693,0.6815913915634155,1.009207010269165,,,
494,88999,,,,-2.6852309703826904,1.2146388292312622,3.3028509616851807,,,
494,89049,,,,-2.457655191421509,1.2487237453460693,5.577824592590332,,,
494,89099,,,,-3.370323657989502,0.5203709602355957,0.6820183396339417,,,
494,89099,,,,,,,-2.4512171745300293,1.6339577436447144,6.313237190246582
495,89149,,,,-3.0611095428466797,0.8087353110313416,1.3899872303009033,,,
495,89199,,,,-2.8163959980010986,1.1255947351455688,2.4418787956237793,,,
495,89249,,,,-3.4189131259918213,0.5720124840736389,0.6098273992538452,,,
495,89279,,,,,,,-2.1538281440734863,2.9689581394195557,11.528294563293457
496,89299,,,,-2.873020887374878,0.9528197050094604,2.143381357192993,,,
496,89349,,,,-2.0992393493652344,2.6874735355377197,12.731527328491211,,,
496,89399,,,,-3.0552306175231934,0.8614528775215149,1.4089303016662598,,,
496,89449,,,,-3.047381639480591,0.7686641216278076,1.434625267982483,,,
496,89459,,,,,,,-2.6743228435516357,1.1700410842895508,4.27499532699585
497,89499,,,,-2.932377576828003,1.1498758792877197,1.8695735931396484,,,
497,89549,,,,-2.706960439682007,1.3925632238388062,3.141664981842041,,,
497,89599,,,,-2.1904540061950684,2.008906364440918,10.319671630859375,,,
497,89639,,,,,,,-2.2647547721862793,1.965757966041565,9.473885536193848
498,89649,,,,-3.196727991104126,0.8275889158248901,1.0171656608581543,,,
498,89699,,,,-3.148723602294922,0.845721423625946,1.1360478401184082,,,
498,89749,,,,-2.7358522415161133,1.3515502214431763,2.939459800720215,,,
498,89799,,,,-3.4410946369171143,0.6008766889572144,0.5794622898101807,,,
498,89819,,,,,,,-2.3385510444641113,1.8531396389007568,8.402634620666504
499,89849,,,,-2.4518914222717285,1.628008246421814,5.652344703674316,,,
499,89899,,,,-3.2680633068084717,0.6239138245582581,0.8630915880203247,,,
499,89949,,,,-2.819614887237549,1.3636672496795654,2.4238476753234863,,,
499,89999,,,,-3.4140236377716064,0.643449604511261,0.616732120513916,,,
499,89999,,,,,,,-2.602658987045288,1.304731011390686,4.7742600440979
500,90049,,,,-3.8336048126220703,0.3576905131340027,0.23470105230808258,,,
500,90099,,,,-3.482893228530884,0.5745589137077332,0.5262922048568726,,,
500,90149,,,,-2.823920965194702,1.0726873874664307,2.3999342918395996,,,
500,90179,,,,,,,-2.520169496536255,1.432617425918579,5.652348041534424
501,90199,,,,-3.1160342693328857,0.7637860774993896,1.224858283996582,,,
501,90249,,,,-3.9575421810150146,0.3218243718147278,0.17643210291862488,,,
501,90299,,,,-3.252066135406494,0.6045706272125244,0.8954758644104004,,,
501,90349,,,,-3.6799378395080566,0.3685053884983063,0.3343355655670166,,,
501,90359,,,,,,,-2.431936025619507,1.7584601640701294,6.54806661605835
502,90399,,,,-3.3298308849334717,0.5883823037147522,0.7486675977706909,,,
502,90449,,,,-3.370030403137207,0.5738556981086731,0.6824796199798584,,,
502,90499,,,,-3.5304150581359863,0.4653499722480774,0.47174277901649475,,,
502,90539,,,,,,,-2.436048984527588,1.525069236755371,6.579285621643066
503,90549,,,,-3.3654239177703857,0.6511775851249695,0.6897565722465515,,,
503,90599,,,,-3.4558136463165283,0.46799135208129883,0.5601521730422974,,,
503,90649,,,,-2.2740585803985596,2.274047613143921,8.512587547302246,,,
503,90699,,,,-2.4276998043060303,1.5994311571121216,5.976132392883301,,,
503,90719,,,,,,,-2.625805377960205,1.1833093166351318,4.685246467590332
504,90749,,,,-1.9511805772781372,3.126814603805542,17.903564453125,,,
504,90799,,,,-3.2781147956848145,0.6188409328460693,0.8433457612991333,,,
504,90849,,,,-2.6581485271453857,1.264127254486084,3.515373706817627,,,
504,90899,,,,-2.212106704711914,1.7147886753082275,9.817781448364258,,,
504,90899,,,,,,,-2.1057586669921875,2.0099735260009766,15.110814094543457
505,90949,,,,-2.9387218952178955,1.0073384046554565,1.8424615859985352,,,
505,90999,,,,-2.6727840900421143,1.3772900104522705,3.3988821506500244,,,
505,91049,,,,-2.6855757236480713,1.3315285444259644,3.300230026245117,,,
505,91079,,,,,,,-2.6194026470184326,1.1858857870101929,4.716970443725586
506,91099,,,,-3.499786376953125,0.43136221170425415,0.5062131881713867,,,
506,91149,,,,-3.227766513824463,0.8377202749252319,0.9470083713531494,,,
506,91199,,,,-2.690981388092041,0.9803538918495178,3.2594075202941895,,,
506,91249,,,,-2.8129053115844727,1.1440715789794922,2.461585283279419,,,
506,91259,,,,,,,-2.520862102508545,1.4055157899856567,5.494297027587891
507,91299,,,,-3.5578672885894775,0.480648398399353,0.44284605979919434,,,
507,91349,,,,-2.8047139644622803,1.1117839813232422,2.508455991744995,,,
507,91399,,,,-3.463735342025757,0.49959760904312134,0.5500281453132629,,,
507,91439,,,,,,,-2.667116641998291,1.1375764608383179,4.37531852722168
508,91449,,,,-2.7035300731658936,1.2811765670776367,3.1665761470794678,,,
508,91499,,,,-3.7700908184051514,0.40745383501052856,0.2716621458530426,,,
508,91549,,,,-2.8037660121917725,1.3271794319152832,2.5139355659484863,,,
508,91599,,,,-3.5596790313720703,0.5928664803504944,0.44100233912467957,,,
508,91619,,,,,,,-2.5513877868652344,1.4549381732940674,5.22980260848999
509,91649,,,,-2.7804272174835205,1.254394769668579,2.6527280807495117,,,
509,91699,,,,-3.8856048583984375,0.36173808574676514,0.20821666717529297,,,
509,91749,,,,-3.7866690158843994,0.389869749546051,0.26148736476898193,,,
509,91799,,,,-2.9637420177459717,0.8177608251571655,1.7393145561218262,,,
509,91799,,,,,,,-2.6571426391601562,1.2154604196548462,4.326821804046631
510,91849,,,,-3.5156898498535156,0.4601355493068695,0.4880114197731018,,,
510,91899,,,,-2.1722636222839355,2.742306709289551,10.761092185974121,,,
510,91949,,,,-3.5825464725494385,0.4978092312812805,0.4183824062347412,,,
510,91979,,,,,,,-2.3967859745025635,1.8498687744140625,7.0498223304748535
511,91999,,,,-3.5820560455322266,0.4367385506629944,0.41885504126548767,,,
511,92049,,,,-2.6771411895751953,1.453861951828003,3.36495304107666,,,
511,92099,,,,-3.5428316593170166,0.5003182888031006,0.45844611525535583,,,
511,92149,,,,-3.299758195877075,0.6667598485946655,0.8023462891578674,,,
511,92159,,,,,,,-2.3460323810577393,1.9503297805786133,7.869796276092529
512,92160,,,,,,,-2.691631555557251,1.139054298400879,4.144289970397949
512,92160,-2.6370792388916016,1.1750673055648804,4.320794582366943,,,,,,
