epoch,step,test_loss,test_mae,test_mse,train_loss,train_mae,train_mse,val_loss,val_mae,val_mse
0,49,,,,0.21873752772808075,46.97254943847656,2647.63134765625,,,
0,99,,,,-0.692458987236023,15.774497985839844,324.8336181640625,,,
0,149,,,,-0.42499494552612305,19.328874588012695,601.346923828125,,,
0,179,,,,,,,-0.391877681016922,19.645784378051758,696.0827026367188
1,199,,,,-1.4037784337997437,6.069313049316406,63.1453857421875,,,
1,249,,,,-0.14547944068908691,26.283538818359375,1144.565185546875,,,
1,299,,,,-1.0537312030792236,8.859782218933105,141.38026428222656,,,
1,349,,,,-1.2155579328536987,7.472903251647949,97.40072631835938,,,
1,359,,,,,,,-0.6979983448982239,13.799713134765625,338.1020812988281
2,399,,,,-1.5158239603042603,6.070127964019775,48.786102294921875,,,
2,449,,,,-1.5252888202667236,6.025984764099121,47.734375,,,
2,499,,,,-1.547757863998413,5.529130935668945,45.327537536621094,,,
2,539,,,,,,,-1.2764288187026978,7.59463357925415,87.8801498413086
3,549,,,,-1.3753267526626587,7.165382385253906,67.42070007324219,,,
3,599,,,,-1.3370428085327148,7.135234832763672,73.6337890625,,,
3,649,,,,-1.5938894748687744,5.402795791625977,40.759666442871094,,,
3,699,,,,-1.4998596906661987,6.03947639465332,50.612796783447266,,,
3,719,,,,,,,-1.1895332336425781,7.925115585327148,108.42228698730469
4,749,,,,-0.5104116201400757,17.55921173095703,493.9789123535156,,,
4,799,,,,-0.31452587246894836,20.18254852294922,775.52197265625,,,
4,849,,,,-1.5459266901016235,5.745612621307373,45.51905822753906,,,
4,899,,,,-1.2664493322372437,6.918519020080566,86.63047790527344,,,
4,899,,,,,,,-1.1868922710418701,7.352568626403809,112.11861419677734
5,949,,,,0.3365514576435089,47.424407958984375,3472.733642578125,,,
5,999,,,,-1.3295646905899048,7.547116756439209,74.91267395019531,,,
5,1049,,,,-1.8345222473144531,3.9910316467285156,23.42058753967285,,,
5,1079,,,,,,,-1.3790581226348877,6.633263111114502,68.98795318603516
6,1099,,,,-1.6105597019195557,5.23386812210083,39.224761962890625,,,
6,1149,,,,-0.5381216406822205,17.670120239257812,463.4452209472656,,,
6,1199,,,,-0.8500027060508728,10.638230323791504,226.0045928955078,,,
6,1249,,,,-1.3497787714004517,6.61774206161499,71.50579071044922,,,
6,1259,,,,,,,-1.3161617517471313,6.987562656402588,79.5910415649414
7,1299,,,,-0.7829012870788574,13.59688949584961,263.76593017578125,,,
7,1349,,,,-1.273424506187439,7.17793607711792,85.25022888183594,,,
7,1399,,,,-1.091680645942688,9.266571998596191,129.55056762695312,,,
7,1439,,,,,,,-1.49563467502594,6.107865333557129,52.03767776489258
8,1449,,,,-0.1147550493478775,28.275482177734375,1228.47119140625,,,
8,1499,,,,-0.7041892409324646,14.570414543151855,316.17730712890625,,,
8,1549,,,,-0.960172176361084,10.28996467590332,175.36700439453125,,,
8,1599,,,,-0.8772085905075073,10.808939933776855,212.2811279296875,,,
8,1619,,,,,,,-0.7272830009460449,13.963356018066406,313.35113525390625
9,1649,,,,-0.9312705397605896,11.881750106811523,187.43447875976562,,,
9,1699,,,,-1.0707989931106567,9.581062316894531,135.9317626953125,,,
9,1749,,,,-0.8476359248161316,12.816587448120117,227.23965454101562,,,
9,1799,,,,-1.234459638595581,7.433724880218506,93.25248718261719,,,
9,1799,,,,,,,-0.9531125426292419,10.790044784545898,184.690185546875
10,1849,,,,-1.5020893812179565,5.466792106628418,50.353607177734375,,,
10,1899,,,,-0.9675772190093994,10.363015174865723,172.40216064453125,,,
10,1949,,,,-0.8507161736488342,12.350353240966797,225.6336212158203,,,
10,1979,,,,,,,-1.4226446151733398,6.396559715270996,62.215980529785156
11,1999,,,,-1.6317543983459473,5.207847595214844,37.35646057128906,,,
11,2049,,,,-1.2875338792800903,6.961448669433594,82.52510070800781,,,
11,2099,,,,-1.6859041452407837,4.686229705810547,32.97735595703125,,,
11,2149,,,,-0.8654122352600098,11.814676284790039,218.12615966796875,,,
11,2159,,,,,,,-1.4868395328521729,5.857698917388916,53.43955993652344
12,2199,,,,-1.0340927839279175,9.91744327545166,147.92010498046875,,,
12,2249,,,,-1.458554983139038,6.494333267211914,55.66279220581055,,,
12,2299,,,,-1.090058445930481,9.039670944213867,130.03538513183594,,,
12,2339,,,,,,,-1.6109716892242432,5.441131591796875,39.983306884765625
13,2349,,,,-0.823590099811554,12.226317405700684,240.1761474609375,,,
13,2399,,,,-1.323067307472229,6.866018772125244,76.04185485839844,,,
13,2449,,,,-1.3788483142852783,6.820662498474121,66.87621307373047,,,
13,2499,,,,-1.2784849405288696,7.616115570068359,84.26263427734375,,,
13,2519,,,,,,,-1.3991296291351318,6.660586833953857,65.46080780029297
14,2549,,,,-0.462889164686203,19.228534698486328,551.1004638671875,,,
14,2599,,,,-0.4446886479854584,16.782855987548828,574.6870727539062,,,
14,2649,,,,-0.3922843039035797,20.735218048095703,648.3890380859375,,,
14,2699,,,,-1.3861790895462036,6.383289337158203,65.75684356689453,,,
14,2699,,,,,,,-0.8609357476234436,11.139993667602539,234.39559936523438
15,2749,,,,-1.5918419361114502,5.52919864654541,40.95227813720703,,,
15,2799,,,,-0.8154696226119995,13.40530014038086,244.7092742919922,,,
15,2849,,,,-0.5126187205314636,16.900537490844727,491.474853515625,,,
15,2879,,,,,,,-0.854860246181488,11.408843994140625,236.40090942382812
16,2899,,,,-0.2967436909675598,21.45437240600586,807.9347534179688,,,
16,2949,,,,-1.0776766538619995,9.274622917175293,133.79603576660156,,,
16,2999,,,,-1.5587592124938965,5.73734188079834,44.19374084472656,,,
16,3049,,,,-1.4720078706741333,6.153347492218018,53.964996337890625,,,
16,3059,,,,,,,-1.6276885271072388,5.181646823883057,38.53076171875
17,3099,,,,-0.11192996054887772,28.78477668762207,1236.4884033203125,,,
17,3149,,,,-0.9809654355049133,11.314327239990234,167.16854858398438,,,
17,3199,,,,-0.99952632188797,10.531307220458984,160.17462158203125,,,
17,3239,,,,,,,-0.6548677086830139,14.192790985107422,379.6177673339844
18,3249,,,,-1.3015800714492798,7.537028789520264,79.89875030517578,,,
18,3299,,,,-0.6472778916358948,14.662277221679688,360.4476013183594,,,
18,3349,,,,-1.5099115371704102,6.137027740478516,49.45481872558594,,,
18,3399,,,,-1.4805138111114502,6.269974231719971,52.9183349609375,,,
18,3419,,,,,,,-1.0307904481887817,9.380657196044922,156.9939422607422
19,3449,,,,-0.8741192817687988,11.877277374267578,213.79660034179688,,,
19,3499,,,,-0.9746800661087036,9.634197235107422,169.60552978515625,,,
19,3549,,,,-0.8857152462005615,11.44664478302002,208.16360473632812,,,
19,3599,,,,-1.2396539449691772,7.65616512298584,92.14378356933594,,,
19,3599,,,,,,,-1.0740091800689697,8.992646217346191,141.76930236816406
20,3649,,,,-1.425262451171875,6.488232612609863,60.09765625,,,
20,3699,,,,-0.447213351726532,19.496667861938477,571.3558349609375,,,
20,3749,,,,-1.7327239513397217,4.669772148132324,29.607114791870117,,,
20,3779,,,,,,,-1.5430057048797607,5.505267143249512,46.961387634277344
21,3799,,,,-0.47408100962638855,17.865463256835938,537.0799560546875,,,
21,3849,,,,-0.9076119661331177,11.443492889404297,197.92837524414062,,,
21,3899,,,,-1.160926103591919,8.0881986618042,110.4571762084961,,,
21,3949,,,,-1.1718391180038452,8.363329887390137,107.71617126464844,,,
21,3959,,,,,,,-1.658390998840332,5.051391124725342,36.04682922363281
22,3999,,,,-0.5112213492393494,19.806777954101562,493.05865478515625,,,
22,4049,,,,-1.263075828552246,7.906634330749512,87.3060302734375,,,
22,4099,,,,-1.3407764434814453,6.977437973022461,73.00347900390625,,,
22,4139,,,,,,,-1.2542954683303833,7.367627143859863,92.95750427246094
23,4149,,,,-0.9043524265289307,11.233590126037598,199.4194793701172,,,
23,4199,,,,-1.218468189239502,7.795281887054443,96.75019836425781,,,
23,4249,,,,-1.3409218788146973,7.175537109375,72.97904205322266,,,
23,4299,,,,-1.6481622457504272,5.267141342163086,35.971435546875,,,
23,4319,,,,,,,-1.5363943576812744,5.778148651123047,47.73894500732422
24,4349,,,,-1.0121952295303345,10.850448608398438,155.56961059570312,,,
24,4399,,,,-0.8078012466430664,12.094512939453125,249.0684814453125,,,
24,4449,,,,-1.2485946416854858,7.826988697052002,90.26622772216797,,,
24,4499,,,,-1.4592870473861694,6.306818008422852,55.56905746459961,,,
24,4499,,,,,,,-1.4253631830215454,6.382656574249268,61.71697235107422
25,4549,,,,-1.0509549379348755,8.52975845336914,142.28695678710938,,,
25,4599,,,,-0.9737715721130371,11.680450439453125,169.96066284179688,,,
25,4649,,,,-1.6620957851409912,4.98470401763916,34.83566665649414,,,
25,4679,,,,,,,-1.182702660560608,7.865757942199707,113.90717315673828
26,4699,,,,-1.6634492874145508,5.092477321624756,34.7272834777832,,,
26,4749,,,,-1.5315532684326172,5.754175662994385,47.05077362060547,,,
26,4799,,,,-0.15660130977630615,23.99774169921875,1115.626220703125,,,
26,4849,,,,-0.1953243464231491,29.736492156982422,1020.4591064453125,,,
26,4859,,,,,,,-0.8042991161346436,11.32839298248291,277.1280822753906
27,4899,,,,-1.2932106256484985,7.418330192565918,81.45344543457031,,,
27,4949,,,,-0.7161703109741211,14.75602912902832,307.57403564453125,,,
27,4999,,,,-1.3374907970428467,6.945204257965088,73.55787658691406,,,
27,5039,,,,,,,-1.0368949174880981,9.355058670043945,154.68661499023438
28,5049,,,,-1.5887364149093628,5.620885372161865,41.24616622924805,,,
28,5099,,,,-1.366028904914856,6.1786088943481445,68.87967681884766,,,
28,5149,,,,-0.9058783650398254,10.5132417678833,198.72006225585938,,,
28,5199,,,,-1.6102030277252197,4.87978458404541,39.256988525390625,,,
28,5219,,,,,,,-0.6022555828094482,15.131098747253418,428.94769287109375
29,5249,,,,-1.2153329849243164,7.639161586761475,97.45115661621094,,,
29,5299,,,,-1.3833564519882202,6.555167198181152,66.18561553955078,,,
29,5349,,,,-0.9226014018058777,10.52159309387207,191.21353149414062,,,
29,5399,,,,-1.1533461809158325,7.654778003692627,112.40193176269531,,,
29,5399,,,,,,,-1.0139124393463135,9.773247718811035,162.2983856201172
30,5449,,,,-1.4375799894332886,6.788390636444092,58.417110443115234,,,
30,5499,,,,-0.8463948369026184,11.970041275024414,227.88998413085938,,,
30,5549,,,,-1.446187138557434,6.294604301452637,57.270748138427734,,,
30,5579,,,,,,,-1.272580862045288,7.499072551727295,88.2888412475586
31,5599,,,,-1.6945853233337402,4.8201375007629395,32.32471466064453,,,
31,5649,,,,-1.6813077926635742,4.980624198913574,33.32823181152344,,,
31,5699,,,,-1.2371655702590942,7.581097602844238,92.67324829101562,,,
31,5749,,,,-0.8920092582702637,10.249752044677734,205.16851806640625,,,
31,5759,,,,,,,-1.6072779893875122,5.284517765045166,40.42903518676758
32,5799,,,,-1.4837751388549805,5.381037712097168,52.522430419921875,,,
32,5849,,,,-1.1984342336654663,7.714813232421875,101.31782531738281,,,
32,5899,,,,-1.1384787559509277,8.302696228027344,116.31649780273438,,,
32,5939,,,,,,,-1.609446406364441,5.235522270202637,40.336631774902344
33,5949,,,,-1.23774254322052,7.37593936920166,92.55022430419922,,,
33,5999,,,,-1.2991937398910522,7.395417213439941,80.3389892578125,,,
33,6049,,,,-1.1293095350265503,7.6022539138793945,118.7983627319336,,,
33,6099,,,,-1.1099692583084106,9.019771575927734,124.20834350585938,,,
33,6119,,,,,,,-1.5183632373809814,5.675179958343506,50.05704879760742
34,6149,,,,-1.1618847846984863,8.361908912658691,110.213623046875,,,
34,6199,,,,-1.4349912405014038,6.38945198059082,58.76634979248047,,,
34,6249,,,,-1.135858178138733,8.85349178314209,117.02044677734375,,,
34,6299,,,,-1.3112560510635376,6.54461145401001,78.1383056640625,,,
34,6299,,,,,,,-1.5693503618240356,5.3648681640625,44.414180755615234
35,6349,,,,-1.3703930377960205,6.6300458908081055,68.19099426269531,,,
35,6399,,,,-0.49396559596061707,16.316511154174805,513.0437622070312,,,
35,6449,,,,-0.6276484727859497,15.425734519958496,377.11297607421875,,,
35,6479,,,,,,,-0.8655258417129517,11.156514167785645,232.1878204345703
36,6499,,,,-0.5847040414810181,16.002655029296875,416.30914306640625,,,
36,6549,,,,-0.701621949672699,14.688458442687988,318.0519104003906,,,
36,6599,,,,-0.4566468298435211,16.114849090576172,559.0789184570312,,,
36,6649,,,,-0.8819248080253601,11.615497589111328,209.9883270263672,,,
36,6659,,,,,,,-1.6539433002471924,5.013311862945557,36.42790985107422
37,6699,,,,-1.69631028175354,4.8494768142700195,32.19657897949219,,,
37,6749,,,,-1.584340214729309,5.284365653991699,41.665809631347656,,,
37,6799,,,,-1.0104889869689941,10.369546890258789,156.18197631835938,,,
37,6839,,,,,,,-0.8082134127616882,11.540043830871582,268.4287414550781
38,6849,,,,-1.5037797689437866,6.267929553985596,50.15801239013672,,,
38,6899,,,,-0.5983990430831909,14.51876449584961,403.3861083984375,,,
38,6949,,,,-1.5142377614974976,5.997336387634277,48.964603424072266,,,
38,6999,,,,-1.446010947227478,6.523042678833008,57.29399108886719,,,
38,7019,,,,,,,-1.6204720735549927,5.237185478210449,39.38515090942383
39,7049,,,,-1.4323595762252808,6.430112361907959,59.12353515625,,,
39,7099,,,,-1.757245421409607,4.211183547973633,27.98173713684082,,,
39,7149,,,,-0.9705072045326233,10.161712646484375,171.24298095703125,,,
39,7199,,,,-1.4787482023239136,6.278017997741699,53.1339111328125,,,
39,7199,,,,,,,-1.4538211822509766,6.0884318351745605,58.0813102722168
40,7249,,,,-1.5228042602539062,5.793672561645508,48.00823974609375,,,
40,7299,,,,-1.3403966426849365,6.507808208465576,73.06734466552734,,,
40,7349,,,,-1.462079644203186,6.0914998054504395,55.21287536621094,,,
40,7379,,,,,,,-0.7384978532791138,12.949454307556152,311.96942138671875
41,7399,,,,-1.7245882749557495,4.162186622619629,30.166969299316406,,,
41,7449,,,,-1.093538761138916,9.198975563049316,128.99749755859375,,,
41,7499,,,,-1.6614402532577515,5.078161239624023,34.88829040527344,,,
41,7549,,,,-1.6166356801986694,4.800704002380371,38.6798095703125,,,
41,7559,,,,,,,-1.2174818515777588,7.728804111480713,101.39624786376953
42,7599,,,,-0.8783048987388611,11.319038391113281,211.74591064453125,,,
42,7649,,,,-0.6397339105606079,11.818384170532227,366.763427734375,,,
42,7699,,,,-0.9988982081413269,10.282386779785156,160.40643310546875,,,
42,7739,,,,,,,-1.2040926218032837,7.765384674072266,104.66899108886719
43,7749,,,,-1.4260872602462769,6.263524055480957,59.98363494873047,,,
43,7799,,,,-0.9679668545722961,10.682923316955566,172.24757385253906,,,
43,7849,,,,-1.576902151107788,5.489674091339111,42.38555145263672,,,
43,7899,,,,-1.8030140399932861,4.313482284545898,25.18291473388672,,,
43,7919,,,,,,,-1.538915991783142,5.5475897789001465,47.48835372924805
44,7949,,,,-1.5133498907089233,6.113090991973877,49.0648193359375,,,
44,7999,,,,-1.5548595190048218,5.511169910430908,44.59236145019531,,,
44,8049,,,,-0.8964851498603821,11.166370391845703,203.06488037109375,,,
44,8099,,,,-1.8313273191452026,3.869424343109131,23.59351348876953,,,
44,8099,,,,,,,-1.7296720743179321,4.631545543670654,30.474899291992188
45,8149,,,,-1.6425063610076904,5.05794095993042,36.44295883178711,,,
45,8199,,,,-1.6100168228149414,5.15826416015625,39.273826599121094,,,
45,8249,,,,-1.1305105686187744,7.472803115844727,118.47029113769531,,,
45,8279,,,,,,,-0.8197449445724487,11.042522430419922,267.9166564941406
46,8299,,,,-0.9740048050880432,10.773457527160645,169.869384765625,,,
46,8349,,,,-1.5280394554138184,5.559574604034424,47.43299102783203,,,
46,8399,,,,-1.4547317028045654,6.022936820983887,56.15498352050781,,,
46,8449,,,,-1.6353636980056763,5.087131500244141,37.047279357910156,,,
46,8459,,,,,,,-1.5677107572555542,5.488059043884277,44.35106658935547
47,8499,,,,-0.8036330938339233,11.68905258178711,251.47042846679688,,,
47,8549,,,,-1.5869488716125488,5.174704551696777,41.41628646850586,,,
47,8599,,,,-1.8275643587112427,4.144762992858887,23.79883575439453,,,
47,8639,,,,,,,-1.1782402992248535,8.131345748901367,111.00960540771484
48,8649,,,,-0.43513035774230957,19.935890197753906,587.475341796875,,,
48,8699,,,,-1.3191040754318237,6.472658157348633,76.73896026611328,,,
48,8749,,,,-1.1662317514419556,8.301570892333984,109.11595153808594,,,
48,8799,,,,-1.7621949911117554,4.498355865478516,27.664634704589844,,,
48,8819,,,,,,,-1.693015217781067,4.785650253295898,33.21522521972656
49,8849,,,,-1.1077677011489868,8.112225532531738,124.839599609375,,,
49,8899,,,,-1.332884430885315,6.7492218017578125,74.34221649169922,,,
49,8949,,,,-1.758788824081421,4.591393947601318,27.882465362548828,,,
49,8999,,,,-1.2333366870880127,8.154581069946289,93.493896484375,,,
49,8999,,,,,,,-0.6913931369781494,14.265817642211914,343.5384826660156
50,9049,,,,-1.7068954706192017,4.752071380615234,31.42133140563965,,,
50,9099,,,,-1.5632861852645874,5.779542922973633,43.73548126220703,,,
50,9149,,,,-1.7125109434127808,4.276249408721924,31.01766014099121,,,
50,9179,,,,,,,-0.9833999276161194,10.054038047790527,174.64599609375
51,9199,,,,-0.4397740364074707,19.275480270385742,581.2272338867188,,,
51,9249,,,,-1.4884862899780273,5.819449424743652,51.95575714111328,,,
51,9299,,,,-1.5212438106536865,5.728884220123291,48.18104553222656,,,
51,9349,,,,-1.3068335056304932,7.561155796051025,78.93807983398438,,,
51,9359,,,,,,,-1.2214332818984985,7.740142822265625,100.38145446777344
52,9399,,,,-1.4295611381530762,6.549352645874023,59.5057487487793,,,
52,9449,,,,-1.6597955226898193,4.734395980834961,35.02067947387695,,,
52,9499,,,,-1.299991488456726,6.935279846191406,80.1915283203125,,,
52,9539,,,,,,,-1.190155267715454,8.048430442810059,107.74278259277344
53,9549,,,,-1.6596651077270508,5.049561977386475,35.03118896484375,,,
53,9599,,,,-0.8319221138954163,11.232438087463379,235.61224365234375,,,
53,9649,,,,-1.483206868171692,5.308748245239258,52.59121322631836,,,
53,9699,,,,-1.283936858177185,7.685190200805664,83.21144104003906,,,
53,9719,,,,,,,-1.128334403038025,8.419177055358887,125.18462371826172
54,9749,,,,-1.541335940361023,5.757400035858154,46.00278854370117,,,
54,9799,,,,-1.17079758644104,8.952353477478027,107.97479248046875,,,
54,9849,,,,-1.4937288761138916,5.892292022705078,51.33235168457031,,,
54,9899,,,,-1.2751814126968384,6.824319362640381,84.9060287475586,,,
54,9899,,,,,,,-1.1981573104858398,7.9916486740112305,105.78857421875
55,9949,,,,-1.5794692039489746,5.529389381408691,42.1357536315918,,,
55,9999,,,,-1.307335376739502,6.759294509887695,78.84691619873047,,,
55,10049,,,,-1.7749476432800293,4.138721466064453,26.864105224609375,,,
55,10079,,,,,,,-1.2060571908950806,7.789097785949707,103.96905517578125
56,10099,,,,-1.0321966409683228,9.621393203735352,148.56735229492188,,,
56,10149,,,,-1.510134220123291,6.130051612854004,49.429466247558594,,,
56,10199,,,,-0.9928563237190247,9.173532485961914,162.653564453125,,,
56,10249,,,,-1.5849133729934692,5.4589433670043945,41.61085510253906,,,
56,10259,,,,,,,-1.1172329187393188,8.6680326461792,128.1422576904297
57,10299,,,,-0.8747255206108093,11.595987319946289,213.4983367919922,,,
57,10349,,,,-1.470751166343689,5.514021873474121,54.121376037597656,,,
57,10399,,,,-1.3314517736434937,5.841070175170898,74.58787536621094,,,
57,10439,,,,,,,-1.3327839374542236,6.846257209777832,77.00223541259766
58,10449,,,,-1.7245811223983765,4.640322685241699,30.1674747467041,,,
58,10499,,,,-1.1625099182128906,7.843512535095215,110.05508422851562,,,
58,10549,,,,-1.4622994661331177,6.330289840698242,55.18494415283203,,,
58,10599,,,,-1.7258461713790894,4.548712253570557,30.079730987548828,,,
58,10619,,,,,,,-1.2486692667007446,7.644212245941162,93.50020599365234
59,10649,,,,-1.4192067384719849,5.8904829025268555,60.94151306152344,,,
59,10699,,,,-1.6159158945083618,4.832324028015137,38.74397277832031,,,
59,10749,,,,-1.6873016357421875,4.983698844909668,32.87141418457031,,,
59,10799,,,,-1.5676151514053345,5.374521255493164,43.30168914794922,,,
59,10799,,,,,,,-1.6030081510543823,5.091190338134766,41.347190856933594
60,10849,,,,-1.6959702968597412,4.79056453704834,32.22179412841797,,,
60,10899,,,,-1.908971905708313,3.54567813873291,19.7309513092041,,,
60,10949,,,,-1.5856053829193115,5.446817398071289,41.544593811035156,,,
60,10979,,,,,,,-1.4207077026367188,6.188005447387695,62.67481231689453
61,10999,,,,-1.8805433511734009,3.9629616737365723,21.065736770629883,,,
61,11049,,,,-1.6427980661392212,5.037233352661133,36.418495178222656,,,
61,11099,,,,-1.2909266948699951,7.265442848205566,81.88291931152344,,,
61,11149,,,,-1.7523384094238281,4.577296257019043,28.299680709838867,,,
61,11159,,,,,,,-1.2559987306594849,6.874203681945801,96.46024322509766
62,11199,,,,-1.4586026668548584,6.339742183685303,55.656681060791016,,,
62,11249,,,,-1.7542542219161987,4.454311370849609,28.175128936767578,,,
62,11299,,,,-1.4166641235351562,5.987849235534668,61.29934310913086,,,
62,11339,,,,,,,-1.7438184022903442,4.488494873046875,29.767728805541992
63,11349,,,,-1.3391096591949463,7.356282711029053,73.28421020507812,,,
63,11399,,,,-1.3944218158721924,6.547916889190674,64.52056884765625,,,
63,11449,,,,-1.4975422620773315,5.65826416015625,50.88359069824219,,,
63,11499,,,,-1.4554492235183716,5.722041606903076,56.062278747558594,,,
63,11519,,,,,,,-1.358673334121704,6.439400672912598,73.80608367919922
64,11549,,,,-1.2613410949707031,7.688246726989746,87.65547180175781,,,
64,11599,,,,-1.7033015489578247,4.752032279968262,31.682430267333984,,,
64,11649,,,,-1.7500468492507935,4.263603210449219,28.449411392211914,,,
64,11699,,,,-1.405965805053711,5.7538299560546875,62.82813262939453,,,
64,11699,,,,,,,-1.8184452056884766,4.080130577087402,25.02509307861328
65,11749,,,,-1.8909966945648193,3.7706568241119385,20.564743041992188,,,
65,11799,,,,-1.8160063028335571,3.704792022705078,24.440704345703125,,,
65,11849,,,,-1.19579017162323,8.588407516479492,101.93653869628906,,,
65,11879,,,,,,,-1.6476635932922363,4.9086408615112305,37.03453063964844
66,11899,,,,-1.5522401332855225,5.749673843383789,44.86213302612305,,,
66,11949,,,,-1.4737300872802734,6.145066261291504,53.75140380859375,,,
66,11999,,,,-1.6331061124801636,4.731941223144531,37.24037170410156,,,
66,12049,,,,-1.345515489578247,6.799016952514648,72.21118927001953,,,
66,12059,,,,,,,-1.6590880155563354,4.860921859741211,36.117881774902344
67,12099,,,,-1.627942442893982,4.973038673400879,37.6857795715332,,,
67,12149,,,,-1.3548980951309204,6.895563125610352,70.6678466796875,,,
67,12199,,,,-1.5951833724975586,5.316269874572754,40.638404846191406,,,
67,12239,,,,,,,-1.3267563581466675,7.110337734222412,77.04952239990234
68,12249,,,,-1.3333146572113037,6.8916473388671875,74.26862335205078,,,
68,12299,,,,-1.117013931274414,8.46233081817627,122.20980834960938,,,
68,12349,,,,-1.4715075492858887,6.164451599121094,54.027198791503906,,,
68,12399,,,,-1.6870681047439575,4.896211624145508,32.889095306396484,,,
68,12419,,,,,,,-1.7011244297027588,4.590260028839111,33.028717041015625
69,12449,,,,-1.7669203281402588,4.17075252532959,27.36526870727539,,,
69,12499,,,,-1.4685943126678467,5.815944194793701,54.39082336425781,,,
69,12549,,,,-1.4126278162002563,6.738109588623047,61.87173843383789,,,
69,12599,,,,-1.9194546937942505,3.636103868484497,19.260395050048828,,,
69,12599,,,,,,,-1.5932801961898804,5.118748664855957,42.40835952758789
70,12649,,,,-1.2103466987609863,7.875007629394531,98.57647705078125,,,
70,12699,,,,-1.160860300064087,8.413766860961914,110.47389221191406,,,
70,12749,,,,-1.8510172367095947,3.9302477836608887,22.5477294921875,,,
70,12779,,,,,,,-1.5952985286712646,5.055457592010498,42.33250427246094
71,12799,,,,-1.9300988912582397,3.4242467880249023,18.794084548950195,,,
71,12849,,,,-1.558927059173584,5.051108360290527,44.176658630371094,,,
71,12899,,,,-1.701062798500061,4.828221321105957,31.846168518066406,,,
71,12949,,,,-1.4511419534683228,5.120926856994629,56.621070861816406,,,
71,12959,,,,,,,-1.6621407270431519,4.89015531539917,35.6717414855957
72,12999,,,,-1.606462836265564,5.479106903076172,39.59653854370117,,,
72,13049,,,,-1.2130814790725708,7.191855430603027,97.95767974853516,,,
72,13099,,,,-1.7602957487106323,4.161457538604736,27.785892486572266,,,
72,13139,,,,,,,-1.6699707508087158,4.956415176391602,35.08659362792969
73,13149,,,,-1.459823727607727,5.647883415222168,55.500423431396484,,,
73,13199,,,,-1.8894987106323242,3.675485134124756,20.63580322265625,,,
73,13249,,,,-1.345605492591858,6.770601272583008,72.19622802734375,,,
73,13299,,,,-1.197201132774353,7.035367488861084,101.60591125488281,,,
73,13319,,,,,,,-1.8128286600112915,4.079928398132324,25.438737869262695
74,13349,,,,-1.6595040559768677,5.138154029846191,35.04418182373047,,,
74,13399,,,,-1.6750882863998413,5.012375831604004,33.808956146240234,,,
74,13449,,,,-1.5160858631134033,6.121242523193359,48.756683349609375,,,
74,13499,,,,-1.7534900903701782,4.456333160400391,28.224742889404297,,,
74,13499,,,,,,,-1.6695685386657715,4.79237699508667,35.2501335144043
75,13549,,,,-1.494376540184021,5.748459815979004,51.255859375,,,
75,13599,,,,-1.2709825038909912,6.953309059143066,85.73091125488281,,,
75,13649,,,,-1.2159690856933594,8.230550765991211,97.30856323242188,,,
75,13679,,,,,,,-1.2804752588272095,7.190492630004883,87.72393798828125
76,13699,,,,-1.5491094589233398,5.361480712890625,45.18669128417969,,,
76,13749,,,,-1.3847625255584717,5.436650276184082,65.97166442871094,,,
76,13799,,,,-1.655595302581787,4.992725372314453,35.36101531982422,,,
76,13849,,,,-1.1091121435165405,8.570396423339844,124.45372009277344,,,
76,13859,,,,,,,-1.2728850841522217,6.942892551422119,90.48310089111328
77,13899,,,,-1.246957778930664,7.711145401000977,90.60710144042969,,,
77,13949,,,,-1.3781492710113525,6.237663269042969,66.98393249511719,,,
77,13999,,,,-1.7178914546966553,4.457770347595215,30.63575553894043,,,
77,14039,,,,,,,-1.3341777324676514,6.64971399307251,77.7870101928711
78,14049,,,,-1.3027528524398804,6.616641521453857,79.68327331542969,,,
78,14099,,,,-1.6258817911148071,4.834878921508789,37.865020751953125,,,
78,14149,,,,-1.4002056121826172,6.068029880523682,63.66699981689453,,,
78,14199,,,,-1.4542208909988403,6.369832992553711,56.221073150634766,,,
78,14219,,,,,,,-1.2518037557601929,7.490332126617432,93.64089965820312
79,14249,,,,-1.411087989807129,5.481902122497559,62.09147644042969,,,
79,14299,,,,-1.5832648277282715,5.172303676605225,41.769107818603516,,,
79,14349,,,,-1.5996904373168945,5.151709079742432,40.218841552734375,,,
79,14399,,,,-1.6087287664413452,4.711057662963867,39.39047622680664,,,
79,14399,,,,,,,-1.361466646194458,6.418838977813721,73.43342590332031
80,14449,,,,-1.2568562030792236,7.249438762664795,88.56535339355469,,,
80,14499,,,,-1.4947783946990967,5.423879623413086,51.20844268798828,,,
80,14549,,,,-1.2248374223709106,8.083483695983887,95.34162902832031,,,
80,14579,,,,,,,-1.2853652238845825,7.0997490882873535,86.99211120605469
81,14599,,,,-1.5831419229507446,5.2745771408081055,41.780914306640625,,,
81,14649,,,,-1.765859842300415,4.193175792694092,27.432170867919922,,,
81,14699,,,,-1.480736494064331,5.944323539733887,52.891197204589844,,,
81,14749,,,,-1.170301079750061,8.141318321228027,108.09829711914062,,,
81,14759,,,,,,,-1.3635114431381226,6.474345684051514,72.61593627929688
82,14799,,,,-1.9275760650634766,3.3547966480255127,18.903573989868164,,,
82,14849,,,,-0.9295873045921326,10.977654457092285,188.16233825683594,,,
82,14899,,,,-0.7822152972221375,12.11125373840332,264.1828918457031,,,
82,14939,,,,,,,-0.7571350932121277,13.140674591064453,295.9059753417969
83,14949,,,,-1.9145194292068481,3.6509804725646973,19.48052406311035,,,
83,14999,,,,-0.6908351182937622,14.564010620117188,326.0505065917969,,,
83,15049,,,,-1.8025578260421753,4.208980560302734,25.209381103515625,,,
83,15099,,,,-1.7056218385696411,4.6412811279296875,31.513614654541016,,,
83,15119,,,,,,,-1.5391817092895508,5.3733744621276855,48.12606430053711
84,15149,,,,-2.0468437671661377,3.1890134811401367,14.364025115966797,,,
84,15199,,,,-1.1445093154907227,8.313040733337402,114.71249389648438,,,
84,15249,,,,-1.1736494302749634,8.073505401611328,107.26808166503906,,,
84,15299,,,,-1.214215636253357,8.242238998413086,97.70220947265625,,,
84,15299,,,,,,,-1.7613168954849243,4.374905586242676,28.558809280395508
85,15349,,,,-1.4381378889083862,5.732784271240234,58.34210968017578,,,
85,15399,,,,-1.7975326776504517,3.9323959350585938,25.502763748168945,,,
85,15449,,,,-1.7645106315612793,4.1517791748046875,27.517526626586914,,,
85,15479,,,,,,,-1.7103173732757568,4.644207954406738,31.925729751586914
86,15499,,,,-1.466670036315918,6.507571220397949,54.632362365722656,,,
86,15549,,,,-1.2223896980285645,6.937557220458984,95.88050079345703,,,
86,15599,,,,-1.4460527896881104,6.345246315002441,57.28846740722656,,,
86,15649,,,,-1.1575376987457275,7.202814102172852,111.32234954833984,,,
86,15659,,,,,,,-1.505250334739685,5.7345781326293945,51.29680252075195
87,15699,,,,-1.7086613178253174,4.962752342224121,31.29383659362793,,,
87,15749,,,,-1.6807700395584106,4.951719284057617,33.3695182800293,,,
87,15799,,,,-1.5787817239761353,5.340296745300293,42.20250701904297,,,
87,15839,,,,,,,-1.6320065259933472,5.161983013153076,38.32282638549805
88,15849,,,,-1.649106740951538,4.836674690246582,35.89329528808594,,,
88,15899,,,,-1.297889232635498,7.490471363067627,80.58064270019531,,,
88,15949,,,,-1.5079669952392578,5.769759178161621,49.676734924316406,,,
88,15999,,,,-1.0240787267684937,9.97603988647461,151.37051391601562,,,
88,16019,,,,,,,-1.021998643875122,9.329387664794922,161.78955078125
89,16049,,,,-1.6640644073486328,4.511465072631836,34.67812728881836,,,
89,16099,,,,-1.2910219430923462,7.569812774658203,81.86497497558594,,,
89,16149,,,,-1.4045480489730835,5.699440002441406,63.03357696533203,,,
89,16199,,,,-1.1650230884552002,8.240257263183594,109.42005920410156,,,
89,16199,,,,,,,-1.5583654642105103,5.26752233505249,45.90975570678711
90,16249,,,,-1.589112639427185,5.195147514343262,41.21045684814453,,,
90,16299,,,,-1.6707749366760254,4.949488639831543,34.14641571044922,,,
90,16349,,,,-1.4855661392211914,6.119341850280762,52.30628967285156,,,
90,16379,,,,,,,-1.5805261135101318,5.386712551116943,43.12050247192383
91,16399,,,,-1.3553398847579956,7.122797966003418,70.59599304199219,,,
91,16449,,,,-1.6224366426467896,4.926885604858398,38.166587829589844,,,
91,16499,,,,-1.684352993965149,4.685460090637207,33.095359802246094,,,
91,16549,,,,-1.7645630836486816,3.932359218597412,27.514211654663086,,,
91,16559,,,,,,,-1.6436827182769775,4.867217540740967,37.50463104248047
92,16599,,,,-1.5119974613189697,5.4263505935668945,49.21784973144531,,,
92,16649,,,,-1.8760581016540527,3.6139774322509766,21.284427642822266,,,
92,16699,,,,-1.2468303442001343,6.856963157653809,90.6336898803711,,,
92,16739,,,,,,,-1.900376796722412,3.627490758895874,20.865991592407227
93,16749,,,,-1.8730896711349487,3.6307239532470703,21.430408477783203,,,
93,16799,,,,-1.361616611480713,7.524165153503418,69.58305358886719,,,
93,16849,,,,-1.7471596002578735,4.378439903259277,28.6391658782959,,,
93,16899,,,,-0.8734296560287476,11.003026962280273,214.13632202148438,,,
93,16919,,,,,,,-1.7463654279708862,4.481584548950195,29.494840621948242
94,16949,,,,-1.7042402029037476,4.688259124755859,31.6140193939209,,,
94,16999,,,,-1.6448827981948853,4.85366678237915,36.24409484863281,,,
94,17049,,,,-1.5607328414916992,5.114003658294678,43.99337387084961,,,
94,17099,,,,-1.5636745691299438,5.8188982009887695,43.696380615234375,,,
94,17099,,,,,,,-1.5661052465438843,5.486109256744385,45.0682258605957
95,17149,,,,-1.725813388824463,4.349888801574707,30.081995010375977,,,
95,17199,,,,-1.8305995464324951,3.5424916744232178,23.63308334350586,,,
95,17249,,,,-1.7385791540145874,4.375808238983154,29.210620880126953,,,
95,17279,,,,,,,-1.721286654472351,4.520165920257568,31.288578033447266
96,17299,,,,-1.7282650470733643,4.4210615158081055,29.912660598754883,,,
96,17349,,,,-1.586974859237671,4.76378059387207,41.4138069152832,,,
96,17399,,,,-1.9628843069076538,3.0531861782073975,17.427522659301758,,,
96,17449,,,,-1.2055617570877075,7.653013229370117,99.6685791015625,,,
96,17459,,,,,,,-1.6170660257339478,5.068507194519043,39.91380310058594
97,17499,,,,-1.429325819015503,6.471926689147949,59.53798294067383,,,
97,17549,,,,-1.47367525100708,6.153750419616699,53.758209228515625,,,
97,17599,,,,-1.3533920049667358,6.042590618133545,70.91336822509766,,,
97,17639,,,,,,,-1.6181650161743164,4.978997707366943,39.847049713134766
98,17649,,,,-1.7197442054748535,4.538071155548096,30.50534439086914,,,
98,17699,,,,-1.9852044582366943,2.960712194442749,16.554481506347656,,,
98,17749,,,,-1.8930473327636719,3.569570541381836,20.46786880493164,,,
98,17799,,,,-1.7272069454193115,4.824714183807373,29.98561668395996,,,
98,17819,,,,,,,-1.8585572242736816,3.8123366832733154,22.911888122558594
99,17849,,,,-1.2972971200942993,6.52358341217041,80.69058227539062,,,
99,17899,,,,-1.3142192363739014,6.387229919433594,77.60696411132812,,,
99,17949,,,,-1.8913264274597168,3.7526135444641113,20.54914093017578,,,
99,17999,,,,-1.3410587310791016,6.791615009307861,72.95603942871094,,,
99,17999,,,,,,,-1.3123070001602173,6.754303932189941,82.33118438720703
100,18049,,,,-1.4770095348358154,4.920221328735352,53.3470573425293,,,
100,18099,,,,-1.5454826354980469,5.749615669250488,45.56562805175781,,,
100,18149,,,,-1.6644207239151,4.933711051940918,34.649688720703125,,,
100,18179,,,,,,,-1.7040468454360962,4.594955921173096,32.54623031616211
101,18199,,,,-1.7362825870513916,4.506282329559326,29.365497589111328,,,
101,18249,,,,-1.8474894762039185,3.8922128677368164,22.73162841796875,,,
101,18299,,,,-1.6334127187728882,4.828371047973633,37.21408462524414,,,
101,18349,,,,-1.4559290409088135,5.657388687133789,56.000370025634766,,,
101,18359,,,,,,,-1.5044972896575928,6.026383876800537,51.147953033447266
102,18399,,,,-1.7402153015136719,3.916975259780884,29.100784301757812,,,
102,18449,,,,-1.4411808252334595,5.633134841918945,57.934757232666016,,,
102,18499,,,,-1.073706865310669,8.749773025512695,135.02468872070312,,,
102,18539,,,,,,,-1.5742783546447754,5.211004734039307,43.98774719238281
103,18549,,,,-2.062246561050415,3.0911378860473633,13.863519668579102,,,
103,18599,,,,-1.3527765274047852,5.953395366668701,71.01393127441406,,,
103,18649,,,,-1.072135090827942,9.473743438720703,135.51422119140625,,,
103,18699,,,,-1.8067549467086792,4.17573881149292,24.96692657470703,,,
103,18719,,,,,,,-1.6586846113204956,4.9625678062438965,35.960933685302734
104,18749,,,,-1.9751865863800049,3.338237762451172,16.940780639648438,,,
104,18799,,,,-1.381720781326294,6.722762107849121,66.43536376953125,,,
104,18849,,,,-1.714964747428894,4.487746238708496,30.842906951904297,,,
104,18899,,,,-1.6533273458480835,5.093336582183838,35.54616165161133,,,
104,18899,,,,,,,-1.8059858083724976,4.107356548309326,25.71916961669922
105,18949,,,,-1.8928358554840088,3.8737525939941406,20.47784423828125,,,
105,18999,,,,-1.8653671741485596,3.8038241863250732,21.814884185791016,,,
105,19049,,,,-1.9496327638626099,2.9267725944519043,17.967477798461914,,,
105,19079,,,,,,,-1.8305004835128784,3.942570447921753,24.405078887939453
106,19099,,,,-1.8455466032028198,3.8716535568237305,22.833555221557617,,,
106,19149,,,,-1.9852547645568848,2.886638641357422,16.552562713623047,,,
106,19199,,,,-1.4430848360061646,6.430232048034668,57.68132019042969,,,
106,19249,,,,-1.9956352710723877,3.364816665649414,16.16161346435547,,,
106,19259,,,,,,,-1.3189150094985962,7.193812847137451,78.5380630493164
107,19299,,,,-1.901346206665039,3.659295082092285,20.080467224121094,,,
107,19349,,,,-1.9076076745986938,3.3994665145874023,19.79302978515625,,,
107,19399,,,,-1.9349666833877563,3.309860944747925,18.584604263305664,,,
107,19439,,,,,,,-1.7329049110412598,4.508887767791748,30.494361877441406
108,19449,,,,-1.6267809867858887,5.000139236450195,37.786712646484375,,,
108,19499,,,,-1.5627365112304688,5.146203994750977,43.790863037109375,,,
108,19549,,,,-0.8810561895370483,10.971105575561523,210.40878295898438,,,
108,19599,,,,-1.7855563163757324,4.062554359436035,26.21583366394043,,,
108,19619,,,,,,,-1.6999800205230713,4.657902240753174,33.02909469604492
109,19649,,,,-1.532833456993103,5.364007949829102,46.91228485107422,,,
109,19699,,,,-1.6450183391571045,4.974445343017578,36.23278045654297,,,
109,19749,,,,-1.8743847608566284,3.5747427940368652,21.36659049987793,,,
109,19799,,,,-1.6655769348144531,5.185927867889404,34.557559967041016,,,
109,19799,,,,,,,-1.7390284538269043,4.58214807510376,29.98638343811035
110,19849,,,,-1.4457647800445557,5.982366561889648,57.32647705078125,,,
110,19899,,,,-1.6740952730178833,4.401495933532715,33.88633728027344,,,
110,19949,,,,-1.861298680305481,3.890164375305176,22.020198822021484,,,
110,19979,,,,,,,-1.9456391334533691,3.457313299179077,18.826547622680664
111,19999,,,,-1.5740946531295776,5.392016410827637,42.66045379638672,,,
111,20049,,,,-1.7301580905914307,4.599778175354004,29.782554626464844,,,
111,20099,,,,-1.4921982288360596,5.315359592437744,51.51359558105469,,,
111,20149,,,,-1.5309749841690063,5.763564586639404,47.11347579956055,,,
111,20159,,,,,,,-1.775179386138916,4.196977615356445,27.758331298828125
112,20199,,,,-2.1121881008148193,2.4667067527770996,12.357542037963867,,,
112,20249,,,,-1.4185618162155151,6.747109889984131,61.032081604003906,,,
112,20299,,,,-1.883056402206421,3.7426939010620117,20.944190979003906,,,
112,20339,,,,,,,-1.8659886121749878,3.7754762172698975,22.310075759887695
113,20349,,,,-1.4189121723175049,6.382716655731201,60.982872009277344,,,
113,20399,,,,-1.8090163469314575,3.8548803329467773,24.837270736694336,,,
113,20449,,,,-1.7256497144699097,4.599967956542969,30.09333610534668,,,
113,20499,,,,-1.867834210395813,3.7948594093322754,21.691312789916992,,,
113,20519,,,,,,,-1.7194877862930298,4.516741752624512,31.607885360717773
114,20549,,,,-1.3866102695465088,6.454699516296387,65.69158172607422,,,
114,20599,,,,-2.2035131454467773,2.5349273681640625,10.013985633850098,,,
114,20649,,,,-1.389137864112854,6.282976150512695,65.31036376953125,,,
114,20699,,,,-1.9975378513336182,2.7926509380340576,16.09097671508789,,,
114,20699,,,,,,,-1.85179603099823,3.754699945449829,23.20077896118164
115,20749,,,,-1.577298641204834,5.062884330749512,42.34687423706055,,,
115,20799,,,,-2.0867817401885986,2.595599412918091,13.102015495300293,,,
115,20849,,,,-1.5123927593231201,5.865920066833496,49.173072814941406,,,
115,20879,,,,,,,-1.6377109289169312,4.710980415344238,38.83988571166992
116,20899,,,,-1.7981624603271484,4.229903697967529,25.4658203125,,,
116,20949,,,,-1.3735017776489258,7.074341773986816,67.70462036132812,,,
116,20999,,,,-2.0100929737091064,2.9283766746520996,15.632450103759766,,,
116,21049,,,,-1.3174018859863281,6.480642318725586,77.04033660888672,,,
116,21059,,,,,,,-1.7739108800888062,4.067340850830078,28.044795989990234
117,21099,,,,-1.851217269897461,3.928208112716675,22.537349700927734,,,
117,21149,,,,-1.3801366090774536,6.677398204803467,66.67811584472656,,,
117,21199,,,,-1.8003896474838257,4.108883380889893,25.335552215576172,,,
117,21239,,,,,,,-1.748808741569519,4.209811687469482,29.776155471801758
118,21249,,,,-1.4613028764724731,5.928112983703613,55.311710357666016,,,
118,21299,,,,-2.021454095840454,3.276949644088745,15.228806495666504,,,
118,21349,,,,-1.7194247245788574,4.1971635818481445,30.527782440185547,,,
118,21399,,,,-1.9555983543395996,3.3076272010803223,17.722362518310547,,,
118,21419,,,,,,,-1.4367820024490356,5.887928009033203,61.524024963378906
119,21449,,,,-1.8002272844314575,4.254919052124023,25.34501838684082,,,
119,21499,,,,-1.0841028690338135,8.290109634399414,131.83090209960938,,,
119,21549,,,,-2.1285948753356934,2.7790935039520264,11.899398803710938,,,
119,21599,,,,-1.6726603507995605,4.396592617034912,33.99848556518555,,,
119,21599,,,,,,,-1.8227564096450806,4.034932613372803,24.699344635009766
120,21649,,,,-1.0725352764129639,8.925834655761719,135.389404296875,,,
120,21699,,,,-1.8222991228103638,4.092169284820557,24.0891170501709,,,
120,21749,,,,-1.9983750581741333,3.0911121368408203,16.05997657775879,,,
120,21779,,,,,,,-1.994879126548767,3.2622861862182617,16.683685302734375
121,21799,,,,-1.9591878652572632,3.350572109222412,17.576488494873047,,,
121,21849,,,,-2.0605292320251465,2.8728229999542236,13.918442726135254,,,
121,21899,,,,-1.6858927011489868,4.760066986083984,32.978233337402344,,,
121,21949,,,,-1.535842776298523,5.413743019104004,46.58834457397461,,,
121,21959,,,,,,,-1.7380273342132568,4.346641540527344,30.17983055114746
122,21999,,,,-1.8297842741012573,3.6707940101623535,23.677488327026367,,,
122,22049,,,,-1.990134835243225,3.3062922954559326,16.367603302001953,,,
122,22099,,,,-1.1285046339035034,8.257290840148926,119.01875305175781,,,
122,22139,,,,,,,-1.2150923013687134,8.054768562316895,101.91761779785156
123,22149,,,,-1.3694764375686646,6.951005935668945,68.33505249023438,,,
123,22199,,,,-1.4415273666381836,5.781533241271973,57.88854217529297,,,
123,22249,,,,-1.0708879232406616,9.212625503540039,135.90394592285156,,,
123,22299,,,,-1.520922303199768,5.861905097961426,48.21672058105469,,,
123,22319,,,,,,,-1.157753825187683,8.222506523132324,118.28441619873047
124,22349,,,,-1.5875129699707031,5.578911304473877,41.362525939941406,,,
124,22399,,,,-1.3702054023742676,6.271832466125488,68.220458984375,,,
124,22449,,,,-2.1006858348846436,2.754364013671875,12.689197540283203,,,
124,22499,,,,-1.8668791055679321,3.751831293106079,21.73906707763672,,,
124,22499,,,,,,,-1.8597792387008667,3.7125813961029053,22.79703712463379
125,22549,,,,-1.7877525091171265,3.747532606124878,26.083606719970703,,,
125,22599,,,,-1.8992564678192139,3.5810916423797607,20.177326202392578,,,
125,22649,,,,-1.7990645170211792,4.023784160614014,25.412975311279297,,,
125,22679,,,,,,,-1.974691390991211,3.227241277694702,17.498403549194336
126,22699,,,,-1.5621867179870605,5.530994415283203,43.84633255004883,,,
126,22749,,,,-1.7523384094238281,3.568525791168213,28.29967498779297,,,
126,22799,,,,-1.8739399909973145,3.686373233795166,21.388492584228516,,,
126,22849,,,,-2.085801362991333,2.8669626712799072,13.131631851196289,,,
126,22859,,,,,,,-1.843804955482483,3.7471303939819336,23.798858642578125
127,22899,,,,-2.017197370529175,3.0807716846466064,15.37881088256836,,,
127,22949,,,,-2.0766520500183105,3.077388048171997,13.411206245422363,,,
127,22999,,,,-1.5813380479812622,4.822698593139648,41.954833984375,,,
127,23039,,,,,,,-1.9761935472488403,3.2034294605255127,17.508773803710938
128,23049,,,,-1.844010353088379,3.993820905685425,22.914459228515625,,,
128,23099,,,,-1.8453761339187622,3.5326688289642334,22.842514038085938,,,
128,23149,,,,-2.4922125339508057,1.8003695011138916,5.151188850402832,,,
128,23199,,,,-1.43454909324646,5.991578102111816,58.826229095458984,,,
128,23219,,,,,,,-1.954977035522461,3.3349850177764893,18.42251205444336
129,23249,,,,-1.5074098110198975,5.597508430480957,49.74049377441406,,,
129,23299,,,,-1.9620866775512695,3.09961199760437,17.459564208984375,,,
129,23349,,,,-1.1947039365768433,8.228771209716797,102.19178771972656,,,
129,23399,,,,-1.8455082178115845,3.588888168334961,22.8355655670166,,,
129,23399,,,,,,,-1.7370864152908325,4.222586154937744,30.45089340209961
130,23449,,,,-1.4729000329971313,5.163620471954346,53.85425567626953,,,
130,23499,,,,-1.7856642007827759,4.025518894195557,26.20932388305664,,,
130,23549,,,,-1.7593270540237427,4.202193260192871,27.84793472290039,,,
130,23579,,,,,,,-1.8634241819381714,3.8416173458099365,22.433530807495117
131,23599,,,,-1.5721840858459473,5.17233943939209,42.84852981567383,,,
131,23649,,,,-1.4769796133041382,5.753171920776367,53.35072326660156,,,
131,23699,,,,-1.8154364824295044,3.6416215896606445,24.472787857055664,,,
131,23749,,,,-1.889657974243164,3.566756010055542,20.62823486328125,,,
131,23759,,,,,,,-1.708072543144226,4.463588714599609,32.46079635620117
132,23799,,,,-1.9070265293121338,3.560126543045044,19.819536209106445,,,
132,23849,,,,-1.8066611289978027,3.7147345542907715,24.972320556640625,,,
132,23899,,,,-1.8253459930419922,3.725353717803955,23.920703887939453,,,
132,23939,,,,,,,-1.9216252565383911,3.469405174255371,19.873355865478516
133,23949,,,,-1.4756920337677002,5.438006401062012,53.50914764404297,,,
133,23999,,,,-1.9123482704162598,3.4532337188720703,19.57815170288086,,,
133,24049,,,,-1.8036292791366577,4.100984573364258,25.147254943847656,,,
133,24099,,,,-2.0049586296081543,3.1693782806396484,15.818363189697266,,,
133,24119,,,,,,,-1.9473859071731567,3.2929186820983887,18.91143035888672
134,24149,,,,-2.230543375015259,2.4970946311950684,9.40971565246582,,,
134,24199,,,,-0.9002993106842041,9.562636375427246,201.28927612304688,,,
134,24249,,,,-1.3014715909957886,7.414876461029053,79.918701171875,,,
134,24299,,,,-1.7045583724975586,4.464565277099609,31.59088134765625,,,
134,24299,,,,,,,-2.0829854011535645,2.8574163913726807,13.714376449584961
135,24349,,,,-2.0282063484191895,2.7862164974212646,14.99387264251709,,,
135,24399,,,,-1.7532044649124146,4.490079879760742,28.243305206298828,,,
135,24449,,,,-1.624523401260376,5.062321662902832,37.98365020751953,,,
135,24479,,,,,,,-1.6457098722457886,4.8810553550720215,37.118568420410156
136,24499,,,,-1.0021623373031616,9.860060691833496,159.20535278320312,,,
136,24549,,,,-1.7015680074691772,4.607670307159424,31.809144973754883,,,
136,24599,,,,-1.5821555852890015,5.248797416687012,41.87592697143555,,,
136,24649,,,,-1.9617000818252563,3.2193472385406494,17.475112915039062,,,
136,24659,,,,,,,-1.833268165588379,4.024063587188721,24.03084945678711
137,24699,,,,-1.2455192804336548,6.333709716796875,90.90773010253906,,,
137,24749,,,,-1.1693280935287476,8.015329360961914,108.34074401855469,,,
137,24799,,,,-1.4483988285064697,6.728638648986816,56.9798469543457,,,
137,24839,,,,,,,-1.8351573944091797,3.6409270763397217,24.619192123413086
138,24849,,,,-1.5819951295852661,5.24484920501709,41.891395568847656,,,
138,24899,,,,-2.0097873210906982,3.1121394634246826,15.643457412719727,,,
138,24949,,,,-2.2282185554504395,2.2959442138671875,9.460227966308594,,,
138,24999,,,,-1.856508731842041,3.87591552734375,22.26441192626953,,,
138,25019,,,,,,,-1.7711704969406128,3.968355655670166,28.565954208374023
139,25049,,,,-2.046455144882202,2.875548839569092,14.37689208984375,,,
139,25099,,,,-1.782456636428833,4.005195617675781,26.403606414794922,,,
139,25149,,,,-2.0335288047790527,3.0056819915771484,14.811229705810547,,,
139,25199,,,,-1.101417899131775,7.9747314453125,126.67828369140625,,,
139,25199,,,,,,,-1.0953130722045898,8.761037826538086,136.55906677246094
140,25249,,,,-1.0295073986053467,9.838329315185547,149.49017333984375,,,
140,25299,,,,-1.3862087726593018,5.367681980133057,65.7523422241211,,,
140,25349,,,,-1.2569382190704346,7.465720176696777,88.54862213134766,,,
140,25379,,,,,,,-1.3773382902145386,6.9385457038879395,68.99528503417969
141,25399,,,,-1.841029167175293,3.5405948162078857,23.07229995727539,,,
141,25449,,,,-1.8765724897384644,3.833359718322754,21.25922393798828,,,
141,25499,,,,-1.9148797988891602,3.350250482559204,19.464366912841797,,,
141,25549,,,,-1.862139105796814,4.105521202087402,21.977638244628906,,,
141,25559,,,,,,,-2.1020116806030273,2.726393938064575,13.084809303283691
142,25599,,,,-1.9409259557724,3.3107855319976807,18.331335067749023,,,
142,25649,,,,-1.6275168657302856,4.755368232727051,37.722740173339844,,,
142,25699,,,,-1.9634873867034912,3.2166664600372314,17.403345108032227,,,
142,25739,,,,,,,-2.1855709552764893,2.4682698249816895,10.905259132385254
143,25749,,,,-2.0943262577056885,2.46480131149292,12.876379013061523,,,
143,25799,,,,-1.4319534301757812,5.988619804382324,59.17885971069336,,,
143,25849,,,,-1.748735785484314,3.894962787628174,28.53542709350586,,,
143,25899,,,,-1.4894229173660278,5.289340972900391,51.84383010864258,,,
143,25919,,,,,,,-1.790115237236023,4.115724086761475,26.87679672241211
144,25949,,,,-1.5531929731369019,5.215758323669434,44.76380157470703,,,
144,25999,,,,-1.922268033027649,3.512486696243286,19.13603973388672,,,
144,26049,,,,-1.5642602443695068,4.779709815979004,43.63749313354492,,,
144,26099,,,,-1.6210353374481201,4.498986721038818,38.28993225097656,,,
144,26099,,,,,,,-1.8540096282958984,3.562786817550659,23.721363067626953
145,26149,,,,-2.171431064605713,2.319272518157959,10.781743049621582,,,
145,26199,,,,-1.4160858392715454,5.9226975440979,61.38103485107422,,,
145,26249,,,,-1.4006309509277344,6.103774070739746,63.60468292236328,,,
145,26279,,,,,,,-1.4005951881408691,6.157342910766602,67.79356384277344
146,26299,,,,-1.6393159627914429,4.738459587097168,36.711666107177734,,,
146,26349,,,,-2.0609419345855713,2.752058744430542,13.905226707458496,,,
146,26399,,,,-2.0958945751190186,2.8173789978027344,12.829965591430664,,,
146,26449,,,,-1.3526837825775146,5.491350173950195,71.02910614013672,,,
146,26459,,,,,,,-1.5097085237503052,5.532001972198486,51.196205139160156
147,26499,,,,-1.8158382177352905,3.811129093170166,24.450172424316406,,,
147,26549,,,,-1.480547308921814,5.987139701843262,52.914268493652344,,,
147,26599,,,,-1.8765320777893066,3.55819034576416,21.261207580566406,,,
147,26639,,,,,,,-1.440835952758789,6.388669013977051,59.04494094848633
148,26649,,,,-1.990034818649292,3.209312915802002,16.371376037597656,,,
148,26699,,,,-1.1925863027572632,8.123971939086914,102.69131469726562,,,
148,26749,,,,-1.473199486732483,5.958230018615723,53.81713104248047,,,
148,26799,,,,-2.2838692665100098,1.9710627794265747,8.322441101074219,,,
148,26819,,,,,,,-1.9326612949371338,3.509901523590088,19.360366821289062
149,26849,,,,-1.9494447708129883,3.6061346530914307,17.975265502929688,,,
149,26899,,,,-1.985636830329895,2.9098684787750244,16.538007736206055,,,
149,26949,,,,-1.7411099672317505,4.358006000518799,29.040897369384766,,,
149,26999,,,,-2.6330065727233887,1.4284753799438477,3.724888324737549,,,
149,26999,,,,,,,-1.9760361909866333,3.1161482334136963,17.780485153198242
150,27049,,,,-2.0591063499450684,2.585811138153076,13.96412467956543,,,
150,27099,,,,-1.887141227722168,3.2569212913513184,20.748123168945312,,,
150,27149,,,,-1.1272480487823486,8.776816368103027,119.36363983154297,,,
150,27179,,,,,,,-1.5109035968780518,5.740225315093994,50.92609786987305
151,27199,,,,-1.5286282300949097,5.577497482299805,47.368736267089844,,,
151,27249,,,,-1.855958342552185,3.771833896636963,22.29265594482422,,,
151,27299,,,,-1.0499216318130493,9.833395004272461,142.62588500976562,,,
151,27349,,,,-2.2093942165374756,2.402385950088501,9.879295349121094,,,
151,27359,,,,,,,-2.188427209854126,2.494128465652466,10.765153884887695
152,27399,,,,-1.4927361011505127,5.3558526039123535,51.44982147216797,,,
152,27449,,,,-2.0510334968566895,2.9903783798217773,14.226118087768555,,,
152,27499,,,,-1.11847722530365,8.976863861083984,121.79872131347656,,,
152,27539,,,,,,,-1.571360468864441,4.578001976013184,46.83181381225586
153,27549,,,,-2.130216360092163,2.9669041633605957,11.855052947998047,,,
153,27599,,,,-1.713828206062317,4.297914981842041,30.92372703552246,,,
153,27649,,,,-1.3489810228347778,6.968008041381836,71.63726043701172,,,
153,27699,,,,-1.208077073097229,8.507576942443848,99.0929946899414,,,
153,27719,,,,,,,-1.7568128108978271,4.407503604888916,28.951351165771484
154,27749,,,,-1.9776358604431152,2.9855241775512695,16.845510482788086,,,
154,27799,,,,-0.7171960473060608,13.676807403564453,306.84844970703125,,,
154,27849,,,,-2.2348155975341797,2.290557622909546,9.317606925964355,,,
154,27899,,,,-1.6607167720794678,3.8738439083099365,34.94647216796875,,,
154,27899,,,,,,,-1.6545228958129883,4.940032958984375,36.29215621948242
155,27949,,,,-2.0742011070251465,3.0114002227783203,13.487110137939453,,,
155,27999,,,,-1.9685897827148438,2.919050455093384,17.20006561279297,,,
155,28049,,,,-1.7498325109481812,4.4488325119018555,28.463451385498047,,,
155,28079,,,,,,,-2.0650460720062256,2.9690005779266357,14.302355766296387
156,28099,,,,-1.5857195854187012,5.357307434082031,41.53368377685547,,,
156,28149,,,,-2.0302836894989014,3.1750402450561523,14.922314643859863,,,
156,28199,,,,-1.8682630062103271,3.0880417823791504,21.669897079467773,,,
156,28249,,,,-2.1935389041900635,2.2444372177124023,10.246631622314453,,,
156,28259,,,,,,,-1.6297905445098877,5.087820529937744,38.860816955566406
157,28299,,,,-1.985636830329895,3.0325732231140137,16.538002014160156,,,
157,28349,,,,-1.9338256120681763,3.201221466064453,18.633499145507812,,,
157,28399,,,,-2.2406198978424072,2.506248950958252,9.19390869140625,,,
157,28439,,,,,,,-2.0005252361297607,2.9723801612854004,16.778057098388672
158,28449,,,,-2.119199514389038,2.8346266746520996,12.159634590148926,,,
158,28499,,,,-2.2610158920288086,2.2486989498138428,8.772109031677246,,,
158,28549,,,,-2.321742296218872,2.1252541542053223,7.627420425415039,,,
158,28599,,,,-1.8715541362762451,3.607675790786743,21.506315231323242,,,
158,28619,,,,,,,-1.838796854019165,3.5069987773895264,24.70841407775879
159,28649,,,,-1.9024808406829834,2.847923755645752,20.028078079223633,,,
159,28699,,,,-1.6877164840698242,4.512706279754639,32.84002685546875,,,
159,28749,,,,-1.7922050952911377,3.875180244445801,25.81753921508789,,,
159,28799,,,,-1.587693691253662,4.804594039916992,41.34532165527344,,,
159,28799,,,,,,,-1.3971694707870483,6.003352642059326,68.86094665527344
160,28849,,,,-1.9346214532852173,2.865013599395752,18.599380493164062,,,
160,28899,,,,-2.137906312942505,2.8100574016571045,11.646990776062012,,,
160,28949,,,,-1.7231237888336182,4.863286972045898,30.26887321472168,,,
160,28979,,,,,,,-1.7525904178619385,4.299163341522217,29.362730026245117
161,28999,,,,-2.264799118041992,2.1390292644500732,8.696027755737305,,,
161,29049,,,,-2.2076034545898438,2.3413095474243164,9.920113563537598,,,
161,29099,,,,-1.9168891906738281,3.3508172035217285,19.374521255493164,,,
161,29149,,,,-2.2434325218200684,2.3856515884399414,9.13455581665039,,,
161,29159,,,,,,,-2.296548843383789,2.141266107559204,8.587944030761719
162,29199,,,,-1.7647103071212769,4.140454292297363,27.5048770904541,,,
162,29249,,,,-2.372915744781494,1.972238302230835,6.77960205078125,,,
162,29299,,,,-2.104090690612793,2.869335174560547,12.59010124206543,,,
162,29339,,,,,,,-1.9402002096176147,3.4766550064086914,18.984224319458008
163,29349,,,,-1.511264443397522,6.132485866546631,49.30097579956055,,,
163,29399,,,,-1.764671802520752,3.7232401371002197,27.507320404052734,,,
163,29449,,,,-2.2562499046325684,2.3258204460144043,8.868907928466797,,,
163,29499,,,,-2.3019187450408936,2.321214437484741,7.983645439147949,,,
163,29519,,,,,,,-2.2159228324890137,2.43235445022583,10.342153549194336
164,29549,,,,-2.222409725189209,2.395195960998535,9.587610244750977,,,
164,29599,,,,-2.2071266174316406,2.187669277191162,9.931011199951172,,,
164,29649,,,,-1.5831116437911987,4.210989952087402,41.78384780883789,,,
164,29699,,,,-2.3464677333831787,1.9697301387786865,7.205303192138672,,,
164,29699,,,,,,,-2.1468372344970703,2.484438180923462,12.334282875061035
165,29749,,,,-2.412492275238037,1.6868174076080322,6.189103126525879,,,
165,29799,,,,-1.2376164197921753,7.733708381652832,92.57708740234375,,,
165,29849,,,,-2.1796514987945557,2.1729021072387695,10.579582214355469,,,
165,29879,,,,,,,-1.0562829971313477,9.617685317993164,148.99871826171875
166,29899,,,,-2.1828110218048096,2.2915658950805664,10.502897262573242,,,
166,29949,,,,-1.759440541267395,4.386335372924805,27.840652465820312,,,
166,29999,,,,-2.071277618408203,2.754528045654297,13.578207015991211,,,
166,30049,,,,-2.3001062870025635,2.2152163982391357,8.017032623291016,,,
166,30059,,,,,,,-1.9014198780059814,3.6755311489105225,20.734243392944336
167,30099,,,,-1.7587826251983643,4.153128623962402,27.88287353515625,,,
167,30149,,,,-2.0829503536224365,2.5504446029663086,13.218121528625488,,,
167,30199,,,,-2.5693016052246094,1.5875996351242065,4.3133864402771,,,
167,30239,,,,,,,-1.9769902229309082,2.956502676010132,18.111446380615234
168,30249,,,,-2.2583413124084473,1.9784128665924072,8.82629680633545,,,
168,30299,,,,-2.1737864017486572,2.4538979530334473,10.723427772521973,,,
168,30349,,,,-1.990275263786316,3.2647361755371094,16.362316131591797,,,
168,30399,,,,-2.2273130416870117,2.079346179962158,9.479970932006836,,,
168,30419,,,,,,,-2.1249451637268066,2.5107262134552,12.821589469909668
169,30449,,,,-2.32755446434021,1.9281578063964844,7.526022911071777,,,
169,30499,,,,-2.104334831237793,2.768712043762207,12.583030700683594,,,
169,30549,,,,-1.8798269033432007,3.1870205402374268,21.100515365600586,,,
169,30599,,,,-2.1966123580932617,2.085191249847412,10.174375534057617,,,
169,30599,,,,,,,-2.352638006210327,1.9776170253753662,7.743819713592529
170,30649,,,,-2.1023998260498047,2.773103952407837,12.639219284057617,,,
170,30699,,,,-1.8684885501861572,3.434330463409424,21.658653259277344,,,
170,30749,,,,-2.076202392578125,2.6454007625579834,13.425102233886719,,,
170,30779,,,,,,,-1.9003177881240845,3.5802409648895264,21.057701110839844
171,30799,,,,-2.2781131267547607,2.1728475093841553,8.433479309082031,,,
171,30849,,,,-1.9625946283340454,3.153034210205078,17.43915557861328,,,
171,30899,,,,-2.323099136352539,2.007810115814209,7.603628158569336,,,
171,30949,,,,-1.7098768949508667,4.6935577392578125,31.20636749267578,,,
171,30959,,,,,,,-2.3470048904418945,1.9748005867004395,7.907897472381592
172,30999,,,,-1.7259191274642944,4.2632551193237305,30.07467269897461,,,
172,31049,,,,-2.3334414958953857,1.9882137775421143,7.424696445465088,,,
172,31099,,,,-2.1351318359375,2.49454927444458,11.721633911132812,,,
172,31139,,,,,,,-1.8150821924209595,3.6192545890808105,26.003644943237305
173,31149,,,,-2.3959708213806152,2.0043511390686035,6.429084777832031,,,
173,31199,,,,-1.8282307386398315,3.7575161457061768,23.762346267700195,,,
173,31249,,,,-1.7583162784576416,4.263251304626465,27.912826538085938,,,
173,31299,,,,-1.9895466566085815,2.877182722091675,16.389789581298828,,,
173,31319,,,,,,,-2.358015537261963,1.988358974456787,7.487579345703125
174,31349,,,,-1.549970030784607,4.9051947593688965,45.09724426269531,,,
174,31399,,,,-2.5509324073791504,1.324639081954956,4.499741077423096,,,
174,31449,,,,-1.8381983041763306,3.8391411304473877,23.223182678222656,,,
174,31499,,,,-1.8723430633544922,3.1812076568603516,21.46727180480957,,,
174,31499,,,,,,,-1.8220266103744507,3.4080796241760254,26.292335510253906
175,31549,,,,-2.392127513885498,1.7062039375305176,6.486231327056885,,,
175,31599,,,,-1.6299837827682495,5.041382789611816,37.509063720703125,,,
175,31649,,,,-1.905117392539978,3.7648186683654785,19.906848907470703,,,
175,31679,,,,,,,-1.7149055004119873,4.4063239097595215,32.108333587646484
176,31699,,,,-2.047013521194458,2.7540218830108643,14.35841178894043,,,
176,31749,,,,-2.046499729156494,2.7450287342071533,14.375406265258789,,,
176,31799,,,,-2.4709832668304443,1.9109139442443848,5.409246921539307,,,
176,31849,,,,-2.2622644901275635,2.4969863891601562,8.746928215026855,,,
176,31859,,,,,,,-2.108954668045044,2.6282687187194824,13.122159957885742
177,31899,,,,-2.298107862472534,2.413360357284546,8.054008483886719,,,
177,31949,,,,-2.079462766647339,2.8787639141082764,13.324694633483887,,,
177,31999,,,,-2.2589521408081055,2.265883684158325,8.813895225524902,,,
177,32039,,,,,,,-1.7991583347320557,3.844947576522827,26.814435958862305
178,32049,,,,-2.036766290664673,3.3658204078674316,14.70123291015625,,,
178,32099,,,,-2.033928155899048,2.62131929397583,14.79762077331543,,,
178,32149,,,,-2.0377557277679443,3.094698905944824,14.667778015136719,,,
178,32199,,,,-2.2023630142211914,1.9970026016235352,10.04054069519043,,,
178,32219,,,,,,,-1.5782533884048462,4.608084678649902,46.464290618896484
179,32249,,,,-1.574016809463501,4.974569320678711,42.66809844970703,,,
179,32299,,,,-1.9944896697998047,2.829383134841919,16.20430564880371,,,
179,32349,,,,-1.9663350582122803,2.7204036712646484,17.28959846496582,,,
179,32399,,,,-2.3470187187194824,2.0000247955322266,7.196169853210449,,,
179,32399,,,,,,,-2.433493137359619,1.7828947305679321,6.34312629699707
180,32449,,,,-2.179011583328247,2.4900264739990234,10.595184326171875,,,
180,32499,,,,-2.186955690383911,2.632211208343506,10.403142929077148,,,
180,32549,,,,-1.692326545715332,3.9984073638916016,32.49327087402344,,,
180,32579,,,,,,,-2.131911277770996,2.5906126499176025,12.347311019897461
181,32599,,,,-1.5572044849395752,5.10446310043335,44.35223388671875,,,
181,32649,,,,-2.118767261505127,2.7460825443267822,12.171743392944336,,,
181,32699,,,,-2.446502208709717,1.688701868057251,5.722922325134277,,,
181,32749,,,,-2.0460784435272217,2.843822956085205,14.389364242553711,,,
181,32759,,,,,,,-1.9887831211090088,3.037925958633423,17.423498153686523
182,32799,,,,-2.1473610401153564,2.545297384262085,11.396169662475586,,,
182,32849,,,,-2.2653653621673584,1.8216984272003174,8.684696197509766,,,
182,32899,,,,-1.9474650621414185,3.648585319519043,18.057388305664062,,,
182,32939,,,,,,,-2.298612594604492,2.1988439559936523,8.507562637329102
183,32949,,,,-2.30854868888855,2.225029945373535,7.862696647644043,,,
183,32999,,,,-2.1131951808929443,2.3306047916412354,12.3289213180542,,,
183,33049,,,,-2.405529022216797,1.964227318763733,6.28913688659668,,,
183,33099,,,,-2.0000855922698975,3.005755662918091,15.996843338012695,,,
183,33119,,,,,,,-2.3559467792510986,1.9572550058364868,7.709348678588867
184,33149,,,,-2.233717203140259,2.1599628925323486,9.341205596923828,,,
184,33199,,,,-2.5858681201934814,1.5326900482177734,4.151948928833008,,,
184,33249,,,,-1.9563720226287842,3.079219341278076,17.690826416015625,,,
184,33299,,,,-2.5474510192871094,1.553731918334961,4.5359578132629395,,,
184,33299,,,,,,,-2.391605854034424,1.9412891864776611,7.0119147300720215
185,33349,,,,-1.493116021156311,5.704676628112793,51.40483093261719,,,
185,33399,,,,-2.449435234069824,1.6384437084197998,5.684403419494629,,,
185,33449,,,,-1.7062408924102783,3.9355077743530273,31.46872329711914,,,
185,33479,,,,,,,-2.073042392730713,2.680020570755005,14.507978439331055
186,33499,,,,-2.560054302215576,1.6936904191970825,4.406215667724609,,,
186,33549,,,,-2.377577066421509,2.1011717319488525,6.7072248458862305,,,
186,33599,,,,-1.9202669858932495,3.09757661819458,19.224411010742188,,,
186,33649,,,,-1.8178069591522217,3.68609619140625,24.339580535888672,,,
186,33659,,,,,,,-2.3486618995666504,2.0613842010498047,7.6588215827941895
187,33699,,,,-2.189530611038208,2.4063587188720703,10.341632843017578,,,
187,33749,,,,-2.230003833770752,2.3769290447235107,9.421419143676758,,,
187,33799,,,,-2.026824951171875,3.1078476905822754,15.041631698608398,,,
187,33839,,,,,,,-2.047266721725464,2.9663639068603516,14.929036140441895
188,33849,,,,-2.123072624206543,2.504188299179077,12.05167007446289,,,
188,33899,,,,-2.0686943531036377,2.3646953105926514,13.65921688079834,,,
188,33949,,,,-2.4683427810668945,1.6302735805511475,5.442235946655273,,,
188,33999,,,,-1.7841525077819824,3.6062204837799072,26.300716400146484,,,
188,34019,,,,,,,-1.8831795454025269,3.458195447921753,22.261497497558594
189,34049,,,,-2.550482988357544,1.4013772010803223,4.504400253295898,,,
189,34099,,,,-1.9611189365386963,3.128544330596924,17.49851417541504,,,
189,34149,,,,-2.40311861038208,2.109152317047119,6.324139595031738,,,
189,34199,,,,-1.4601173400878906,5.659192085266113,55.46291732788086,,,
189,34199,,,,,,,-1.7795755863189697,3.778014898300171,28.401670455932617
190,34249,,,,-1.708580493927002,4.27331018447876,31.29965591430664,,,
190,34299,,,,-1.5906784534454346,4.9232683181762695,41.0621337890625,,,
190,34349,,,,-1.4857511520385742,5.579293251037598,52.28399658203125,,,
190,34379,,,,,,,-1.9186060428619385,3.2539196014404297,20.672311782836914
191,34399,,,,-1.5296164751052856,5.449264049530029,47.26106643676758,,,
191,34449,,,,-1.8678423166275024,2.846567153930664,21.690902709960938,,,
191,34499,,,,-2.5076119899749756,1.73250412940979,4.97173547744751,,,
191,34549,,,,-2.142563819885254,2.8882253170013428,11.52275562286377,,,
191,34559,,,,,,,-2.2457964420318604,2.4428842067718506,9.509665489196777
192,34599,,,,-1.5145753622055054,5.170452117919922,48.92655944824219,,,
192,34649,,,,-2.3497235774993896,2.168130874633789,7.1514892578125,,,
192,34699,,,,-2.8174309730529785,1.2386350631713867,2.436066150665283,,,
192,34739,,,,,,,-2.4884469509124756,1.633363962173462,5.779577732086182
193,34749,,,,-2.2847235202789307,2.3186349868774414,8.306087493896484,,,
193,34799,,,,-1.7258328199386597,4.299816131591797,30.080644607543945,,,
193,34849,,,,-1.9590438604354858,3.5177879333496094,17.582317352294922,,,
193,34899,,,,-1.9433023929595947,2.736069440841675,18.23129653930664,,,
193,34919,,,,,,,-2.0900115966796875,2.9938273429870605,13.490184783935547
194,34949,,,,-2.0597352981567383,2.688875436782837,13.943907737731934,,,
194,34999,,,,-2.42856502532959,1.6839404106140137,5.964236736297607,,,
194,35049,,,,-2.042479991912842,2.3800532817840576,14.509087562561035,,,
194,35099,,,,-1.2608823776245117,7.748558044433594,87.74810028076172,,,
194,35099,,,,,,,-1.2311276197433472,7.92933464050293,98.34003448486328
195,35149,,,,-2.25937819480896,2.0580742359161377,8.805255889892578,,,
195,35199,,,,-1.9733006954193115,3.100996971130371,17.014507293701172,,,
195,35249,,,,-1.904254674911499,3.1275362968444824,19.946439743041992,,,
195,35279,,,,,,,-1.848506212234497,3.547889232635498,23.990482330322266
196,35299,,,,-2.4112420082092285,1.8053839206695557,6.206948280334473,,,
196,35349,,,,-1.8646562099456787,3.3457489013671875,21.85062026977539,,,
196,35399,,,,-1.4929563999176025,5.4707489013671875,51.423744201660156,,,
196,35449,,,,-2.0608465671539307,2.2386069297790527,13.90827751159668,,,
196,35459,,,,,,,-2.349346399307251,2.0752387046813965,7.579158782958984
197,35499,,,,-1.8445547819137573,3.338789463043213,22.885753631591797,,,
197,35549,,,,-2.4424803256988525,1.9301469326019287,5.7761688232421875,,,
197,35599,,,,-2.138131618499756,2.40755295753479,11.640952110290527,,,
197,35639,,,,,,,-2.0242998600006104,2.8822555541992188,15.98991584777832
198,35649,,,,-2.764873743057251,1.3937063217163086,2.7494544982910156,,,
198,35699,,,,-2.373702049255371,1.945923089981079,6.767340183258057,,,
198,35749,,,,-2.0996811389923096,2.4508299827575684,12.718589782714844,,,
198,35799,,,,-1.7749884128570557,3.947793483734131,26.86157989501953,,,
198,35819,,,,,,,-2.1852867603302,2.5276119709014893,10.864341735839844
199,35849,,,,-2.2494266033172607,1.9858322143554688,9.009349822998047,,,
199,35899,,,,-1.9877293109893799,2.760258674621582,16.458520889282227,,,
199,35949,,,,-2.195673942565918,2.4592642784118652,10.19637680053711,,,
199,35999,,,,-2.188380241394043,2.080336570739746,10.36906623840332,,,
199,35999,,,,,,,-2.413458824157715,1.7895766496658325,6.937991142272949
200,36049,,,,-2.060645818710327,2.974010944366455,13.914710998535156,,,
200,36099,,,,-1.9507490396499634,3.4501876831054688,17.92136001586914,,,
200,36149,,,,-1.8693875074386597,2.98974347114563,21.613872528076172,,,
200,36179,,,,,,,-2.217352867126465,2.3051257133483887,10.21646499633789
201,36199,,,,-2.2901611328125,2.0766232013702393,8.202738761901855,,,
201,36249,,,,-2.0817317962646484,3.029747247695923,13.255260467529297,,,
201,36299,,,,-2.0744268894195557,2.5926003456115723,13.480103492736816,,,
201,36349,,,,-1.44036066532135,6.467514991760254,58.04426956176758,,,
201,36359,,,,,,,-1.490708827972412,5.943957328796387,53.229896545410156
202,36399,,,,-2.4883148670196533,1.5780367851257324,5.197629451751709,,,
202,36449,,,,-2.0734846591949463,2.462512493133545,13.509378433227539,,,
202,36499,,,,-2.391441583633423,1.8743822574615479,6.496484279632568,,,
202,36539,,,,,,,-1.8533260822296143,4.170722961425781,22.78815269470215
203,36549,,,,-1.8814467191696167,3.610351085662842,21.02197265625,,,
203,36599,,,,-2.251591920852661,2.27998948097229,8.9645414352417,,,
203,36649,,,,-2.169182300567627,2.344128370285034,10.837715148925781,,,
203,36699,,,,-2.0532424449920654,2.435324192047119,14.153945922851562,,,
203,36719,,,,,,,-2.2384562492370605,2.132652997970581,10.123457908630371
204,36749,,,,-2.24933123588562,2.123969554901123,9.01132583618164,,,
204,36799,,,,-1.8498303890228271,3.9384255409240723,22.609424591064453,,,
204,36849,,,,-2.3736443519592285,1.7131366729736328,6.768240928649902,,,
204,36899,,,,-2.413896322250366,1.9429881572723389,6.169127464294434,,,
204,36899,,,,,,,-2.488313913345337,1.603890299797058,5.739105224609375
205,36949,,,,-1.825422763824463,3.1327643394470215,23.916479110717773,,,
205,36999,,,,-1.8329923152923584,3.3950538635253906,23.503238677978516,,,
205,37049,,,,-2.485384464263916,1.7085938453674316,5.232819080352783,,,
205,37079,,,,,,,-2.3974087238311768,1.8938572406768799,7.021925449371338
206,37099,,,,-2.194795846939087,2.3667349815368652,10.21701431274414,,,
206,37149,,,,-1.7709840536117554,3.51593017578125,27.110403060913086,,,
206,37199,,,,-2.6608150005340576,1.4345237016677856,3.4938547611236572,,,
206,37249,,,,-2.086362838745117,2.6714727878570557,13.114667892456055,,,
206,37259,,,,,,,-2.499514102935791,1.5589029788970947,5.722371578216553
207,37299,,,,-1.7698640823364258,4.29880428314209,27.180404663085938,,,
207,37349,,,,-1.9040952920913696,3.3078765869140625,19.95376205444336,,,
207,37399,,,,-2.298253297805786,2.509129285812378,8.051316261291504,,,
207,37439,,,,,,,-2.4655416011810303,1.715738296508789,6.151214122772217
208,37449,,,,-2.235835313796997,1.9935108423233032,9.295759201049805,,,
208,37499,,,,-2.3682799339294434,1.7624849081039429,6.852359294891357,,,
208,37549,,,,-2.39400577545166,2.110172986984253,6.458240509033203,,,
208,37599,,,,-2.232081651687622,2.2916078567504883,9.37645149230957,,,
208,37619,,,,,,,-2.1926631927490234,2.331986904144287,11.055176734924316
209,37649,,,,-2.2359540462493896,2.4230000972747803,9.293214797973633,,,
209,37699,,,,-2.501779556274414,1.6949429512023926,5.0389556884765625,,,
209,37749,,,,-2.093818187713623,2.4200215339660645,12.891454696655273,,,
209,37799,,,,-2.2816786766052246,2.064195156097412,8.36452579498291,,,
209,37799,,,,,,,-2.2237699031829834,2.433814525604248,9.90416145324707
210,37849,,,,-2.023829460144043,2.8572120666503906,15.145742416381836,,,
210,37899,,,,-2.3435606956481934,1.9342632293701172,7.253693580627441,,,
210,37949,,,,-2.8258891105651855,1.1924397945404053,2.3890819549560547,,,
210,37979,,,,,,,-1.895082950592041,3.4848904609680176,21.507888793945312
211,37999,,,,-2.170973062515259,2.069323778152466,10.79311752319336,,,
211,38049,,,,-2.360666513442993,1.9207565784454346,6.973542213439941,,,
211,38099,,,,-2.3471713066101074,2.1164283752441406,7.19364070892334,,,
211,38149,,,,-1.4284825325012207,5.554351329803467,59.65371322631836,,,
211,38159,,,,,,,-1.9610956907272339,2.921628952026367,19.06029510498047
212,38199,,,,-1.827053189277649,4.363482475280762,23.82685089111328,,,
212,38249,,,,-2.3024539947509766,2.1176247596740723,7.973814964294434,,,
212,38299,,,,-2.1432788372039795,2.6953377723693848,11.503791809082031,,,
212,38339,,,,,,,-1.7796505689620972,4.08514928817749,28.000343322753906
213,38349,,,,-1.7475526332855225,4.617990970611572,28.613256454467773,,,
213,38399,,,,-1.6421079635620117,5.028503894805908,36.47640609741211,,,
213,38449,,,,-2.008234739303589,2.7717833518981934,15.699483871459961,,,
213,38499,,,,-2.54555082321167,1.7601324319839478,4.55584716796875,,,
213,38519,,,,,,,-2.1016793251037598,2.6978414058685303,13.243241310119629
214,38549,,,,-1.636203646659851,4.4258575439453125,36.97570037841797,,,
214,38599,,,,-2.1253838539123535,2.543710708618164,11.987709045410156,,,
214,38649,,,,-2.336054563522339,1.9553501605987549,7.380153656005859,,,
214,38699,,,,-2.343824625015259,1.7519268989562988,7.249289512634277,,,
214,38699,,,,,,,-2.1676089763641357,2.458911895751953,11.372743606567383
215,38749,,,,-2.3986806869506836,1.7209675312042236,6.389096260070801,,,
215,38799,,,,-1.5238338708877563,5.404148578643799,47.894554138183594,,,
215,38849,,,,-2.3872556686401367,1.7113285064697266,6.559403419494629,,,
215,38879,,,,,,,-2.1639156341552734,2.2940399646759033,12.126069068908691
216,38899,,,,-2.094484806060791,2.6781859397888184,12.871675491333008,,,
216,38949,,,,-2.579204559326172,1.4907341003417969,4.216141700744629,,,
216,38999,,,,-1.9011690616607666,3.502845525741577,20.08865737915039,,,
216,39049,,,,-1.6885358095169067,4.005164623260498,32.77812957763672,,,
216,39059,,,,,,,-2.4717843532562256,1.6413871049880981,5.985085487365723
217,39099,,,,-1.7700775861740112,4.757575988769531,27.167049407958984,,,
217,39149,,,,-2.369615077972412,1.5318400859832764,6.83132266998291,,,
217,39199,,,,-2.160090208053589,2.4781384468078613,11.066997528076172,,,
217,39239,,,,,,,-2.542715311050415,1.5133657455444336,5.1200432777404785
218,39249,,,,-2.406411647796631,1.6061569452285767,6.276369094848633,,,
218,39299,,,,-2.2465884685516357,1.838696002960205,9.068422317504883,,,
218,39349,,,,-2.3983144760131836,1.711991786956787,6.394484519958496,,,
218,39399,,,,-2.371227502822876,1.7904043197631836,6.8060102462768555,,,
218,39419,,,,,,,-2.4172980785369873,1.7333016395568848,6.730050086975098
219,39449,,,,-2.2949841022491455,1.9244961738586426,8.112151145935059,,,
219,39499,,,,-1.9720163345336914,2.9605112075805664,17.064903259277344,,,
219,39549,,,,-2.1298606395721436,2.1260483264923096,11.864768981933594,,,
219,39599,,,,-2.135620355606079,2.5069191455841064,11.708460807800293,,,
219,39599,,,,,,,-2.4367616176605225,1.7540156841278076,6.47771692276001
220,39649,,,,-2.3543686866760254,1.4133799076080322,7.075405597686768,,,
220,39699,,,,-2.4738762378692627,1.5471820831298828,5.373334884643555,,,
220,39749,,,,-2.226855754852295,2.0461771488189697,9.48995590209961,,,
220,39779,,,,,,,-2.537205457687378,1.4931597709655762,5.2988762855529785
221,39799,,,,-2.1700708866119385,1.9436073303222656,10.815567016601562,,,
221,39849,,,,-2.161060094833374,2.498331069946289,11.042308807373047,,,
221,39899,,,,-1.8937932252883911,3.358187675476074,20.43274688720703,,,
221,39949,,,,-2.237535238265991,2.398218870162964,9.259441375732422,,,
221,39959,,,,,,,-2.0523159503936768,2.537052631378174,15.33956527709961
222,39999,,,,-2.5176093578338623,1.815432071685791,4.858595848083496,,,
222,40049,,,,-2.164250373840332,2.5723485946655273,10.961492538452148,,,
222,40099,,,,-1.9880635738372803,2.986064910888672,16.445858001708984,,,
222,40139,,,,,,,-1.9452177286148071,3.254997730255127,18.951387405395508
223,40149,,,,-1.7753599882125854,3.719275951385498,26.838607788085938,,,
223,40199,,,,-2.2933590412139893,2.094418525695801,8.142560005187988,,,
223,40249,,,,-2.1083896160125732,3.053098201751709,12.466094970703125,,,
223,40299,,,,-2.3825931549072266,1.8160526752471924,6.6301984786987305,,,
223,40319,,,,,,,-2.336432456970215,1.946014404296875,8.196871757507324
224,40349,,,,-2.195481061935425,2.1216251850128174,10.200906753540039,,,
224,40399,,,,-2.255084753036499,2.0506398677825928,8.892735481262207,,,
224,40449,,,,-2.193049192428589,1.9206942319869995,10.258191108703613,,,
224,40499,,,,-2.4131429195404053,1.6965023279190063,6.179840087890625,,,
224,40499,,,,,,,-2.1239778995513916,2.6906216144561768,12.62499713897705
225,40549,,,,-2.5500149726867676,1.5559942722320557,4.509257793426514,,,
225,40599,,,,-2.2155911922454834,2.602998733520508,9.739324569702148,,,
225,40649,,,,-2.4987125396728516,1.3293675184249878,5.074666500091553,,,
225,40679,,,,,,,-1.774121642112732,3.497770071029663,29.828819274902344
226,40699,,,,-2.190744400024414,2.481790542602539,10.312774658203125,,,
226,40749,,,,-2.094228744506836,2.8802051544189453,12.879270553588867,,,
226,40799,,,,-2.365387439727783,2.008063316345215,6.898148536682129,,,
226,40849,,,,-2.3776509761810303,1.7978328466415405,6.706085205078125,,,
226,40859,,,,,,,-2.3105309009552,1.944982886314392,8.304776191711426
227,40899,,,,-2.528937578201294,1.6958112716674805,4.733502388000488,,,
227,40949,,,,-2.679424285888672,1.544443130493164,3.34730863571167,,,
227,40999,,,,-1.6516729593276978,3.8174257278442383,35.681827545166016,,,
227,41039,,,,,,,-2.136828660964966,2.5447516441345215,12.311235427856445
228,41049,,,,-2.5251049995422363,1.4880084991455078,4.775457382202148,,,
228,41099,,,,-2.320164203643799,1.9687938690185547,7.6551899909973145,,,
228,41149,,,,-2.0634355545043945,2.600860595703125,13.825611114501953,,,
228,41199,,,,-1.8693251609802246,2.919680118560791,21.61696434020996,,,
228,41219,,,,,,,-2.1504766941070557,2.580382823944092,11.964869499206543
229,41249,,,,-2.328228235244751,2.0503735542297363,7.514359474182129,,,
229,41299,,,,-2.18326735496521,2.1478335857391357,10.491865158081055,,,
229,41349,,,,-2.0129125118255615,2.907040596008301,15.531293869018555,,,
229,41399,,,,-2.664750337600708,1.5047810077667236,3.4623403549194336,,,
229,41399,,,,,,,-2.4631619453430176,1.7466665506362915,6.213985443115234
230,41449,,,,-1.6022043228149414,4.600358963012695,39.986717224121094,,,
230,41499,,,,-1.9041768312454224,3.660490036010742,19.950008392333984,,,
230,41549,,,,-2.664034843444824,1.5804202556610107,3.468050003051758,,,
230,41579,,,,,,,-2.029106378555298,2.815948247909546,16.05851173400879
231,41599,,,,-2.375497579574585,1.4697411060333252,6.739416599273682,,,
231,41649,,,,-3.073392391204834,0.8540630340576172,1.3512248992919922,,,
231,41699,,,,-2.367251396179199,1.9525127410888672,6.868608474731445,,,
231,41749,,,,-2.121159791946411,3.0780696868896484,12.10486888885498,,,
231,41759,,,,,,,-2.2032060623168945,2.3020119667053223,10.825188636779785
232,41799,,,,-2.4793074131011963,1.6073317527770996,5.306556701660156,,,
232,41849,,,,-1.8162935972213745,3.5135037899017334,24.424549102783203,,,
232,41899,,,,-2.5912866592407227,1.51497220993042,4.100467681884766,,,
232,41939,,,,,,,-2.3703906536102295,2.0858078002929688,7.170482635498047
233,41949,,,,-2.0647757053375244,2.947068452835083,13.783021926879883,,,
233,41999,,,,-1.8426098823547363,3.8133413791656494,22.988475799560547,,,
233,42049,,,,-1.9638011455535889,3.714047908782959,17.39077377319336,,,
233,42099,,,,-2.8445324897766113,1.0891242027282715,2.2886931896209717,,,
233,42119,,,,,,,-1.683488368988037,4.271997451782227,35.989585876464844
234,42149,,,,-1.9319342374801636,2.1993093490600586,18.71483039855957,,,
234,42199,,,,-2.2367072105407715,2.511190176010132,9.277114868164062,,,
234,42249,,,,-2.018871307373047,2.3452706336975098,15.319642066955566,,,
234,42299,,,,-2.7694430351257324,1.1354913711547852,2.7206778526306152,,,
234,42299,,,,,,,-2.4572319984436035,1.6559996604919434,6.163222789764404
235,42349,,,,-2.015082359313965,3.0366013050079346,15.453885078430176,,,
235,42399,,,,-2.2684810161590576,2.1660079956054688,8.622615814208984,,,
235,42449,,,,-2.07903790473938,2.8909125328063965,13.337733268737793,,,
235,42479,,,,,,,-2.584810256958008,1.4214906692504883,4.862446308135986
236,42499,,,,-2.472553014755249,1.8221560716629028,5.389730453491211,,,
236,42549,,,,-2.336503267288208,1.878063440322876,7.372535705566406,,,
236,42599,,,,-2.5829272270202637,1.2218196392059326,4.180159091949463,,,
236,42649,,,,-2.393996000289917,1.7903999090194702,6.458388328552246,,,
236,42659,,,,,,,-1.9663726091384888,3.474299430847168,17.92233657836914
237,42699,,,,-2.1397194862365723,2.4723572731018066,11.598469734191895,,,
237,42749,,,,-2.541226625442505,1.5211138725280762,4.601437091827393,,,
237,42799,,,,-2.4593777656555176,1.6512173414230347,5.555744171142578,,,
237,42839,,,,,,,-2.5343616008758545,1.5835058689117432,5.170480251312256
238,42849,,,,-2.0639266967773438,2.6921334266662598,13.809992790222168,,,
238,42899,,,,-1.995298981666565,3.4724535942077637,16.174137115478516,,,
238,42949,,,,-2.011930465698242,2.84531307220459,15.566452980041504,,,
238,42999,,,,-2.2607839107513428,2.476710319519043,8.776796340942383,,,
238,43019,,,,,,,-2.2706828117370605,2.128917932510376,9.490493774414062
239,43049,,,,-2.1233510971069336,3.1244540214538574,12.043951034545898,,,
239,43099,,,,-2.0064635276794434,3.1918206214904785,15.763642311096191,,,
239,43149,,,,-2.3603386878967285,2.2874934673309326,6.97880744934082,,,
239,43199,,,,-2.4665780067443848,1.4875609874725342,5.4643940925598145,,,
239,43199,,,,,,,-2.266752243041992,2.0516369342803955,9.416555404663086
240,43249,,,,-2.117863416671753,2.626396417617798,12.197103500366211,,,
240,43299,,,,-1.7490959167480469,3.833592414855957,28.511764526367188,,,
240,43349,,,,-2.379049301147461,1.596822738647461,6.684527397155762,,,
240,43379,,,,,,,-1.727005958557129,4.485015392303467,31.413904190063477
241,43399,,,,-2.6076340675354004,1.557692050933838,3.948988199234009,,,
241,43449,,,,-2.4799160957336426,1.6993465423583984,5.299124240875244,,,
241,43499,,,,-2.0176987648010254,2.7896533012390137,15.361063003540039,,,
241,43549,,,,-2.5656418800354004,1.6770105361938477,4.349889755249023,,,
241,43559,,,,,,,-1.9458287954330444,3.214777708053589,19.523941040039062
242,43599,,,,-2.2449588775634766,2.2764832973480225,9.102509498596191,,,
242,43649,,,,-2.3002917766571045,1.64266037940979,8.01361083984375,,,
242,43699,,,,-2.297090768814087,1.9455695152282715,8.072894096374512,,,
242,43739,,,,,,,-2.479518175125122,1.6226824522018433,5.869336128234863
243,43749,,,,-2.546218156814575,1.2572548389434814,4.548851013183594,,,
243,43799,,,,-2.393033266067505,2.0306529998779297,6.472722053527832,,,
243,43849,,,,-2.5404038429260254,1.6051175594329834,4.610161781311035,,,
243,43899,,,,-2.9386353492736816,1.0614022016525269,1.8428267240524292,,,
243,43919,,,,,,,-2.12440824508667,2.6428046226501465,12.845478057861328
244,43949,,,,-2.380692720413208,2.1355443000793457,6.659278869628906,,,
244,43999,,,,-2.4817569255828857,1.8782033920288086,5.27670955657959,,,
244,44049,,,,-2.0062692165374756,2.9288268089294434,15.770694732666016,,,
244,44099,,,,-2.2781169414520264,1.4211323261260986,8.433411598205566,,,
244,44099,,,,,,,-2.2457239627838135,2.2764084339141846,9.582772254943848
245,44149,,,,-2.311999559402466,2.0625078678131104,7.8004655838012695,,,
245,44199,,,,-1.9698094129562378,3.10166597366333,17.151836395263672,,,
245,44249,,,,-2.150489091873169,2.620004415512085,11.314388275146484,,,
245,44279,,,,,,,-1.8677996397018433,3.5078935623168945,23.075143814086914
246,44299,,,,-1.7435585260391235,3.7925643920898438,28.87763023376465,,,
246,44349,,,,-2.57914400100708,1.3734335899353027,4.216731071472168,,,
246,44399,,,,-2.13188099861145,2.190781831741333,11.80970287322998,,,
246,44449,,,,-2.3683226108551025,1.7821664810180664,6.851685047149658,,,
246,44459,,,,,,,-2.525503158569336,1.4770573377609253,5.536372661590576
247,44499,,,,-2.1872873306274414,2.844728469848633,10.395193099975586,,,
247,44549,,,,-2.5804455280303955,1.611032247543335,4.204113960266113,,,
247,44599,,,,-2.5241358280181885,1.3900418281555176,4.786126613616943,,,
247,44639,,,,,,,-2.41864013671875,1.8318982124328613,6.632187366485596
248,44649,,,,-2.3890957832336426,1.7288687229156494,6.531668663024902,,,
248,44699,,,,-2.4984753131866455,1.9304214715957642,5.077439308166504,,,
248,44749,,,,-1.6274949312210083,4.194239616394043,37.724647521972656,,,
248,44799,,,,-2.9128358364105225,1.0095531940460205,1.9556195735931396,,,
248,44819,,,,,,,-2.202183485031128,2.411707878112793,10.777926445007324
249,44849,,,,-1.8846498727798462,2.942595958709717,20.867488861083984,,,
249,44899,,,,-2.9297876358032227,1.1390223503112793,1.8807567358016968,,,
249,44949,,,,-2.6462042331695557,1.5753268003463745,3.613399028778076,,,
249,44999,,,,-2.4790477752685547,1.986864447593689,5.309729099273682,,,
249,44999,,,,,,,-2.276859760284424,2.0796849727630615,9.182268142700195
250,45049,,,,-2.3975510597229004,1.7487860918045044,6.405736446380615,,,
250,45099,,,,-2.095525026321411,2.481586456298828,12.840879440307617,,,
250,45149,,,,-2.5010387897491455,1.8852571249008179,5.047557353973389,,,
250,45179,,,,,,,-2.2854158878326416,2.128800630569458,9.085651397705078
251,45199,,,,-2.6483192443847656,1.2770442962646484,3.595843553543091,,,
251,45249,,,,-2.194904327392578,1.925270438194275,10.214462280273438,,,
251,45299,,,,-2.3938064575195312,1.4857606887817383,6.461207389831543,,,
251,45349,,,,-2.2914016246795654,2.185922622680664,8.179344177246094,,,
251,45359,,,,,,,-2.440380334854126,1.7692831754684448,6.323638916015625
252,45399,,,,-2.351922035217285,1.8616397380828857,7.115379810333252,,,
252,45449,,,,-2.176903247833252,2.5469117164611816,10.646745681762695,,,
252,45499,,,,-2.521528959274292,1.680535078048706,4.814942359924316,,,
252,45539,,,,,,,-2.4490537643432617,1.6537812948226929,6.479648590087891
253,45549,,,,-2.399134397506714,2.343553066253662,6.382424354553223,,,
253,45599,,,,-2.0610668659210205,2.363968849182129,13.901224136352539,,,
253,45649,,,,-2.4856765270233154,1.5925081968307495,5.229299545288086,,,
253,45699,,,,-2.059476613998413,2.9759674072265625,13.952219009399414,,,
253,45719,,,,,,,-2.228142738342285,2.688354015350342,9.828902244567871
254,45749,,,,-1.9949885606765747,3.2979936599731445,16.18569564819336,,,
254,45799,,,,-2.4509975910186768,1.7472151517868042,5.66398811340332,,,
254,45849,,,,-2.470355987548828,1.8150968551635742,5.417064666748047,,,
254,45899,,,,-1.7180907726287842,4.151899337768555,30.62169647216797,,,
254,45899,,,,,,,-1.8396410942077637,3.41615629196167,25.11936378479004
255,45949,,,,-2.4047186374664307,1.6294188499450684,6.300881862640381,,,
255,45999,,,,-2.441725492477417,1.8441251516342163,5.786215782165527,,,
255,46049,,,,-2.1514511108398438,2.819322109222412,11.289346694946289,,,
255,46079,,,,,,,-1.5155506134033203,5.680614948272705,50.74613952636719
256,46099,,,,-2.4392426013946533,1.9039206504821777,5.81939172744751,,,
256,46149,,,,-2.5481343269348145,1.593442678451538,4.5288262367248535,,,
256,46199,,,,-2.374847650527954,1.6819711923599243,6.74951171875,,,
256,46249,,,,-1.9452399015426636,3.2410292625427246,18.150144577026367,,,
256,46259,,,,,,,-2.0254056453704834,2.9353442192077637,16.0667724609375
257,46299,,,,-2.2714552879333496,1.5182194709777832,8.563767433166504,,,
257,46349,,,,-2.000697612762451,2.8400192260742188,15.974323272705078,,,
257,46399,,,,-2.296290874481201,1.7200353145599365,8.08777904510498,,,
257,46439,,,,,,,-2.399778127670288,1.8330093622207642,6.849604606628418
258,46449,,,,-2.5666818618774414,1.1347944736480713,4.339485168457031,,,
258,46499,,,,-2.2289860248565674,1.753230333328247,9.443522453308105,,,
258,46549,,,,-2.199632406234741,2.379422187805176,10.103864669799805,,,
258,46599,,,,-2.235516309738159,1.699122428894043,9.30258560180664,,,
258,46619,,,,,,,-2.499399423599243,1.6179909706115723,5.698221206665039
259,46649,,,,-2.5528759956359863,1.3560585975646973,4.479649543762207,,,
259,46699,,,,-2.255603551864624,2.0952067375183105,8.882118225097656,,,
259,46749,,,,-2.0534017086029053,2.881291389465332,14.148752212524414,,,
259,46799,,,,-2.473524332046509,1.4489095211029053,5.377687931060791,,,
259,46799,,,,,,,-2.5108749866485596,1.455267071723938,5.561154842376709
260,46849,,,,-2.4934141635894775,1.78891921043396,5.136958122253418,,,
260,46899,,,,-2.5026445388793945,1.5627964735031128,5.028928756713867,,,
260,46949,,,,-2.4614295959472656,1.587073802947998,5.529558181762695,,,
260,46979,,,,,,,-2.618010997772217,1.3453105688095093,4.482497215270996
261,46999,,,,-2.4269607067108154,1.8846752643585205,5.986311912536621,,,
261,47049,,,,-2.7697808742523193,1.2542511224746704,2.7185611724853516,,,
261,47099,,,,-2.504685163497925,1.7648890018463135,5.0053558349609375,,,
261,47149,,,,-1.9630403518676758,2.4379734992980957,17.421266555786133,,,
261,47159,,,,,,,-2.4715514183044434,1.6947540044784546,5.985352516174316
262,47199,,,,-2.4928224086761475,1.5561259984970093,5.143960952758789,,,
262,47249,,,,-2.667370080947876,1.2468466758728027,3.4415154457092285,,,
262,47299,,,,-2.1211202144622803,2.813190460205078,12.105979919433594,,,
262,47339,,,,,,,-2.213294744491577,2.232334852218628,10.752717018127441
263,47349,,,,-2.6987905502319336,1.0268429517745972,3.2013235092163086,,,
263,47399,,,,-2.3886475563049316,1.5269825458526611,6.53841495513916,,,
263,47449,,,,-2.2310264110565186,1.7790769338607788,9.399261474609375,,,
263,47499,,,,-2.6732337474823,1.2730330228805542,3.3953659534454346,,,
263,47519,,,,,,,-2.596776008605957,1.4170817136764526,4.672342300415039
264,47549,,,,-2.077847719192505,3.0061354637145996,13.37434196472168,,,
264,47599,,,,-2.0888571739196777,2.952716112136841,13.03955078125,,,
264,47649,,,,-2.338160991668701,2.1130359172821045,7.344449996948242,,,
264,47699,,,,-2.0676021575927734,2.6348729133605957,13.693605422973633,,,
264,47699,,,,,,,-2.2968075275421143,2.1650192737579346,8.604222297668457
265,47749,,,,-2.434746026992798,1.7225191593170166,5.879953384399414,,,
265,47799,,,,-2.7320969104766846,1.2141262292861938,2.9649901390075684,,,
265,47849,,,,-1.9758141040802002,2.6813249588012695,16.916318893432617,,,
265,47879,,,,,,,-2.545354127883911,1.5028201341629028,5.273915767669678
266,47899,,,,-2.454202175140381,1.4234709739685059,5.622349262237549,,,
266,47949,,,,-2.1028482913970947,2.488184690475464,12.626174926757812,,,
266,47999,,,,-2.3376495838165283,2.2329580783843994,7.3531012535095215,,,
266,48049,,,,-2.0665249824523926,2.950810194015503,13.727617263793945,,,
266,48059,,,,,,,-2.5551013946533203,1.4706130027770996,5.064783096313477
267,48099,,,,-2.5778450965881348,1.2343995571136475,4.229362964630127,,,
267,48149,,,,-2.215156316757202,2.1075899600982666,9.74908447265625,,,
267,48199,,,,-2.732815742492676,1.2203412055969238,2.9600863456726074,,,
267,48239,,,,,,,-2.1464145183563232,2.5602383613586426,12.1044282913208
268,48249,,,,-2.272399663925171,2.0258700847625732,8.545160293579102,,,
268,48299,,,,-2.424221992492676,1.6750884056091309,6.024181365966797,,,
268,48349,,,,-2.476151704788208,1.7368155717849731,5.345252990722656,,,
268,48399,,,,-2.0891034603118896,2.946622371673584,13.032158851623535,,,
268,48419,,,,,,,-2.300112009048462,2.051628828048706,8.586418151855469
269,48449,,,,-1.9152930974960327,3.1134390830993652,19.445846557617188,,,
269,48499,,,,-2.3141040802001953,2.1424508094787598,7.762754440307617,,,
269,48549,,,,-2.2524476051330566,1.8252499103546143,8.946895599365234,,,
269,48599,,,,-3.08215069770813,0.8460080027580261,1.324248194694519,,,
269,48599,,,,,,,-2.1346676349639893,2.489150047302246,12.7372465133667
270,48649,,,,-2.351438045501709,2.1416261196136475,7.123312950134277,,,
270,48699,,,,-2.4501492977142334,1.6557629108428955,5.675065040588379,,,
270,48749,,,,-3.0389373302459717,0.931002676486969,1.4627925157546997,,,
270,48779,,,,,,,-2.604963779449463,1.3797962665557861,4.59937047958374
271,48799,,,,-2.0927953720092773,2.6253108978271484,12.92184829711914,,,
271,48849,,,,-2.4609458446502686,1.7088685035705566,5.535720348358154,,,
271,48899,,,,-2.3315608501434326,1.920443058013916,7.456915855407715,,,
271,48949,,,,-1.9722731113433838,3.0629684925079346,17.054813385009766,,,
271,48959,,,,,,,-1.9451271295547485,3.0962905883789062,19.52760887145996
272,48999,,,,-2.1595747470855713,2.693479537963867,11.080144882202148,,,
272,49049,,,,-2.266042709350586,2.1455368995666504,8.671164512634277,,,
272,49099,,,,-2.710263729095459,1.3804984092712402,3.117856979370117,,,
272,49139,,,,,,,-2.5184051990509033,1.5426735877990723,5.446889877319336
273,49149,,,,-2.2448911666870117,2.070124387741089,9.103924751281738,,,
273,49199,,,,-1.5531164407730103,4.437609672546387,44.771697998046875,,,
273,49249,,,,-1.9941859245300293,2.951179027557373,16.21563720703125,,,
273,49299,,,,-2.3292815685272217,2.091848134994507,7.496155738830566,,,
273,49319,,,,,,,-2.3573157787323,2.0529398918151855,7.484732627868652
274,49349,,,,-1.745282530784607,4.113470077514648,28.763221740722656,,,
274,49399,,,,-2.2835121154785156,1.765183687210083,8.329288482666016,,,
274,49449,,,,-1.9159706830978394,2.904555082321167,19.415529251098633,,,
274,49499,,,,-2.473025321960449,1.9359705448150635,5.3838725090026855,,,
274,49499,,,,,,,-2.3211355209350586,2.1743671894073486,8.061126708984375
275,49549,,,,-2.0868313312530518,2.651902437210083,13.10052490234375,,,
275,49599,,,,-2.227102756500244,2.2387828826904297,9.484560012817383,,,
275,49649,,,,-2.4465510845184326,1.502668857574463,5.722278118133545,,,
275,49679,,,,,,,-1.8398888111114502,3.661085844039917,24.721878051757812
276,49699,,,,-2.9395017623901367,0.9486336708068848,1.8391555547714233,,,
276,49749,,,,-2.2408454418182373,2.2698237895965576,9.189136505126953,,,
276,49799,,,,-2.076909065246582,2.2876999378204346,13.403274536132812,,,
276,49849,,,,-2.2285356521606445,2.16066312789917,9.453320503234863,,,
276,49859,,,,,,,-2.0685875415802,2.8552260398864746,14.61253547668457
277,49899,,,,-2.5205163955688477,1.5593900680541992,4.826181411743164,,,
277,49949,,,,-2.337806224822998,1.96915864944458,7.3504462242126465,,,
277,49999,,,,-2.7144269943237305,1.2273844480514526,3.0881104469299316,,,
277,50039,,,,,,,-2.532989263534546,1.4944257736206055,5.215445518493652
278,50049,,,,-2.397146224975586,1.5331224203109741,6.411710739135742,,,
278,50099,,,,-2.220031499862671,2.5471043586730957,9.640257835388184,,,
278,50149,,,,-2.5023670196533203,1.858468770980835,5.032145977020264,,,
278,50199,,,,-1.5042431354522705,4.334132671356201,50.104522705078125,,,
278,50219,,,,,,,-1.566934585571289,5.138538837432861,46.430721282958984
279,50249,,,,-2.556382417678833,1.558194875717163,4.443625450134277,,,
279,50299,,,,-2.925528049468994,1.0532793998718262,1.8992931842803955,,,
279,50349,,,,-2.4869155883789062,1.7442587614059448,5.2144012451171875,,,
279,50399,,,,-2.824971914291382,1.0763001441955566,2.3941333293914795,,,
279,50399,,,,,,,-2.520731210708618,1.496328592300415,5.3408918380737305
280,50449,,,,-2.341146945953369,1.603865146636963,7.294122695922852,,,
280,50499,,,,-1.975022792816162,3.1972665786743164,16.94717025756836,,,
280,50549,,,,-1.9370228052139282,3.069157123565674,18.496828079223633,,,
280,50579,,,,,,,-1.9066779613494873,3.2084293365478516,21.617713928222656
281,50599,,,,-2.11456298828125,2.518261671066284,12.290146827697754,,,
281,50649,,,,-2.760864019393921,1.0909368991851807,2.7749547958374023,,,
281,50699,,,,-2.3277056217193604,2.105302572250366,7.523400783538818,,,
281,50749,,,,-1.8024940490722656,3.8936328887939453,25.213077545166016,,,
281,50759,,,,,,,-2.4488627910614014,1.6964764595031738,6.292931079864502
282,50799,,,,-2.3882689476013184,1.870163917541504,6.544118404388428,,,
282,50849,,,,-2.4934496879577637,1.6085453033447266,5.136537551879883,,,
282,50899,,,,-2.561014175415039,1.7474205493927002,4.396484375,,,
282,50939,,,,,,,-2.0463814735412598,2.8013532161712646,15.512001037597656
283,50949,,,,-3.1808292865753174,0.759033739566803,1.05509352684021,,,
283,50999,,,,-2.181061029434204,2.641655921936035,10.545299530029297,,,
283,51049,,,,-2.1284193992614746,2.5653696060180664,11.904212951660156,,,
283,51099,,,,-2.8742337226867676,1.1457598209381104,2.1374030113220215,,,
283,51119,,,,,,,-2.648897409439087,1.2653675079345703,4.3510541915893555
284,51149,,,,-2.2650294303894043,2.3676674365997314,8.691417694091797,,,
284,51199,,,,-2.4811129570007324,1.5487004518508911,5.284538745880127,,,
284,51249,,,,-2.739906072616577,1.4733539819717407,2.9121522903442383,,,
284,51299,,,,-2.6185483932495117,1.3322780132293701,3.850984573364258,,,
284,51299,,,,,,,-2.3166956901550293,1.9601929187774658,8.587564468383789
285,51349,,,,-2.3430569171905518,1.6706414222717285,7.262115478515625,,,
285,51399,,,,-2.3745174407958984,1.6999722719192505,6.754645347595215,,,
285,51449,,,,-2.2164905071258545,1.808251142501831,9.719181060791016,,,
285,51479,,,,,,,-2.411011219024658,1.8061199188232422,6.70281457901001
286,51499,,,,-2.582566738128662,1.4638645648956299,4.18363094329834,,,
286,51549,,,,-2.1422786712646484,1.9403281211853027,11.53032112121582,,,
286,51599,,,,-1.7368313074111938,4.374122619628906,29.32842254638672,,,
286,51649,,,,-2.3342113494873047,1.7808818817138672,7.411542892456055,,,
286,51659,,,,,,,-1.7725176811218262,3.357956647872925,29.83543586730957
287,51699,,,,-2.508955717086792,1.489152193069458,4.956377983093262,,,
287,51749,,,,-2.5623419284820557,1.4219120740890503,4.383068084716797,,,
287,51799,,,,-1.8790019750595093,3.1890926361083984,21.140640258789062,,,
287,51839,,,,,,,-2.4425361156463623,1.8119264841079712,6.237274646759033
288,51849,,,,-1.9332382678985596,2.715763568878174,18.658714294433594,,,
288,51899,,,,-2.2876014709472656,2.028918743133545,8.251226425170898,,,
288,51949,,,,-2.974813461303711,0.9480434656143188,1.695534348487854,,,
288,51999,,,,-1.9978467226028442,2.3790245056152344,16.07952880859375,,,
288,52019,,,,,,,-2.3291852474212646,1.9927499294281006,7.895905494689941
289,52049,,,,-2.526449203491211,1.47555673122406,4.7607011795043945,,,
289,52099,,,,-2.2108850479125977,2.1369805335998535,9.845438003540039,,,
289,52149,,,,-2.056894540786743,2.857114791870117,14.035426139831543,,,
289,52199,,,,-2.0641584396362305,2.349109649658203,13.802617073059082,,,
289,52199,,,,,,,-2.579838514328003,1.423417568206787,4.962743759155273
290,52249,,,,-2.3607468605041504,2.112919807434082,6.972251892089844,,,
290,52299,,,,-2.0720016956329346,1.964726448059082,13.555587768554688,,,
290,52349,,,,-2.3920750617980957,2.166961193084717,6.487015247344971,,,
290,52379,,,,,,,-2.6100032329559326,1.3580477237701416,4.477706432342529
291,52399,,,,-2.2730722427368164,2.2521939277648926,8.531940460205078,,,
291,52449,,,,-2.1352694034576416,2.817159652709961,11.717921257019043,,,
291,52499,,,,-2.8041954040527344,1.1797254085540771,2.511451482772827,,,
291,52549,,,,-2.3565173149108887,2.1284377574920654,7.0404863357543945,,,
291,52559,,,,,,,-2.023861885070801,2.637382984161377,16.856035232543945
292,52599,,,,-2.249237298965454,2.1026034355163574,9.013279914855957,,,
292,52649,,,,-2.3208725452423096,1.8868263959884644,7.642710208892822,,,
292,52699,,,,-2.068164348602295,3.043762683868408,13.675893783569336,,,
292,52739,,,,,,,-2.130244493484497,2.5852210521698,12.750152587890625
293,52749,,,,-2.2691659927368164,1.9419217109680176,8.609026908874512,,,
293,52799,,,,-2.7454752922058105,1.0145527124404907,2.875047445297241,,,
293,52849,,,,-2.6609785556793213,1.3753241300582886,3.492537498474121,,,
293,52899,,,,-2.793654441833496,1.2585222721099854,2.5731539726257324,,,
293,52919,,,,,,,-2.1864538192749023,2.4270102977752686,11.291231155395508
294,52949,,,,-2.8358230590820312,1.0758973360061646,2.3350541591644287,,,
294,52999,,,,-2.2772676944732666,2.039581775665283,8.449909210205078,,,
294,53049,,,,-2.3604352474212646,1.9542372226715088,6.977259159088135,,,
294,53099,,,,-2.4788174629211426,1.5231783390045166,5.312546730041504,,,
294,53099,,,,,,,-2.451390027999878,1.625781774520874,6.194462776184082
295,53149,,,,-2.8210699558258057,1.2150046825408936,2.4157402515411377,,,
295,53199,,,,-3.00738525390625,0.98284512758255,1.5730223655700684,,,
295,53249,,,,-2.2882847785949707,1.7724063396453857,8.238250732421875,,,
295,53279,,,,,,,-2.3108856678009033,1.9269307851791382,8.663919448852539
296,53299,,,,-2.325303554534912,1.9118084907531738,7.565128326416016,,,
296,53349,,,,-1.8364529609680176,3.976489782333374,23.316696166992188,,,
296,53399,,,,-2.892943859100342,0.9182792901992798,2.0472748279571533,,,
296,53449,,,,-2.7970666885375977,1.0908324718475342,2.5530142784118652,,,
296,53459,,,,,,,-2.5608255863189697,1.4968860149383545,5.096343040466309
297,53499,,,,-2.1577179431915283,1.8731698989868164,11.127614974975586,,,
297,53549,,,,-1.9056347608566284,3.493506908416748,19.883150100708008,,,
297,53599,,,,-2.7224082946777344,1.14328932762146,3.0318779945373535,,,
297,53639,,,,,,,-2.3284521102905273,2.130814790725708,8.254042625427246
298,53649,,,,-2.6239123344421387,1.2307677268981934,3.8037097454071045,,,
298,53699,,,,-2.467998504638672,1.6928191184997559,5.446551322937012,,,
298,53749,,,,-1.9804327487945557,3.182471990585327,16.737367630004883,,,
298,53799,,,,-2.359501600265503,2.114649772644043,6.99227237701416,,,
298,53819,,,,,,,-2.2400128841400146,2.3151135444641113,9.801966667175293
299,53849,,,,-2.3614964485168457,1.9688339233398438,6.960230827331543,,,
299,53899,,,,-2.331151247024536,2.1010231971740723,7.463952541351318,,,
299,53949,,,,-2.4391162395477295,1.7396920919418335,5.821083068847656,,,
299,53999,,,,-2.462362766265869,1.831034779548645,5.5176897048950195,,,
299,53999,,,,,,,-2.5107624530792236,1.5795665979385376,5.517576217651367
300,54049,,,,-2.735349416732788,1.2163221836090088,2.9428677558898926,,,
300,54099,,,,-2.5591578483581543,1.5484440326690674,4.415319919586182,,,
300,54149,,,,-1.930729627609253,2.9885993003845215,18.76681137084961,,,
300,54179,,,,,,,-2.583054542541504,1.485544204711914,4.677446365356445
301,54199,,,,-2.3000311851501465,2.040234088897705,8.018417358398438,,,
301,54249,,,,-1.9358628988265991,3.402926445007324,18.546293258666992,,,
301,54299,,,,-2.2880754470825195,2.4382333755493164,8.242225646972656,,,
301,54349,,,,-2.4614784717559814,1.8120739459991455,5.528937339782715,,,
301,54359,,,,,,,-1.9434009790420532,3.218843698501587,19.48677635192871
302,54399,,,,-2.4808237552642822,1.4876439571380615,5.288061141967773,,,
302,54449,,,,-2.5427873134613037,1.4072597026824951,4.584927082061768,,,
302,54499,,,,-2.2194881439208984,2.035585880279541,9.652323722839355,,,
302,54539,,,,,,,-2.535104513168335,1.621200680732727,5.142688751220703
303,54549,,,,-2.35318660736084,1.807767629623413,7.094691276550293,,,
303,54599,,,,-2.5155680179595947,1.8413519859313965,4.881485939025879,,,
303,54649,,,,-2.6415045261383057,1.3685003519058228,3.652712345123291,,,
303,54699,,,,-2.108868360519409,2.4963631629943848,12.45235824584961,,,
303,54719,,,,,,,-2.3932926654815674,1.9685099124908447,6.941353797912598
304,54749,,,,-2.0521979331970215,2.9426512718200684,14.188028335571289,,,
304,54799,,,,-2.617794990539551,1.2357288599014282,3.857671022415161,,,
304,54849,,,,-2.62447452545166,1.5335716009140015,3.798790454864502,,,
304,54899,,,,-2.4855663776397705,1.68294358253479,5.230625152587891,,,
304,54899,,,,,,,-2.614168167114258,1.4351004362106323,4.575758934020996
305,54949,,,,-2.2810261249542236,2.245814800262451,8.377100944519043,,,
305,54999,,,,-2.118542194366455,2.670015811920166,12.17805004119873,,,
305,55049,,,,-2.3721466064453125,1.8655930757522583,6.791623115539551,,,
305,55079,,,,,,,-2.3736541271209717,2.0328826904296875,7.239604949951172
306,55099,,,,-2.5281777381896973,1.6669940948486328,4.7417893409729,,,
306,55149,,,,-2.014650583267212,2.861961603164673,15.469261169433594,,,
306,55199,,,,-2.046621561050415,2.9392385482788086,14.371380805969238,,,
306,55249,,,,-1.5673671960830688,5.379935264587402,43.32640838623047,,,
306,55259,,,,,,,-2.1273765563964844,2.7873330116271973,12.594883918762207
307,55299,,,,-1.5435714721679688,5.153327465057373,45.76658630371094,,,
307,55349,,,,-2.308316469192505,2.0211281776428223,7.866899490356445,,,
307,55399,,,,-2.527758836746216,1.6695446968078613,4.746366500854492,,,
307,55439,,,,,,,-2.4756758213043213,1.6815598011016846,6.079914093017578
308,55449,,,,-2.284640073776245,2.332890748977661,8.307685852050781,,,
308,55499,,,,-2.5132029056549072,1.5165150165557861,4.90814208984375,,,
308,55549,,,,-2.622959613800049,1.658913016319275,3.812066078186035,,,
308,55599,,,,-2.088986396789551,1.9705381393432617,13.03568172454834,,,
308,55619,,,,,,,-2.6106162071228027,1.4022653102874756,4.456935405731201
309,55649,,,,-2.461813449859619,1.7637243270874023,5.524672508239746,,,
309,55699,,,,-2.3008248805999756,2.0109376907348633,8.00378131866455,,,
309,55749,,,,-1.812608003616333,3.727142095565796,24.6326904296875,,,
309,55799,,,,-2.595801830291748,1.56019926071167,4.058056831359863,,,
309,55799,,,,,,,-2.3013534545898438,1.8623167276382446,8.956318855285645
310,55849,,,,-1.9213957786560059,3.3641669750213623,19.17450714111328,,,
310,55899,,,,-1.4652338027954102,5.697426795959473,54.81333541870117,,,
310,55949,,,,-2.4750568866729736,1.2615318298339844,5.358746528625488,,,
310,55979,,,,,,,-2.601665496826172,1.4578218460083008,4.572290420532227
311,55999,,,,-2.3137896060943604,1.9187227487564087,7.768378257751465,,,
311,56049,,,,-2.221200704574585,2.028106689453125,9.614335060119629,,,
311,56099,,,,-2.7211503982543945,1.2793503999710083,3.040672540664673,,,
311,56149,,,,-2.423173666000366,1.9514861106872559,6.038740158081055,,,
311,56159,,,,,,,-2.477179765701294,1.7212291955947876,5.82326602935791
312,56199,,,,-2.848050117492676,1.0708128213882446,2.2702300548553467,,,
312,56249,,,,-1.9435813426971436,3.051541805267334,18.219594955444336,,,
312,56299,,,,-2.35029673576355,1.9980260133743286,7.142058372497559,,,
312,56339,,,,,,,-2.280707359313965,2.270815372467041,9.008211135864258
313,56349,,,,-2.423557758331299,1.7522189617156982,6.033403396606445,,,
313,56399,,,,-2.026660680770874,2.5591161251068115,15.047323226928711,,,
313,56449,,,,-2.422896385192871,1.7567896842956543,6.042597770690918,,,
313,56499,,,,-2.4489388465881348,1.735053539276123,5.6909027099609375,,,
313,56519,,,,,,,-2.346813440322876,2.025019645690918,7.735651969909668
314,56549,,,,-2.335712194442749,1.8645381927490234,7.385974884033203,,,
314,56599,,,,-1.8987303972244263,3.3812148571014404,20.201780319213867,,,
314,56649,,,,-3.0678648948669434,0.8713594675064087,1.3685331344604492,,,
314,56699,,,,-3.1655588150024414,0.6803266406059265,1.0928523540496826,,,
314,56699,,,,,,,-2.3510947227478027,1.9254939556121826,7.861044406890869
315,56749,,,,-2.3054656982421875,1.873241662979126,7.918705940246582,,,
315,56799,,,,-2.8314836025238037,1.1390726566314697,2.358503580093384,,,
315,56849,,,,-2.185941696166992,2.67138409614563,10.427454948425293,,,
315,56879,,,,,,,-2.2743208408355713,2.2542483806610107,8.879484176635742
316,56899,,,,-2.461212635040283,1.8078491687774658,5.532322883605957,,,
316,56949,,,,-2.3796589374542236,1.638380527496338,6.675148010253906,,,
316,56999,,,,-2.480283260345459,1.707291841506958,5.294643402099609,,,
316,57049,,,,-2.311823606491089,1.6932060718536377,7.803624153137207,,,
316,57059,,,,,,,-2.3231201171875,1.99400794506073,8.290430068969727
317,57099,,,,-2.3163912296295166,2.317190647125244,7.721982002258301,,,
317,57149,,,,-2.730414628982544,1.4595680236816406,2.9764952659606934,,,
317,57199,,,,-2.447160482406616,1.6456141471862793,5.714254379272461,,,
317,57239,,,,,,,-2.4306225776672363,1.6792643070220947,6.603396892547607
318,57249,,,,-2.4140775203704834,1.8286168575286865,6.16655158996582,,,
318,57299,,,,-2.4053385257720947,2.2001523971557617,6.291896820068359,,,
318,57349,,,,-2.5862655639648438,1.460620641708374,4.148150444030762,,,
318,57399,,,,-2.1099154949188232,2.5008773803710938,12.422372817993164,,,
318,57419,,,,,,,-2.417970657348633,1.9361348152160645,6.492312431335449
319,57449,,,,-2.313901662826538,2.3375492095947266,7.766379356384277,,,
319,57499,,,,-2.417351245880127,1.4038053750991821,6.120244026184082,,,
319,57549,,,,-2.364161491394043,1.989244818687439,6.917651653289795,,,
319,57599,,,,-2.223386526107788,2.1222896575927734,9.566068649291992,,,
319,57599,,,,,,,-2.482522487640381,1.6600072383880615,5.83748722076416
320,57649,,,,-3.0896689891815186,0.8091574907302856,1.3015203475952148,,,
320,57699,,,,-2.3747737407684326,1.6472710371017456,6.750658988952637,,,
320,57749,,,,-2.530069351196289,1.6629831790924072,4.7211833000183105,,,
320,57779,,,,,,,-2.499591588973999,1.5828899145126343,5.58717155456543
321,57799,,,,-2.1388416290283203,2.545597553253174,11.621932029724121,,,
321,57849,,,,-2.6784827709198,1.3621082305908203,3.354574203491211,,,
321,57899,,,,-2.768568754196167,1.188671588897705,2.7261605262756348,,,
321,57949,,,,-2.451836347579956,2.0514578819274902,5.653061866760254,,,
321,57959,,,,,,,-2.3749728202819824,1.859498381614685,7.440647125244141
322,57999,,,,-1.8591228723526,3.364083766937256,22.130809783935547,,,
322,58049,,,,-2.5523247718811035,1.755284070968628,4.48533821105957,,,
322,58099,,,,-2.79355525970459,1.0502898693084717,2.5737404823303223,,,
322,58139,,,,,,,-2.4329516887664795,1.8436449766159058,6.575178146362305
323,58149,,,,-2.348552703857422,1.790401816368103,7.170794486999512,,,
323,58199,,,,-2.6753318309783936,1.3589591979980469,3.3790011405944824,,,
323,58249,,,,-2.9160349369049072,1.0514228343963623,1.9412662982940674,,,
323,58299,,,,-2.3492679595947266,1.9225337505340576,7.158995628356934,,,
323,58319,,,,,,,-2.2356925010681152,2.3037421703338623,10.118427276611328
324,58349,,,,-2.1222281455993652,1.7711553573608398,12.075132369995117,,,
324,58399,,,,-2.610731601715088,1.5436688661575317,3.920924425125122,,,
324,58449,,,,-1.9768145084381104,2.6855108737945557,16.87740135192871,,,
324,58499,,,,-2.298948049545288,1.9055300951004028,8.038446426391602,,,
324,58499,,,,,,,-2.592571258544922,1.4390181303024292,4.60628080368042
325,58549,,,,-2.4466445446014404,1.7657244205474854,5.721047401428223,,,
325,58599,,,,-2.3622512817382812,1.9443700313568115,6.948144912719727,,,
325,58649,,,,-2.095555067062378,2.10725736618042,12.839996337890625,,,
325,58679,,,,,,,-2.5778727531433105,1.4802050590515137,4.836577892303467
326,58699,,,,-2.1760802268981934,2.4162065982818604,10.66694450378418,,,
326,58749,,,,-2.440764904022217,1.978317141532898,5.799028396606445,,,
326,58799,,,,-2.3904812335968018,1.6462934017181396,6.510867118835449,,,
326,58849,,,,-2.578791856765747,1.5104221105575562,4.220151901245117,,,
326,58859,,,,,,,-2.178943157196045,2.478546142578125,11.46920394897461
327,58899,,,,-2.5603432655334473,1.694991111755371,4.403285026550293,,,
327,58949,,,,-2.0015909671783447,3.3444674015045166,15.941495895385742,,,
327,58999,,,,-2.3579936027526855,1.2130250930786133,7.016596794128418,,,
327,59039,,,,,,,-2.6111767292022705,1.4015653133392334,4.378610610961914
328,59049,,,,-2.2125353813171387,2.4253876209259033,9.808094024658203,,,
328,59099,,,,-2.087188720703125,2.082864761352539,13.089747428894043,,,
328,59149,,,,-2.2422280311584473,1.3993995189666748,9.159923553466797,,,
328,59199,,,,-2.8625123500823975,1.0940731763839722,2.195875406265259,,,
328,59219,,,,,,,-2.237126111984253,2.1822195053100586,9.99936580657959
329,59249,,,,-2.712080717086792,1.2340141534805298,3.1048407554626465,,,
329,59299,,,,-2.655988931655884,1.3846516609191895,3.532898426055908,,,
329,59349,,,,-2.978907585144043,1.086417317390442,1.6796252727508545,,,
329,59399,,,,-2.2840099334716797,1.849337100982666,8.319743156433105,,,
329,59399,,,,,,,-2.6668949127197266,1.2717413902282715,4.011191368103027
330,59449,,,,-1.8356380462646484,3.6076722145080566,23.36049461364746,,,
330,59499,,,,-3.122469663619995,0.8260194063186646,1.2068419456481934,,,
330,59549,,,,-2.5654361248016357,1.3436822891235352,4.351950645446777,,,
330,59579,,,,,,,-2.210688591003418,2.3602049350738525,10.643152236938477
331,59599,,,,-2.716099262237549,1.3341820240020752,3.076242446899414,,,
331,59649,,,,-2.198193311691284,2.2943716049194336,10.137401580810547,,,
331,59699,,,,-2.7376015186309814,1.1126389503479004,2.927644968032837,,,
331,59749,,,,-2.9014928340911865,1.097733974456787,2.007368564605713,,,
331,59759,,,,,,,-2.662968873977661,1.278103232383728,4.138077259063721
332,59799,,,,-2.565506935119629,1.6031484603881836,4.351239204406738,,,
332,59849,,,,-2.568173885345459,1.651094675064087,4.324603080749512,,,
332,59899,,,,-2.330522060394287,1.9001022577285767,7.4747724533081055,,,
332,59939,,,,,,,-2.396524667739868,1.8891255855560303,6.902623653411865
333,59949,,,,-2.5416712760925293,1.5107406377792358,4.596728801727295,,,
333,59999,,,,-2.329883337020874,2.392446756362915,7.485772609710693,,,
333,60049,,,,-2.602555751800537,1.2066962718963623,3.9954373836517334,,,
333,60099,,,,-2.249227285385132,1.838062047958374,9.013484001159668,,,
333,60119,,,,,,,-2.5731496810913086,1.3871550559997559,5.083280086517334
334,60149,,,,-2.3388609886169434,2.232445240020752,7.332614898681641,,,
334,60199,,,,-2.3561501502990723,1.727571964263916,7.0464396476745605,,,
334,60249,,,,-2.3527920246124268,2.1242828369140625,7.101136684417725,,,
334,60299,,,,-2.4086456298828125,1.711621642112732,6.244166374206543,,,
334,60299,,,,,,,-2.319533348083496,2.1222341060638428,8.195575714111328
335,60349,,,,-2.555393695831299,1.4574055671691895,4.453756332397461,,,
335,60399,,,,-2.2484676837921143,2.0817975997924805,9.029264450073242,,,
335,60449,,,,-3.0639524459838867,0.8616962432861328,1.3809173107147217,,,
335,60479,,,,,,,-2.1360108852386475,2.387981653213501,12.972060203552246
336,60499,,,,-2.3176498413085938,2.012390613555908,7.699633598327637,,,
336,60549,,,,-2.0798287391662598,2.923609733581543,13.31347370147705,,,
336,60599,,,,-2.5476362705230713,1.5326052904129028,4.534022331237793,,,
336,60649,,,,-2.486912488937378,1.4351085424423218,5.214439392089844,,,
336,60659,,,,,,,-2.288865566253662,2.350052833557129,8.62299633026123
337,60699,,,,-2.3037145137786865,1.7860466241836548,7.950704097747803,,,
337,60749,,,,-2.5398268699645996,1.4755803346633911,4.616291046142578,,,
337,60799,,,,-2.360748529434204,2.385866641998291,6.972227096557617,,,
337,60839,,,,,,,-2.6133198738098145,1.3474195003509521,4.435263633728027
338,60849,,,,-2.705413341522217,1.4251148700714111,3.1528737545013428,,,
338,60899,,,,-2.719881534576416,1.1951531171798706,3.0495681762695312,,,
338,60949,,,,-2.363973617553711,2.1880617141723633,6.920642852783203,,,
338,60999,,,,-2.431601047515869,1.4160239696502686,5.922689437866211,,,
338,61019,,,,,,,-2.347658395767212,1.8462928533554077,8.032303810119629
339,61049,,,,-2.5375354290008545,1.8916354179382324,4.640710830688477,,,
339,61099,,,,-2.197843313217163,2.657905101776123,10.145576477050781,,,
339,61149,,,,-2.2839574813842773,2.263421058654785,8.320751190185547,,,
339,61199,,,,-2.2536909580230713,1.9570081233978271,8.921317100524902,,,
339,61199,,,,,,,-2.230390787124634,2.0270447731018066,10.459927558898926
340,61249,,,,-2.2169060707092285,2.2939090728759766,9.709882736206055,,,
340,61299,,,,-1.7814046144485474,4.482852935791016,26.467655181884766,,,
340,61349,,,,-2.557711362838745,1.6786861419677734,4.430049419403076,,,
340,61379,,,,,,,-2.651892900466919,1.3727446794509888,4.169320583343506
341,61399,,,,-2.0272767543792725,2.9402177333831787,15.025999069213867,,,
341,61449,,,,-2.048701286315918,2.583627939224243,14.302720069885254,,,
341,61499,,,,-2.2388463020324707,2.0595967769622803,9.231531143188477,,,
341,61549,,,,-2.4073712825775146,1.751407265663147,6.262515068054199,,,
341,61559,,,,,,,-2.3958094120025635,1.700284719467163,7.2036566734313965
342,61599,,,,-2.670863628387451,1.480435848236084,3.4139435291290283,,,
342,61649,,,,-2.513803482055664,1.6950922012329102,4.901361465454102,,,
342,61699,,,,-2.5188090801239014,1.6434175968170166,4.845191478729248,,,
342,61739,,,,,,,-2.2776379585266113,1.9950425624847412,9.181523323059082
343,61749,,,,-2.453169107437134,1.7580411434173584,5.635738849639893,,,
343,61799,,,,-2.341017484664917,2.0380566120147705,7.296297073364258,,,
343,61849,,,,-1.820168375968933,3.596259117126465,24.207592010498047,,,
343,61899,,,,-2.4439926147460938,1.4741089344024658,5.756086349487305,,,
343,61919,,,,,,,-2.2116684913635254,2.450561285018921,10.369786262512207
344,61949,,,,-2.657588481903076,1.2551424503326416,3.519911527633667,,,
344,61999,,,,-2.260897397994995,2.0493619441986084,8.774507522583008,,,
344,62049,,,,-2.5439224243164062,1.7563304901123047,4.572963237762451,,,
344,62099,,,,-1.9970999956130981,2.9456639289855957,16.10719871520996,,,
344,62099,,,,,,,-2.5138368606567383,1.649930477142334,5.393621444702148
345,62149,,,,-2.594438314437866,1.3089375495910645,4.070819854736328,,,
345,62199,,,,-2.6179051399230957,1.5696622133255005,3.8566908836364746,,,
345,62249,,,,-2.6407630443573,1.4181318283081055,3.6589527130126953,,,
345,62279,,,,,,,-2.0393588542938232,2.933894157409668,15.719403266906738
346,62299,,,,-2.075838804244995,2.6467409133911133,13.436347961425781,,,
346,62349,,,,-2.9508299827575684,1.0136163234710693,1.791803002357483,,,
346,62399,,,,-2.4777956008911133,1.6306684017181396,5.325058937072754,,,
346,62449,,,,-2.3328919410705566,2.0085363388061523,7.4340901374816895,,,
346,62459,,,,,,,-2.7417497634887695,1.09310781955719,3.4759621620178223
347,62499,,,,-2.3978145122528076,1.690787434577942,6.401852130889893,,,
347,62549,,,,-2.8780357837677,1.156091332435608,2.118771553039551,,,
347,62599,,,,-2.719839334487915,1.4426937103271484,3.0498647689819336,,,
347,62639,,,,,,,-2.311602830886841,2.1327054500579834,8.448741912841797
348,62649,,,,-2.5259900093078613,1.6768757104873657,4.765736103057861,,,
348,62699,,,,-2.628647565841675,1.1948609352111816,3.7624664306640625,,,
348,62749,,,,-2.225593328475952,2.1627557277679443,9.517583847045898,,,
348,62799,,,,-2.869208812713623,1.0132957696914673,2.1622753143310547,,,
348,62819,,,,,,,-2.4675819873809814,1.6701858043670654,5.882577419281006
349,62849,,,,-2.188342332839966,1.9671738147735596,10.369975090026855,,,
349,62899,,,,-1.7835869789123535,3.644716501235962,26.334983825683594,,,
349,62949,,,,-2.4348385334014893,1.8411715030670166,5.8787007331848145,,,
349,62999,,,,-2.4682507514953613,1.4290788173675537,5.44338846206665,,,
349,62999,,,,,,,-2.5785670280456543,1.54940664768219,4.6687235832214355
350,63049,,,,-2.0186219215393066,2.247835636138916,15.328446388244629,,,
350,63099,,,,-2.6438097953796387,1.2534610033035278,3.6333746910095215,,,
350,63149,,,,-2.294961452484131,2.2807693481445312,8.112571716308594,,,
350,63179,,,,,,,-2.5749852657318115,1.4809041023254395,4.669823169708252
351,63199,,,,-2.086031675338745,2.8628578186035156,13.12466812133789,,,
351,63249,,,,-2.571512222290039,1.3228631019592285,4.291488170623779,,,
351,63299,,,,-2.730010747909546,1.0636017322540283,2.9792675971984863,,,
351,63349,,,,-2.9034605026245117,0.9553911685943604,1.9982945919036865,,,
351,63359,,,,,,,-2.4148964881896973,1.6441638469696045,6.851088523864746
352,63399,,,,-2.6685683727264404,1.1858868598937988,3.4320366382598877,,,
352,63449,,,,-1.8741858005523682,3.410710334777832,21.376380920410156,,,
352,63499,,,,-2.6554815769195557,1.1819565296173096,3.537024736404419,,,
352,63539,,,,,,,-2.5688343048095703,1.392074465751648,4.932788848876953
353,63549,,,,-3.113295555114746,0.8483626246452332,1.2326061725616455,,,
353,63599,,,,-1.733960509300232,4.194044589996338,29.52292823791504,,,
353,63649,,,,-2.546049118041992,1.6066721677780151,4.550625324249268,,,
353,63699,,,,-2.7450520992279053,1.1207728385925293,2.877847671508789,,,
353,63719,,,,,,,-2.3672633171081543,1.8037384748458862,7.666730880737305
354,63749,,,,-2.0302135944366455,2.71671462059021,14.924724578857422,,,
354,63799,,,,-2.2633090019226074,2.694587230682373,8.725914001464844,,,
354,63849,,,,-2.311119318008423,2.1781258583068848,7.81628942489624,,,
354,63899,,,,-2.526031732559204,1.4924476146697998,4.765280246734619,,,
354,63899,,,,,,,-2.4785587787628174,1.5621800422668457,5.923147201538086
355,63949,,,,-2.37542724609375,1.8657939434051514,6.7405104637146,,,
355,63999,,,,-2.641786575317383,1.528036117553711,3.650341510772705,,,
355,64049,,,,-2.579413890838623,1.779869794845581,4.214112281799316,,,
355,64079,,,,,,,-2.518523693084717,1.545616865158081,5.378266334533691
356,64099,,,,-2.0824577808380127,2.5557501316070557,13.233114242553711,,,
356,64149,,,,-2.314077377319336,1.748248815536499,7.763233661651611,,,
356,64199,,,,-2.0138022899627686,2.6010262966156006,15.499504089355469,,,
356,64249,,,,-2.260268211364746,2.1718990802764893,8.78722858428955,,,
356,64259,,,,,,,-2.4652388095855713,1.6402175426483154,6.034023284912109
357,64299,,,,-2.7694921493530273,1.1836357116699219,2.7203688621520996,,,
357,64349,,,,-2.568427801132202,1.6642892360687256,4.322072982788086,,,
357,64399,,,,-2.5362603664398193,1.7042701244354248,4.654354572296143,,,
357,64439,,,,,,,-2.3618710041046143,1.9934550523757935,7.407098770141602
358,64449,,,,-2.7056171894073486,1.3071608543395996,3.1513962745666504,,,
358,64499,,,,-2.1411380767822266,1.624184489250183,11.56064510345459,,,
358,64549,,,,-2.841002941131592,1.287428855895996,2.3073689937591553,,,
358,64599,,,,-2.5398752689361572,1.540234088897705,4.615777015686035,,,
358,64619,,,,,,,-2.390896797180176,1.9788492918014526,6.925782680511475
359,64649,,,,-2.2227954864501953,2.0944080352783203,9.579095840454102,,,
359,64699,,,,-2.9182045459747314,1.0627495050430298,1.931592583656311,,,
359,64749,,,,-2.7443900108337402,1.3091723918914795,2.882239580154419,,,
359,64799,,,,-2.7099769115448,1.3236870765686035,3.119915008544922,,,
359,64799,,,,,,,-2.6599342823028564,1.2564162015914917,4.039989471435547
360,64849,,,,-2.9698617458343506,0.8998107314109802,1.714977502822876,,,
360,64899,,,,-2.0064024925231934,3.277038812637329,15.765849113464355,,,
360,64949,,,,-2.729593515396118,1.2331631183624268,2.9821293354034424,,,
360,64979,,,,,,,-1.8868889808654785,3.3576064109802246,22.31722068786621
361,64999,,,,-2.231506824493408,2.648097038269043,9.388869285583496,,,
361,65049,,,,-2.1436030864715576,2.2246456146240234,11.495213508605957,,,
361,65099,,,,-2.1838903427124023,2.2824389934539795,10.476826667785645,,,
361,65149,,,,-2.142518997192383,2.6427340507507324,11.523944854736328,,,
361,65159,,,,,,,-2.3792459964752197,1.9235787391662598,7.175087928771973
362,65199,,,,-2.558577537536621,1.6876296997070312,4.421222686767578,,,
362,65249,,,,-2.6732966899871826,1.145764946937561,3.3948731422424316,,,
362,65299,,,,-1.9554353952407837,3.0515801906585693,17.729019165039062,,,
362,65339,,,,,,,-2.6318511962890625,1.3191355466842651,4.272706508636475
363,65349,,,,-2.5548255443573,1.645209550857544,4.4595842361450195,,,
363,65399,,,,-2.5271644592285156,1.5687220096588135,4.752864360809326,,,
363,65449,,,,-2.766105890274048,1.3272554874420166,2.7416653633117676,,,
363,65499,,,,-2.540848731994629,1.4593526124954224,4.605443954467773,,,
363,65519,,,,,,,-2.6794822216033936,1.3101857900619507,3.8807318210601807
364,65549,,,,-3.2126665115356445,0.800275444984436,0.9805136322975159,,,
364,65599,,,,-2.6474008560180664,1.4024927616119385,3.6034555435180664,,,
364,65649,,,,-2.8413546085357666,1.113337516784668,2.3055028915405273,,,
364,65699,,,,-1.999853253364563,2.8724262714385986,16.00540542602539,,,
364,65699,,,,,,,-2.1751883029937744,2.250171184539795,11.456192016601562
365,65749,,,,-2.58042573928833,1.6263115406036377,4.204307556152344,,,
365,65799,,,,-2.7945268154144287,1.075528860092163,2.567990303039551,,,
365,65849,,,,-3.0340747833251953,0.9409322142601013,1.4792628288269043,,,
365,65879,,,,,,,-2.362940549850464,1.7009813785552979,7.835378646850586
366,65899,,,,-2.0298023223876953,2.76992130279541,14.938867568969727,,,
366,65949,,,,-2.90348482131958,1.0580732822418213,1.9981826543807983,,,
366,65999,,,,-2.424929618835449,1.7748174667358398,6.014371871948242,,,
366,66049,,,,-2.100391149520874,2.629326105117798,12.697807312011719,,,
366,66059,,,,,,,-2.1295881271362305,2.5223236083984375,12.937929153442383
367,66099,,,,-2.3017375469207764,2.177311897277832,7.986980438232422,,,
367,66149,,,,-2.8658766746520996,1.2035176753997803,2.1789302825927734,,,
367,66199,,,,-2.1671335697174072,2.1092047691345215,10.888961791992188,,,
367,66239,,,,,,,-2.351212978363037,1.8432167768478394,7.8847784996032715
368,66249,,,,-2.8099405765533447,1.224332571029663,2.4784464836120605,,,
368,66299,,,,-2.4581871032714844,1.403612494468689,5.570996284484863,,,
368,66349,,,,-2.547793388366699,1.2938874959945679,4.532384872436523,,,
368,66399,,,,-2.2798962593078613,2.140996217727661,8.398930549621582,,,
368,66419,,,,,,,-2.486661195755005,1.737498164176941,5.773845195770264
369,66449,,,,-2.5476067066192627,1.6944522857666016,4.534332275390625,,,
369,66499,,,,-2.9066274166107178,1.0570557117462158,1.983776330947876,,,
369,66549,,,,-2.2126200199127197,2.4319334030151367,9.806185722351074,,,
369,66599,,,,-2.1818816661834717,2.2685933113098145,10.525391578674316,,,
369,66599,,,,,,,-2.2610321044921875,2.2494540214538574,9.558188438415527
370,66649,,,,-2.8548293113708496,1.0882141590118408,2.2350683212280273,,,
370,66699,,,,-2.636580467224121,1.2662959098815918,3.6943607330322266,,,
370,66749,,,,-2.700347900390625,1.2846298217773438,3.189864158630371,,,
370,66779,,,,,,,-2.4396135807037354,1.6552025079727173,6.491985321044922
371,66799,,,,-2.395583152770996,1.8594846725463867,6.434826374053955,,,
371,66849,,,,-2.4135406017303467,1.2931318283081055,6.174179553985596,,,
371,66899,,,,-2.791072368621826,1.1317977905273438,2.588496685028076,,,
371,66949,,,,-2.958916664123535,0.8408716917037964,1.7587465047836304,,,
371,66959,,,,,,,-2.298588275909424,2.2343339920043945,8.716642379760742
372,66999,,,,-2.226121425628662,2.410078525543213,9.50601577758789,,,
372,67049,,,,-2.9298202991485596,0.893646776676178,1.8806145191192627,,,
372,67099,,,,-2.296032190322876,1.7614294290542603,8.092596054077148,,,
372,67139,,,,,,,-2.7509050369262695,1.1807466745376587,3.444377899169922
373,67149,,,,-2.9850869178771973,0.9346680641174316,1.6558959484100342,,,
373,67199,,,,-3.1965670585632324,0.6710979342460632,1.017543911933899,,,
373,67249,,,,-2.3114006519317627,1.7878443002700806,7.811227798461914,,,
373,67299,,,,-2.41705584526062,1.7661312818527222,6.1244096755981445,,,
373,67319,,,,,,,-1.9338953495025635,2.8268909454345703,21.204124450683594
374,67349,,,,-2.361948013305664,2.202536106109619,6.952995300292969,,,
374,67399,,,,-2.2328453063964844,2.036428689956665,9.359978675842285,,,
374,67449,,,,-1.9819904565811157,2.8101675510406494,16.677444458007812,,,
374,67499,,,,-2.792012929916382,1.2154154777526855,2.5828967094421387,,,
374,67499,,,,,,,-2.232017755508423,2.194519519805908,10.057271957397461
375,67549,,,,-2.754591464996338,1.0005848407745361,2.8153250217437744,,,
375,67599,,,,-3.0108120441436768,0.963735044002533,1.5606591701507568,,,
375,67649,,,,-2.6945443153381348,1.3066425323486328,3.2327768802642822,,,
375,67679,,,,,,,-2.465716600418091,1.6356298923492432,6.057122230529785
376,67699,,,,-2.9335532188415527,0.8703597784042358,1.8645195960998535,,,
376,67749,,,,-3.2044594287872314,0.8297094702720642,0.999219536781311,,,
376,67799,,,,-2.964467763900757,0.9650323987007141,1.736409068107605,,,
376,67849,,,,-2.2901296615600586,1.8044397830963135,8.203336715698242,,,
376,67859,,,,,,,-2.261369466781616,2.1620144844055176,9.501052856445312
377,67899,,,,-2.354238510131836,2.3089070320129395,7.0775251388549805,,,
377,67949,,,,-2.6012392044067383,1.2439179420471191,4.007568359375,,,
377,67999,,,,-1.9860386848449707,3.190354347229004,16.522716522216797,,,
377,68039,,,,,,,-2.5328738689422607,1.600472092628479,5.121728420257568
378,68049,,,,-2.6258392333984375,1.4311237335205078,3.786871910095215,,,
378,68099,,,,-2.235759973526001,2.1627392768859863,9.297371864318848,,,
378,68149,,,,-2.543935537338257,1.6438958644866943,4.572824954986572,,,
378,68199,,,,-1.762987732887268,3.718686580657959,27.614200592041016,,,
378,68219,,,,,,,-2.466430902481079,1.6504846811294556,6.277649879455566
379,68249,,,,-2.342905044555664,1.915299892425537,7.264654636383057,,,
379,68299,,,,-2.2424468994140625,1.491849660873413,9.155316352844238,,,
379,68349,,,,-1.6457138061523438,4.786864280700684,36.1748046875,,,
379,68399,,,,-1.9465153217315674,2.875372886657715,18.096921920776367,,,
379,68399,,,,,,,-2.559772491455078,1.4972937107086182,5.008751392364502
380,68449,,,,-2.571570873260498,1.36006760597229,4.290907859802246,,,
380,68499,,,,-2.528409004211426,1.6224027872085571,4.739264488220215,,,
380,68549,,,,-2.0784850120544434,2.734877109527588,13.35472297668457,,,
380,68579,,,,,,,-2.7165367603302,1.2177915573120117,3.629970073699951
381,68599,,,,-2.4160828590393066,1.432450532913208,6.138144493103027,,,
381,68649,,,,-2.6380083560943604,1.1940677165985107,3.6822361946105957,,,
381,68699,,,,-2.5611696243286133,1.4435969591140747,4.394914627075195,,,
381,68749,,,,-2.491612672805786,1.3829338550567627,5.158308982849121,,,
381,68759,,,,,,,-2.676842451095581,1.2319116592407227,3.9328386783599854
382,68799,,,,-2.5470898151397705,1.7004384994506836,4.539731025695801,,,
382,68849,,,,-2.7438762187957764,1.240699052810669,2.885650157928467,,,
382,68899,,,,-2.260697364807129,1.8445202112197876,8.778549194335938,,,
382,68939,,,,,,,-2.7501933574676514,1.1500558853149414,3.3961875438690186
383,68949,,,,-2.1333868503570557,2.3722946643829346,11.76882553100586,,,
383,68999,,,,-2.539418935775757,1.4596067667007446,4.620630264282227,,,
383,69049,,,,-2.227975606918335,1.9197388887405396,9.465520858764648,,,
383,69099,,,,-2.3852944374084473,1.6140623092651367,6.58909273147583,,,
383,69119,,,,,,,-2.6872711181640625,1.2015674114227295,3.831425428390503
384,69149,,,,-3.132662296295166,0.85738605260849,1.178846836090088,,,
384,69199,,,,-2.6453659534454346,1.3442840576171875,3.6203789710998535,,,
384,69249,,,,-2.600595712661743,1.6026065349578857,4.013510227203369,,,
384,69299,,,,-3.064793825149536,0.9078156352043152,1.3782447576522827,,,
384,69299,,,,,,,-2.6731884479522705,1.253335952758789,4.06984281539917
385,69349,,,,-2.491199016571045,1.655346393585205,5.163227081298828,,,
385,69399,,,,-2.7071752548217773,1.3115575313568115,3.1401076316833496,,,
385,69449,,,,-2.6335737705230713,1.4121246337890625,3.72002911567688,,,
385,69479,,,,,,,-2.5663387775421143,1.6112477779388428,4.8004841804504395
386,69499,,,,-2.6233038902282715,1.219555139541626,3.8090431690216064,,,
386,69549,,,,-2.364515781402588,1.8882184028625488,6.912010669708252,,,
386,69599,,,,-2.649369239807129,1.534600019454956,3.587160110473633,,,
386,69649,,,,-2.808793783187866,1.1785099506378174,2.4850006103515625,,,
386,69659,,,,,,,-2.7492754459381104,1.15315580368042,3.404578447341919
387,69699,,,,-2.565296173095703,1.4014885425567627,4.3533525466918945,,,
387,69749,,,,-2.427147626876831,1.8713219165802002,5.983736038208008,,,
387,69799,,,,-2.1898000240325928,2.404193878173828,10.335224151611328,,,
387,69839,,,,,,,-2.772867441177368,1.0873973369598389,3.357896089553833
388,69849,,,,-2.2567334175109863,1.6797256469726562,8.859038352966309,,,
388,69899,,,,-2.8498451709747314,1.2564113140106201,2.2608656883239746,,,
388,69949,,,,-2.987412452697754,0.90837162733078,1.6470531225204468,,,
388,69999,,,,-2.739423990249634,1.1503608226776123,2.9153854846954346,,,
388,70019,,,,,,,-2.299837589263916,2.12573504447937,8.685410499572754
389,70049,,,,-2.913052558898926,0.8740673661231995,1.95464289188385,,,
389,70099,,,,-2.578052043914795,1.4944853782653809,4.227349281311035,,,
389,70149,,,,-2.600419282913208,1.229874849319458,4.015139579772949,,,
389,70199,,,,-2.4495458602905273,1.881260871887207,5.682954788208008,,,
389,70199,,,,,,,-2.3352982997894287,2.0478837490081787,8.016068458557129
390,70249,,,,-3.0234947204589844,0.950326681137085,1.515742301940918,,,
390,70299,,,,-2.582393169403076,1.2438032627105713,4.185302734375,,,
390,70349,,,,-2.678468704223633,1.4038965702056885,3.354682445526123,,,
390,70379,,,,,,,-1.8415817022323608,3.5822157859802246,24.926027297973633
391,70399,,,,-1.9308745861053467,3.0045807361602783,18.760547637939453,,,
391,70449,,,,-2.247847557067871,2.208054304122925,9.042169570922852,,,
391,70499,,,,-2.2218406200408936,2.2935280799865723,9.60018253326416,,,
391,70549,,,,-2.684879779815674,1.5736756324768066,3.3055226802825928,,,
391,70559,,,,,,,-2.2521491050720215,2.0720064640045166,9.847247123718262
392,70599,,,,-2.2935640811920166,1.938030481338501,8.138715744018555,,,
392,70649,,,,-2.769777297973633,1.2339835166931152,2.718583106994629,,,
392,70699,,,,-2.7637693881988525,1.2466493844985962,2.756455183029175,,,
392,70739,,,,,,,-2.605963945388794,1.351782202720642,4.522397994995117
393,70749,,,,-2.9516115188598633,1.1480919122695923,1.7885801792144775,,,
393,70799,,,,-2.5991296768188477,1.2963511943817139,4.027081489562988,,,
393,70849,,,,-2.586202383041382,1.8297184705734253,4.148754119873047,,,
393,70899,,,,-2.2145891189575195,2.2599761486053467,9.761823654174805,,,
393,70919,,,,,,,-2.7715342044830322,1.0713169574737549,3.23297119140625
394,70949,,,,-2.906179904937744,1.061633825302124,1.9858216047286987,,,
394,70999,,,,-3.106177568435669,0.7773728966712952,1.2529747486114502,,,
394,71049,,,,-2.0765655040740967,2.3894171714782715,13.41387939453125,,,
394,71099,,,,-2.8966760635375977,1.0016627311706543,2.029757022857666,,,
394,71099,,,,,,,-2.7487189769744873,1.1254427433013916,3.3433709144592285
395,71149,,,,-2.778391122817993,1.123326063156128,2.665194511413574,,,
395,71199,,,,-2.5849547386169434,1.471581220626831,4.160689353942871,,,
395,71249,,,,-2.235098361968994,2.3004231452941895,9.311545372009277,,,
395,71279,,,,,,,-2.3604888916015625,1.84429132938385,7.69459342956543
396,71299,,,,-2.55233097076416,1.351139783859253,4.485275745391846,,,
396,71349,,,,-2.600201368331909,1.4561610221862793,4.017155170440674,,,
396,71399,,,,-2.649348258972168,1.1420806646347046,3.5873312950134277,,,
396,71449,,,,-1.9411505460739136,3.2358176708221436,18.321857452392578,,,
396,71459,,,,,,,-2.0843167304992676,2.8229825496673584,14.068648338317871
397,71499,,,,-2.806978702545166,1.161860704421997,2.495405912399292,,,
397,71549,,,,-2.751112461090088,1.103532075881958,2.8379673957824707,,,
397,71599,,,,-2.7386410236358643,1.2753427028656006,2.9206457138061523,,,
397,71639,,,,,,,-2.5062572956085205,1.5997754335403442,5.510100364685059
398,71649,,,,-2.8780593872070312,1.1669648885726929,2.1186561584472656,,,
398,71699,,,,-2.323988437652588,1.8934054374694824,7.588073253631592,,,
398,71749,,,,-2.5665533542633057,1.5300071239471436,4.3407697677612305,,,
398,71799,,,,-2.726841449737549,1.2490143775939941,3.001087188720703,,,
398,71819,,,,,,,-2.7001984119415283,1.2905058860778809,3.716902494430542
399,71849,,,,-2.984575033187866,0.9436880946159363,1.6578495502471924,,,
399,71899,,,,-2.43373703956604,1.7924748659133911,5.893630027770996,,,
399,71949,,,,-2.8922035694122314,1.0795083045959473,2.050767421722412,,,
399,71999,,,,-2.614074230194092,1.4266690015792847,3.8908610343933105,,,
399,71999,,,,,,,-2.521716594696045,1.5237001180648804,5.429000377655029
400,72049,,,,-1.894710659980774,2.9351160526275635,20.38963508605957,,,
400,72099,,,,-2.6792593002319336,1.3857309818267822,3.3485803604125977,,,
400,72149,,,,-2.1536622047424316,2.444176435470581,11.232016563415527,,,
400,72179,,,,,,,-2.439046621322632,1.7390497922897339,6.6130852699279785
401,72199,,,,-2.4156174659729004,1.5549647808074951,6.144726753234863,,,
401,72249,,,,-2.6544816493988037,1.2317795753479004,3.5451815128326416,,,
401,72299,,,,-2.365696430206299,2.187079429626465,6.893243312835693,,,
401,72349,,,,-2.961512565612793,0.9903773665428162,1.7482645511627197,,,
401,72359,,,,,,,-2.6318466663360596,1.361937165260315,4.200068950653076
402,72399,,,,-2.444270133972168,1.657427430152893,5.752409934997559,,,
402,72449,,,,-3.0107572078704834,0.8640132546424866,1.5608563423156738,,,
402,72499,,,,-2.648590087890625,1.2908828258514404,3.593602180480957,,,
402,72539,,,,,,,-2.1782867908477783,2.3897194862365723,11.437270164489746
403,72549,,,,-2.67560076713562,1.4172377586364746,3.37690806388855,,,
403,72599,,,,-2.6652297973632812,1.5528836250305176,3.45851993560791,,,
403,72649,,,,-2.786628484725952,1.0862478017807007,2.6151208877563477,,,
403,72699,,,,-2.4136545658111572,1.5047615766525269,6.172562122344971,,,
403,72719,,,,,,,-2.6366212368011475,1.3318904638290405,4.538879871368408
404,72749,,,,-2.668586492538452,1.4326820373535156,3.4318912029266357,,,
404,72799,,,,-2.334501028060913,2.2449088096618652,7.406602382659912,,,
404,72849,,,,-2.122069835662842,2.6309871673583984,12.0795316696167,,,
404,72899,,,,-3.1227786540985107,0.8794679641723633,1.2059824466705322,,,
404,72899,,,,,,,-2.713071823120117,1.176050066947937,3.6695103645324707
405,72949,,,,-3.1417298316955566,0.8196654915809631,1.1544888019561768,,,
405,72999,,,,-2.2350223064422607,2.023074150085449,9.313175201416016,,,
405,73049,,,,-2.4584176540374756,1.9391670227050781,5.56804084777832,,,
405,73079,,,,,,,-2.3174331188201904,2.0240461826324463,8.365767478942871
406,73099,,,,-1.87783944606781,3.041091203689575,21.197307586669922,,,
406,73149,,,,-2.074758768081665,2.3879899978637695,13.469804763793945,,,
406,73199,,,,-2.3772730827331543,2.024172067642212,6.711920738220215,,,
406,73249,,,,-3.0516421794891357,0.9007090926170349,1.4206204414367676,,,
406,73259,,,,,,,-2.3727059364318848,1.9182910919189453,7.39257287979126
407,73299,,,,-2.1855337619781494,2.2131001949310303,10.437256813049316,,,
407,73349,,,,-2.9610207080841064,1.044263482093811,1.7502466440200806,,,
407,73399,,,,-2.71038818359375,1.439542293548584,3.1169652938842773,,,
407,73439,,,,,,,-2.316063404083252,1.930230975151062,8.364293098449707
408,73449,,,,-2.4783668518066406,1.343169927597046,5.318061828613281,,,
408,73499,,,,-2.5637006759643555,1.388906717300415,4.369375228881836,,,
408,73549,,,,-1.8992000818252563,3.425929546356201,20.17994499206543,,,
408,73599,,,,-1.978926658630371,2.8851706981658936,16.79551887512207,,,
408,73619,,,,,,,-2.011368989944458,2.977088451385498,16.504247665405273
409,73649,,,,-2.5793344974517822,1.6165649890899658,4.214883327484131,,,
409,73699,,,,-2.6862854957580566,1.218552589416504,3.294839859008789,,,
409,73749,,,,-2.9837117195129395,0.9920488595962524,1.6611478328704834,,,
409,73799,,,,-2.160642385482788,2.4171595573425293,11.052933692932129,,,
409,73799,,,,,,,-2.285667896270752,2.168579578399658,8.937419891357422
410,73849,,,,-3.0438127517700195,0.7840976715087891,1.4464623928070068,,,
410,73899,,,,-2.500059127807617,1.8877806663513184,5.058958530426025,,,
410,73949,,,,-2.654221534729004,1.4345815181732178,3.547304153442383,,,
410,73979,,,,,,,-2.516763687133789,1.6163561344146729,5.482545852661133
411,73999,,,,-1.7222251892089844,4.134156227111816,30.331558227539062,,,
411,74049,,,,-2.3606128692626953,1.4788389205932617,6.974403381347656,,,
411,74099,,,,-2.970625638961792,0.8977458477020264,1.7119624614715576,,,
411,74149,,,,-2.5701544284820557,1.4201273918151855,4.304925441741943,,,
411,74159,,,,,,,-2.4268667697906494,1.7118278741836548,6.5464935302734375
412,74199,,,,-2.174055576324463,2.2773280143737793,10.71678638458252,,,
412,74249,,,,-2.8686959743499756,1.143298864364624,2.1648311614990234,,,
412,74299,,,,-2.9206552505493164,1.0641366243362427,1.9207228422164917,,,
412,74339,,,,,,,-2.5383450984954834,1.3964955806732178,5.295077323913574
413,74349,,,,-2.3357491493225098,2.062901020050049,7.385343074798584,,,
413,74399,,,,-2.901183605194092,1.1055793762207031,2.0088000297546387,,,
413,74449,,,,-2.5557773113250732,1.3503518104553223,4.449822902679443,,,
413,74499,,,,-2.5746705532073975,1.4253756999969482,4.260392189025879,,,
413,74519,,,,,,,-2.686432361602783,1.2440637350082397,3.9126763343811035
414,74549,,,,-2.5337636470794678,1.3463910818099976,4.681190013885498,,,
414,74599,,,,-2.9960155487060547,0.9346500635147095,1.6147469282150269,,,
414,74649,,,,-2.7010366916656494,1.293503761291504,3.184807300567627,,,
414,74699,,,,-3.1804301738739014,0.7341378331184387,1.0560626983642578,,,
414,74699,,,,,,,-2.615036725997925,1.446727991104126,4.471553325653076
415,74749,,,,-2.25828218460083,2.4004485607147217,8.827503204345703,,,
415,74799,,,,-1.890543818473816,3.2508931159973145,20.586200714111328,,,
415,74849,,,,-2.7582173347473145,1.0513567924499512,2.7919178009033203,,,
415,74879,,,,,,,-2.5316853523254395,1.5864639282226562,5.297030925750732
416,74899,,,,-1.9420557022094727,3.545166015625,18.283708572387695,,,
416,74949,,,,-2.300255060195923,1.9419728517532349,8.014291763305664,,,
416,74999,,,,-2.2763006687164307,1.747270941734314,8.46875,,,
416,75049,,,,-2.7156331539154053,1.3473753929138184,3.0795464515686035,,,
416,75059,,,,,,,-2.5976715087890625,1.3726485967636108,4.654679775238037
417,75099,,,,-2.595085620880127,1.50394606590271,4.064755916595459,,,
417,75149,,,,-3.0483503341674805,0.7838728427886963,1.4314285516738892,,,
417,75199,,,,-2.5856995582580566,1.0423798561096191,4.153558254241943,,,
417,75239,,,,,,,-2.525794506072998,1.4011698961257935,5.655170440673828
418,75249,,,,-2.6368517875671387,1.4276434183120728,3.692054033279419,,,
418,75299,,,,-2.818263292312622,1.1254382133483887,2.4314024448394775,,,
418,75349,,,,-2.0059711933135986,2.873558282852173,15.781522750854492,,,
418,75399,,,,-2.2176220417022705,2.479567527770996,9.693891525268555,,,
418,75419,,,,,,,-2.4473721981048584,1.6873937845230103,6.416916370391846
419,75449,,,,-2.4210221767425537,1.9047563076019287,6.068732738494873,,,
419,75499,,,,-2.8699774742126465,1.0614426136016846,2.1584525108337402,,,
419,75549,,,,-2.2302324771881104,1.7389123439788818,9.416460990905762,,,
419,75599,,,,-1.7211734056472778,3.895037889480591,30.405120849609375,,,
419,75599,,,,,,,-1.919642686843872,3.3213696479797363,20.730712890625
420,75649,,,,-3.1690304279327393,0.8350632190704346,1.0841503143310547,,,
420,75699,,,,-2.5867373943328857,1.4291436672210693,4.143646240234375,,,
420,75749,,,,-2.3164615631103516,1.5636335611343384,7.720729351043701,,,
420,75779,,,,,,,-2.2480568885803223,2.396373987197876,9.480579376220703
421,75799,,,,-2.7538485527038574,0.977766752243042,2.8201451301574707,,,
421,75849,,,,-2.1019909381866455,2.079639196395874,12.651121139526367,,,
421,75899,,,,-2.292588710784912,1.8150755167007446,8.157014846801758,,,
421,75949,,,,-2.319070339202881,1.5080749988555908,7.674494743347168,,,
421,75959,,,,,,,-2.6630828380584717,1.411995768547058,3.93517804145813
422,75999,,,,-2.5320897102355957,1.2760978937149048,4.699270248413086,,,
422,76049,,,,-2.4480888843536377,1.7654638290405273,5.702053070068359,,,
422,76099,,,,-2.8158771991729736,1.180868148803711,2.4447970390319824,,,
422,76139,,,,,,,-2.7664010524749756,1.1780312061309814,3.3287370204925537
423,76149,,,,-3.1040396690368652,0.8371899724006653,1.2591577768325806,,,
423,76199,,,,-2.7248334884643555,1.2414402961730957,3.0149946212768555,,,
423,76249,,,,-2.8355650901794434,0.8204805254936218,2.3364410400390625,,,
423,76299,,,,-2.548433303833008,1.6592848300933838,4.5257110595703125,,,
423,76319,,,,,,,-2.7710940837860107,1.1324188709259033,3.3099207878112793
424,76349,,,,-2.544586658477783,1.4637054204940796,4.565974235534668,,,
424,76399,,,,-2.0462982654571533,2.829241991043091,14.38208293914795,,,
424,76449,,,,-2.5686166286468506,1.2821292877197266,4.32019567489624,,,
424,76499,,,,-2.3402347564697266,2.0312857627868652,7.309463024139404,,,
424,76499,,,,,,,-1.9534740447998047,3.3997700214385986,18.69622802734375
425,76549,,,,-2.5955474376678467,1.4492249488830566,4.0604352951049805,,,
425,76599,,,,-1.7687103748321533,3.817042350769043,27.252702713012695,,,
425,76649,,,,-2.1019039154052734,2.6649036407470703,12.653663635253906,,,
425,76679,,,,,,,-2.561260461807251,1.5531798601150513,4.838654518127441
426,76699,,,,-2.6112096309661865,1.3472108840942383,3.9166102409362793,,,
426,76749,,,,-2.7998242378234863,1.223006010055542,2.5368568897247314,,,
426,76799,,,,-2.665382146835327,1.4302215576171875,3.4573066234588623,,,
426,76849,,,,-2.3587758541107178,2.1399900913238525,7.00396728515625,,,
426,76859,,,,,,,-2.5398712158203125,1.503979206085205,5.220298767089844
427,76899,,,,-3.1634068489074707,0.7807359099388123,1.098280668258667,,,
427,76949,,,,-1.9336307048797607,3.548067569732666,18.641860961914062,,,
427,76999,,,,-2.221076488494873,2.4253580570220947,9.617088317871094,,,
427,77039,,,,,,,-2.611086368560791,1.532816767692566,4.408937931060791
428,77049,,,,-2.4672436714172363,1.669590711593628,5.45602560043335,,,
428,77099,,,,-2.6809816360473633,1.3663723468780518,3.3353257179260254,,,
428,77149,,,,-2.2685446739196777,2.190433979034424,8.621355056762695,,,
428,77199,,,,-2.4822804927825928,1.4629342555999756,5.270351409912109,,,
428,77219,,,,,,,-2.5022099018096924,1.4437603950500488,5.730141639709473
429,77249,,,,-2.730349063873291,1.2463841438293457,2.9769468307495117,,,
429,77299,,,,-2.4021968841552734,2.3986096382141113,6.337577819824219,,,
429,77349,,,,-2.341712236404419,2.11600661277771,7.284635543823242,,,
429,77399,,,,-3.105025053024292,0.8388583660125732,1.2563049793243408,,,
429,77399,,,,,,,-2.79714035987854,1.066689372062683,3.2604644298553467
430,77449,,,,-2.5572803020477295,1.6334381103515625,4.434449672698975,,,
430,77499,,,,-2.7542145252227783,1.2355566024780273,2.8177707195281982,,,
430,77549,,,,-2.198707342147827,2.0360970497131348,10.125408172607422,,,
430,77579,,,,,,,-2.6405067443847656,1.49918532371521,4.064600467681885
431,77599,,,,-2.5884079933166504,1.4386811256408691,4.1277360916137695,,,
431,77649,,,,-2.5210764408111572,1.8825643062591553,4.819962024688721,,,
431,77699,,,,-2.8370635509490967,1.014377236366272,2.328395366668701,,,
431,77749,,,,-2.5015077590942383,0.8954805135726929,5.042109966278076,,,
431,77759,,,,,,,-2.66621994972229,1.3252569437026978,4.008270263671875
432,77799,,,,-2.6719326972961426,1.2678459882736206,3.4055495262145996,,,
432,77849,,,,-2.531691551208496,1.3067858219146729,4.703579902648926,,,
432,77899,,,,-2.863642454147339,1.0184967517852783,2.190168857574463,,,
432,77939,,,,,,,-2.5582823753356934,1.4248454570770264,4.958861827850342
433,77949,,,,-2.177497386932373,2.3466670513153076,10.632184028625488,,,
433,77999,,,,-2.753544569015503,0.9872925877571106,2.822119951248169,,,
433,78049,,,,-2.7615790367126465,1.0680558681488037,2.7703909873962402,,,
433,78099,,,,-2.444504976272583,1.4944114685058594,5.749298572540283,,,
433,78119,,,,,,,-2.1730222702026367,2.3683505058288574,11.738262176513672
434,78149,,,,-2.848883867263794,1.1787973642349243,2.2658770084381104,,,
434,78199,,,,-2.2718498706817627,2.1086483001708984,8.555991172790527,,,
434,78249,,,,-2.7253098487854004,1.3523054122924805,3.0116896629333496,,,
434,78299,,,,-2.9413909912109375,0.8983111381530762,1.8311724662780762,,,
434,78299,,,,,,,-2.5134997367858887,1.5863934755325317,5.489870071411133
435,78349,,,,-2.821899890899658,1.0902190208435059,2.4111275672912598,,,
435,78399,,,,-2.828907012939453,0.9098186492919922,2.3725368976593018,,,
435,78449,,,,-2.914490222930908,0.8743606209754944,1.948183298110962,,,
435,78479,,,,,,,-2.760627269744873,1.0615705251693726,3.402094602584839
436,78499,,,,-2.397141456604004,1.8089898824691772,6.411777496337891,,,
436,78549,,,,-3.2358155250549316,0.6117568612098694,0.9296178221702576,,,
436,78599,,,,-3.259690761566162,0.6728065013885498,0.8798916339874268,,,
436,78649,,,,-2.5392282009124756,1.3143641948699951,4.622658729553223,,,
436,78659,,,,,,,-2.3753068447113037,2.0065791606903076,7.342949390411377
437,78699,,,,-2.467827796936035,2.0300090312957764,5.448690414428711,,,
437,78749,,,,-2.8509578704833984,1.119375228881836,2.2550816535949707,,,
437,78799,,,,-2.21183705329895,2.2175397872924805,9.823884963989258,,,
437,78839,,,,,,,-2.3766326904296875,1.722184181213379,7.581954479217529
438,78849,,,,-2.345839023590088,1.976057529449463,7.215739727020264,,,
438,78899,,,,-2.0435564517974854,2.2591395378112793,14.473172187805176,,,
438,78949,,,,-2.925443649291992,0.869005560874939,1.8996622562408447,,,
438,78999,,,,-3.1528751850128174,0.7342244386672974,1.1252391338348389,,,
438,79019,,,,,,,-2.149421215057373,2.6357924938201904,12.145259857177734
439,79049,,,,-2.865022897720337,1.164254069328308,2.1832199096679688,,,
439,79099,,,,-2.614967107772827,1.643510103225708,3.8828721046447754,,,
439,79149,,,,-2.3781211376190186,1.7242298126220703,6.69882869720459,,,
439,79199,,,,-2.6358439922332764,1.2866060733795166,3.700634002685547,,,
439,79199,,,,,,,-2.3717920780181885,1.8548012971878052,7.500608921051025
440,79249,,,,-1.5870249271392822,3.928293466567993,41.409027099609375,,,
440,79299,,,,-2.808638095855713,1.0962868928909302,2.4858908653259277,,,
440,79349,,,,-2.407457113265991,1.6809720993041992,6.2612786293029785,,,
440,79379,,,,,,,-2.826735734939575,1.028202772140503,2.9866349697113037
441,79399,,,,-2.590907573699951,1.2186951637268066,4.104046821594238,,,
441,79449,,,,-3.2430715560913086,0.7050586342811584,0.9142152070999146,,,
441,79499,,,,-2.194200038909912,2.12753963470459,10.231046676635742,,,
441,79549,,,,-2.8292391300201416,1.1333582401275635,2.3707244396209717,,,
441,79559,,,,,,,-2.2415859699249268,2.20149564743042,9.971930503845215
442,79599,,,,-2.263976573944092,2.2221860885620117,8.712515830993652,,,
442,79649,,,,-2.5220818519592285,1.5197203159332275,4.808816909790039,,,
442,79699,,,,-2.7227022647857666,1.3231298923492432,3.02982759475708,,,
442,79739,,,,,,,-2.788356304168701,1.0450509786605835,3.1199605464935303
443,79749,,,,-2.722119092941284,0.9592717289924622,3.0338973999023438,,,
443,79799,,,,-2.3435347080230713,1.8284063339233398,7.254127502441406,,,
443,79849,,,,-2.4356799125671387,1.607375144958496,5.867323875427246,,,
443,79899,,,,-2.2978439331054688,2.0343401432037354,8.058902740478516,,,
443,79919,,,,,,,-2.6923410892486572,1.2743443250656128,3.8698055744171143
444,79949,,,,-2.975468397140503,0.8986064195632935,1.6929786205291748,,,
444,79999,,,,-2.6380393505096436,1.2877858877182007,3.681974411010742,,,
444,80049,,,,-2.4980356693267822,1.6499032974243164,5.082581996917725,,,
444,80099,,,,-2.6691763401031494,1.254453182220459,3.427234649658203,,,
444,80099,,,,,,,-2.670555353164673,1.3254976272583008,4.020135879516602
445,80149,,,,-2.8354475498199463,1.0234806537628174,2.3370745182037354,,,
445,80199,,,,-2.4101574420928955,1.7790648937225342,6.222466945648193,,,
445,80249,,,,-2.48423171043396,1.74588942527771,5.246724605560303,,,
445,80279,,,,,,,-2.610182285308838,1.331520676612854,4.386466979980469
446,80299,,,,-2.403820514678955,1.4752577543258667,6.313922882080078,,,
446,80349,,,,-2.8297855854034424,1.1777335405349731,2.3677430152893066,,,
446,80399,,,,-2.83031964302063,1.0798264741897583,2.364832878112793,,,
446,80449,,,,-2.7121407985687256,1.321897268295288,3.104409694671631,,,
446,80459,,,,,,,-2.7853996753692627,1.1103436946868896,3.162933826446533
447,80499,,,,-2.940166711807251,1.0938644409179688,1.8363409042358398,,,
447,80549,,,,-2.4717822074890137,1.6363074779510498,5.3993024826049805,,,
447,80599,,,,-2.3521125316619873,1.8478268384933472,7.112255096435547,,,
447,80639,,,,,,,-2.5700600147247314,1.5059819221496582,4.779964923858643
448,80649,,,,-2.5871379375457764,1.5099050998687744,4.139826774597168,,,
448,80699,,,,-2.4654455184936523,1.6278278827667236,5.478663921356201,,,
448,80749,,,,-2.777688980102539,1.2721186876296997,2.6695070266723633,,,
448,80799,,,,-3.31771183013916,0.7343551516532898,0.7698532342910767,,,
448,80819,,,,,,,-2.669090747833252,1.2734756469726562,4.080297470092773
449,80849,,,,-2.766390323638916,1.4346604347229004,2.739870071411133,,,
449,80899,,,,-2.516498565673828,1.3510065078735352,4.871036529541016,,,
449,80949,,,,-2.636176586151123,0.9993889927864075,3.6977996826171875,,,
449,80999,,,,-2.6836225986480713,1.3041059970855713,3.3151066303253174,,,
449,80999,,,,,,,-2.6089107990264893,1.390047311782837,4.486504077911377
450,81049,,,,-2.461557149887085,1.4690957069396973,5.527932167053223,,,
450,81099,,,,-2.4043562412261963,1.6408734321594238,6.306143760681152,,,
450,81149,,,,-2.019399881362915,2.7953543663024902,15.301018714904785,,,
450,81179,,,,,,,-2.722182035446167,1.2376022338867188,3.616513967514038
451,81199,,,,-2.5055060386657715,1.7671478986740112,4.995902061462402,,,
451,81249,,,,-2.6674976348876953,1.3103418350219727,3.4405055046081543,,,
451,81299,,,,-2.639735460281372,1.2636654376983643,3.667623281478882,,,
451,81349,,,,-2.5647013187408447,1.654799461364746,4.359320163726807,,,
451,81359,,,,,,,-2.142489433288574,2.2597901821136475,12.828055381774902
452,81399,,,,-2.4567928314208984,1.734062910079956,5.588912487030029,,,
452,81449,,,,-2.5380563735961914,1.6435308456420898,4.635149002075195,,,
452,81499,,,,-2.448411703109741,1.4638407230377197,5.697812080383301,,,
452,81539,,,,,,,-2.755516529083252,1.1555439233779907,3.339784622192383
453,81549,,,,-2.983734607696533,0.9804762005805969,1.661060094833374,,,
453,81599,,,,-2.108733892440796,2.1108012199401855,12.456219673156738,,,
453,81649,,,,-2.124406099319458,2.419511318206787,12.014727592468262,,,
453,81699,,,,-2.9153261184692383,0.9176732301712036,1.9444363117218018,,,
453,81719,,,,,,,-2.7558271884918213,1.1139744520187378,3.516200065612793
454,81749,,,,-2.535007953643799,1.839326024055481,4.66779899597168,,,
454,81799,,,,-2.752346992492676,1.4019808769226074,2.8299131393432617,,,
454,81849,,,,-2.11977219581604,2.0724191665649414,12.143610000610352,,,
454,81899,,,,-2.94899845123291,1.0834934711456299,1.7993741035461426,,,
454,81899,,,,,,,-2.5677061080932617,1.3367846012115479,5.079019069671631
455,81949,,,,-2.560605525970459,1.4908595085144043,4.4006266593933105,,,
455,81999,,,,-2.6598167419433594,1.1894961595535278,3.501896381378174,,,
455,82049,,,,-2.043398380279541,2.61665415763855,14.478436470031738,,,
455,82079,,,,,,,-2.7082247734069824,1.2623867988586426,3.692652702331543
456,82099,,,,-2.856266736984253,1.2144250869750977,2.2276828289031982,,,
456,82149,,,,-2.466892957687378,2.087056875228882,5.460433006286621,,,
456,82199,,,,-2.446237564086914,1.8378140926361084,5.726412296295166,,,
456,82249,,,,-3.0673751831054688,0.9131748080253601,1.3700764179229736,,,
456,82259,,,,,,,-2.8201117515563965,1.0262428522109985,3.084181785583496
457,82299,,,,-2.257296323776245,2.3206872940063477,8.847563743591309,,,
457,82349,,,,-2.426548957824707,1.9657878875732422,5.991991996765137,,,
457,82399,,,,-2.603781223297119,1.0121314525604248,3.9841790199279785,,,
457,82439,,,,,,,-2.5823023319244385,1.4760239124298096,4.703985214233398
458,82449,,,,-2.7125890254974365,1.1761338710784912,3.101207733154297,,,
458,82499,,,,-2.8878417015075684,1.2066807746887207,2.0714683532714844,,,
458,82549,,,,-2.685204029083252,1.4885096549987793,3.3030576705932617,,,
458,82599,,,,-2.747483253479004,1.41799795627594,2.861783027648926,,,
458,82619,,,,,,,-2.3977274894714355,1.66217839717865,7.283426761627197
459,82649,,,,-2.3246967792510986,2.449608325958252,7.575707912445068,,,
459,82699,,,,-2.740602731704712,1.1286741495132446,2.9074854850769043,,,
459,82749,,,,-3.4458532333374023,0.5328745245933533,0.5731480121612549,,,
459,82799,,,,-2.523768186569214,1.4118666648864746,4.790182113647461,,,
459,82799,,,,,,,-2.3026962280273438,1.8631826639175415,8.915602684020996
460,82849,,,,-3.080247640609741,0.8589748740196228,1.330063819885254,,,
460,82899,,,,-2.5599448680877686,1.4927637577056885,4.407325744628906,,,
460,82949,,,,-2.6754653453826904,1.3930516242980957,3.3779616355895996,,,
460,82979,,,,,,,-2.260915994644165,2.1914827823638916,9.437240600585938
461,82999,,,,-2.9090981483459473,0.8955100774765015,1.9725219011306763,,,
461,83049,,,,-2.4950127601623535,1.3112876415252686,5.118085861206055,,,
461,83099,,,,-2.623873233795166,1.2914831638336182,3.8040547370910645,,,
461,83149,,,,-2.366398334503174,2.077770471572876,6.882111549377441,,,
461,83159,,,,,,,-2.5962414741516113,1.3304797410964966,4.621428489685059
462,83199,,,,-2.5899996757507324,1.5171291828155518,4.112638473510742,,,
462,83249,,,,-2.598978281021118,1.2854896783828735,4.028484344482422,,,
462,83299,,,,-3.0674378871917725,0.9411558508872986,1.369878888130188,,,
462,83339,,,,,,,-2.700784921646118,1.2387727499008179,3.670104742050171
463,83349,,,,-2.452542781829834,1.4852678775787354,5.6438751220703125,,,
463,83399,,,,-2.5873804092407227,1.579312801361084,4.137514114379883,,,
463,83449,,,,-3.174952507019043,0.819462776184082,1.0694677829742432,,,
463,83499,,,,-2.832648754119873,0.9832751154899597,2.3521835803985596,,,
463,83519,,,,,,,-2.780991315841675,1.143702745437622,3.1392784118652344
464,83549,,,,-2.611217975616455,1.344038963317871,3.916536331176758,,,
464,83599,,,,-3.153958559036255,0.8273683786392212,1.1224365234375,,,
464,83649,,,,-2.274221658706665,2.19576358795166,8.509387969970703,,,
464,83699,,,,-2.4921395778656006,1.3593868017196655,5.152054309844971,,,
464,83699,,,,,,,-2.4407410621643066,1.505168080329895,6.592628479003906
465,83749,,,,-2.9582033157348633,1.055931568145752,1.7616379261016846,,,
465,83799,,,,-2.320796251296997,1.7051045894622803,7.644057750701904,,,
465,83849,,,,-2.963649034500122,0.9673199653625488,1.739687204360962,,,
465,83879,,,,,,,-2.224466323852539,2.205842971801758,10.48964786529541
466,83899,,,,-2.6904354095458984,1.2669678926467896,3.2635068893432617,,,
466,83949,,,,-2.4632718563079834,2.021631956100464,5.506148338317871,,,
466,83999,,,,-3.2780070304870605,0.6717537641525269,0.8435544967651367,,,
466,84049,,,,-2.6687121391296387,1.4713332653045654,3.430898427963257,,,
466,84059,,,,,,,-2.603182554244995,1.4218575954437256,4.435525894165039
467,84099,,,,-2.49167799949646,1.3593740463256836,5.157532691955566,,,
467,84149,,,,-2.968090534210205,1.1044087409973145,1.721985101699829,,,
467,84199,,,,-2.5890259742736816,1.145771861076355,4.121867656707764,,,
467,84239,,,,,,,-2.079091787338257,2.801175594329834,14.282798767089844
468,84249,,,,-1.9211676120758057,2.8244433403015137,19.184589385986328,,,
468,84299,,,,-2.7668867111206055,1.2449626922607422,2.7367377281188965,,,
468,84349,,,,-2.662231206893921,1.1943832635879517,3.482481002807617,,,
468,84399,,,,-2.714689254760742,1.3158166408538818,3.0862464904785156,,,
468,84419,,,,,,,-2.391301155090332,1.8500715494155884,7.065362930297852
469,84449,,,,-2.593050718307495,1.6716340780258179,4.083845138549805,,,
469,84499,,,,-2.711716890335083,1.3591300249099731,3.107442855834961,,,
469,84549,,,,-2.6939504146575928,1.2705756425857544,3.2372019290924072,,,
469,84599,,,,-2.410757064819336,1.7100327014923096,6.213884353637695,,,
469,84599,,,,,,,-2.530299663543701,1.564512014389038,5.325553894042969
470,84649,,,,-3.4402451515197754,0.5549511909484863,0.580597460269928,,,
470,84699,,,,-2.8532705307006836,0.9662803411483765,2.24310564994812,,,
470,84749,,,,-2.3903214931488037,1.3028483390808105,6.513261795043945,,,
470,84779,,,,,,,-2.5052030086517334,1.5322026014328003,5.78479528427124
471,84799,,,,-2.8903419971466064,1.1196842193603516,2.059577703475952,,,
471,84849,,,,-2.9837803840637207,0.988090991973877,1.6608856916427612,,,
471,84899,,,,-2.524918556213379,1.1479556560516357,4.777511119842529,,,
471,84949,,,,-2.792696237564087,1.1055247783660889,2.5788373947143555,,,
471,84959,,,,,,,-2.808108329772949,1.1197007894515991,2.9857490062713623
472,84999,,,,-2.738558530807495,1.232543706893921,2.9212045669555664,,,
472,85049,,,,-3.1238298416137695,0.7598243355751038,1.2030682563781738,,,
472,85099,,,,-2.856257677078247,1.1982321739196777,2.227729558944702,,,
472,85139,,,,,,,-2.5336039066314697,1.556456446647644,5.1584882736206055
473,85149,,,,-2.4098453521728516,2.0256905555725098,6.226941108703613,,,
473,85199,,,,-2.6574547290802,1.1509668827056885,3.520994186401367,,,
473,85249,,,,-2.19399094581604,2.524975538253784,10.235969543457031,,,
473,85299,,,,-3.024792432785034,0.8548500537872314,1.5112197399139404,,,
473,85319,,,,,,,-2.702216625213623,1.3224127292633057,3.609018564224243
474,85349,,,,-2.305111885070801,2.3755533695220947,7.925162315368652,,,
474,85399,,,,-1.9448177814483643,2.86875057220459,18.167797088623047,,,
474,85449,,,,-2.506699800491333,1.5002554655075073,4.982189178466797,,,
474,85499,,,,-3.2670178413391113,0.6889157891273499,0.8651713132858276,,,
474,85499,,,,,,,-2.4326093196868896,1.6786121129989624,6.633026123046875
475,85549,,,,-2.606849431991577,1.2581837177276611,3.9561314582824707,,,
475,85599,,,,-2.582188606262207,1.2387723922729492,4.187273979187012,,,
475,85649,,,,-2.357482671737671,1.9599964618682861,7.02485466003418,,,
475,85679,,,,,,,-2.3850204944610596,1.8888792991638184,7.228435039520264
476,85699,,,,-2.8333964347839355,1.0137614011764526,2.3481383323669434,,,
476,85749,,,,-2.4734046459198,1.5237116813659668,5.379173278808594,,,
476,85799,,,,-1.9585847854614258,3.1177761554718018,17.600914001464844,,,
476,85849,,,,-2.3595714569091797,2.0328848361968994,6.991146564483643,,,
476,85859,,,,,,,-2.769336223602295,1.1209020614624023,3.252885580062866
477,85899,,,,-2.8740031719207764,1.124135136604309,2.138537883758545,,,
477,85949,,,,-2.798665761947632,1.283992052078247,2.543633460998535,,,
477,85999,,,,-2.3905539512634277,1.5388482809066772,6.509777545928955,,,
477,86039,,,,,,,-2.459343671798706,1.5554242134094238,6.258618354797363
478,86049,,,,-2.7822420597076416,1.2725014686584473,2.641665458679199,,,
478,86099,,,,-2.175379991531372,2.3937792778015137,10.684150695800781,,,
478,86149,,,,-2.443721055984497,1.5953810214996338,5.759688377380371,,,
478,86199,,,,-2.634158134460449,1.4919681549072266,3.7150278091430664,,,
478,86219,,,,,,,-2.5354347229003906,1.5741804838180542,5.1985344886779785
479,86249,,,,-3.150059700012207,0.7424811720848083,1.1325578689575195,,,
479,86299,,,,-2.7064337730407715,1.224809169769287,3.1454765796661377,,,
479,86349,,,,-2.322554349899292,1.8550397157669067,7.613171100616455,,,
479,86399,,,,-2.927117347717285,0.9336568117141724,1.8923553228378296,,,
479,86399,,,,,,,-2.7536847591400146,1.1246756315231323,3.2732627391815186
480,86449,,,,-2.702012538909912,1.1945887804031372,3.177659749984741,,,
480,86499,,,,-2.890862464904785,0.9660033583641052,2.0571117401123047,,,
480,86549,,,,-2.757143974304199,1.1788818836212158,2.7988266944885254,,,
480,86579,,,,,,,-2.4822115898132324,1.71099853515625,5.823849201202393
481,86599,,,,-2.764775276184082,1.1739490032196045,2.750075101852417,,,
481,86649,,,,-2.559238910675049,1.451828956604004,4.414495944976807,,,
481,86699,,,,-2.6864962577819824,1.3320751190185547,3.293243169784546,,,
481,86749,,,,-1.9402751922607422,3.6052072048187256,18.358829498291016,,,
481,86759,,,,,,,-2.124168634414673,2.4803619384765625,12.764585494995117
482,86799,,,,-2.55916166305542,1.2529046535491943,4.415283679962158,,,
482,86849,,,,-2.5058882236480713,1.5378797054290771,4.991506099700928,,,
482,86899,,,,-2.952657461166382,0.8766573071479797,1.7842776775360107,,,
482,86939,,,,,,,-2.426427125930786,1.9362083673477173,6.4975104331970215
483,86949,,,,-2.7227563858032227,1.0496304035186768,3.0294487476348877,,,
483,86999,,,,-2.5713179111480713,1.3885549306869507,4.293406963348389,,,
483,87049,,,,-2.174156665802002,2.5902228355407715,10.714286804199219,,,
483,87099,,,,-2.6574292182922363,1.3739010095596313,3.5212018489837646,,,
483,87119,,,,,,,-2.8356361389160156,1.0048822164535522,2.946902275085449
484,87149,,,,-2.605081796646118,1.4301717281341553,3.972264289855957,,,
484,87199,,,,-2.822866678237915,1.1134746074676514,2.4057652950286865,,,
484,87249,,,,-2.825528383255005,1.078782320022583,2.391066074371338,,,
484,87299,,,,-2.9745185375213623,0.8723063468933105,1.696685552597046,,,
484,87299,,,,,,,-2.7474217414855957,1.1595505475997925,3.327139139175415
485,87349,,,,-3.1030163764953613,0.809536337852478,1.2621290683746338,,,
485,87399,,,,-2.4234619140625,1.252790927886963,6.034735679626465,,,
485,87449,,,,-2.9574592113494873,0.8882290720939636,1.764660120010376,,,
485,87479,,,,,,,-2.719736099243164,1.2116931676864624,3.6000471115112305
486,87499,,,,-2.549170732498169,1.5054856538772583,4.518033027648926,,,
486,87549,,,,-3.225321054458618,0.6999136805534363,0.9523549675941467,,,
486,87599,,,,-2.5243241786956787,1.2291786670684814,4.784053802490234,,,
486,87649,,,,-2.8309168815612793,1.2326105833053589,2.361581802368164,,,
486,87659,,,,,,,-2.5132739543914795,1.6492159366607666,5.507340908050537
487,87699,,,,-2.6445248126983643,1.4170305728912354,3.627397298812866,,,
487,87749,,,,-2.584507465362549,1.3859690427780151,4.164976596832275,,,
487,87799,,,,-2.7244033813476562,1.3495757579803467,3.0179827213287354,,,
487,87839,,,,,,,-2.1774675846099854,2.569661855697632,11.099483489990234
488,87849,,,,-2.508401870727539,1.3361244201660156,4.962701320648193,,,
488,87899,,,,-2.7071948051452637,1.4069093465805054,3.139967203140259,,,
488,87949,,,,-2.55454683303833,1.440995693206787,4.462447166442871,,,
488,87999,,,,-3.1488101482391357,0.7802420854568481,1.1358217000961304,,,
488,88019,,,,,,,-2.5614256858825684,1.47115957736969,4.972531318664551
489,88049,,,,-3.166590929031372,0.8240036964416504,1.0902581214904785,,,
489,88099,,,,-2.9110050201416016,1.196815013885498,1.9638795852661133,,,
489,88149,,,,-2.32057523727417,1.9978724718093872,7.647946357727051,,,
489,88199,,,,-2.970324754714966,0.770709753036499,1.713149070739746,,,
489,88199,,,,,,,-2.8199901580810547,1.0191576480865479,2.9760913848876953
490,88249,,,,-2.756718158721924,0.9973388910293579,2.80157208442688,,,
490,88299,,,,-2.5785274505615234,1.4213685989379883,4.222723007202148,,,
490,88349,,,,-2.7073938846588135,1.4510679244995117,3.1385278701782227,,,
490,88379,,,,,,,-2.4614176750183105,1.5928595066070557,6.194042682647705
491,88399,,,,-2.8988869190216064,0.9601632356643677,2.0194504261016846,,,
491,88449,,,,-2.881493091583252,0.9985048770904541,2.101973295211792,,,
491,88499,,,,-2.8741464614868164,1.044739007949829,2.137831449508667,,,
491,88549,,,,-2.7796027660369873,1.188537359237671,2.6577699184417725,,,
491,88559,,,,,,,-2.515160322189331,1.736796259880066,5.280383110046387
492,88599,,,,-2.500769853591919,1.546612024307251,5.050687789916992,,,
492,88649,,,,-2.9588265419006348,1.0282912254333496,1.75911283493042,,,
492,88699,,,,-2.3560400009155273,2.0142245292663574,7.048229694366455,,,
492,88739,,,,,,,-2.7537825107574463,1.1184128522872925,3.4431867599487305
493,88749,,,,-1.9915763139724731,2.3435781002044678,16.31336784362793,,,
493,88799,,,,-2.563603162765503,1.5902392864227295,4.370357036590576,,,
493,88849,,,,-2.670686960220337,1.249962329864502,3.4153356552124023,,,
493,88899,,,,-2.7331111431121826,1.20819091796875,2.958071708679199,,,
493,88919,,,,,,,-2.714571237564087,1.1329537630081177,3.5711922645568848
494,88949,,,,-2.694378614425659,1.2015715837478638,3.2340097427368164,,,
494,88999,,,,-2.890146017074585,0.9770138263702393,2.0605056285858154,,,
494,89049,,,,-3.1713972091674805,0.7140259146690369,1.0782577991485596,,,
494,89099,,,,-3.002009153366089,0.9901205897331238,1.5926156044006348,,,
494,89099,,,,,,,-2.430771827697754,1.625518798828125,6.61975622177124
495,89149,,,,-2.7093210220336914,1.0335088968276978,3.1246328353881836,,,
495,89199,,,,-2.5107898712158203,1.4802806377410889,4.935488224029541,,,
495,89249,,,,-2.977499485015869,0.8356984853744507,1.6850804090499878,,,
495,89279,,,,,,,-2.704721689224243,1.1750500202178955,3.671846389770508
496,89299,,,,-2.656323194503784,1.1648703813552856,3.530181646347046,,,
496,89349,,,,-2.378359794616699,1.877683401107788,6.6951494216918945,,,
496,89399,,,,-2.529977321624756,1.447948694229126,4.722183704376221,,,
496,89449,,,,-2.7300174236297607,1.1647179126739502,2.9792206287384033,,,
496,89459,,,,,,,-2.543516159057617,1.4943857192993164,5.108011245727539
497,89499,,,,-2.7955126762390137,1.2391972541809082,2.562166690826416,,,
497,89549,,,,-2.7907447814941406,1.1637263298034668,2.590451955795288,,,
497,89599,,,,-3.204900026321411,0.7015387415885925,0.9982056021690369,,,
497,89639,,,,,,,-2.1084558963775635,2.6223690509796143,13.476971626281738
498,89649,,,,-2.6077098846435547,1.2229504585266113,3.948300361633301,,,
498,89699,,,,-3.082857131958008,0.9732046127319336,1.3220956325531006,,,
498,89749,,,,-2.766812562942505,0.904210090637207,2.737206220626831,,,
498,89799,,,,-2.551774501800537,1.4872314929962158,4.491024494171143,,,
498,89819,,,,,,,-2.5482099056243896,1.56698477268219,4.944889545440674
499,89849,,,,-2.6135847568511963,1.7280476093292236,3.8952503204345703,,,
499,89899,,,,-3.142641544342041,0.717856764793396,1.152069330215454,,,
499,89949,,,,-2.6343348026275635,1.4630030393600464,3.713515043258667,,,
499,89999,,,,-3.1662399768829346,0.8948485255241394,1.0911388397216797,,,
499,89999,,,,,,,-2.5495190620422363,1.4898535013198853,4.9868292808532715
500,90049,,,,-3.716822624206543,0.3541943430900574,0.3071121573448181,,,
500,90099,,,,-2.2254135608673096,2.259831428527832,9.52152156829834,,,
500,90149,,,,-2.161555767059326,2.8613407611846924,11.029712677001953,,,
500,90179,,,,,,,-2.4731640815734863,1.6190311908721924,6.037500858306885
501,90199,,,,-1.9113812446594238,3.3729796409606934,19.621795654296875,,,
501,90249,,,,-2.708219528198242,1.5701565742492676,3.132567882537842,,,
501,90299,,,,-2.705796241760254,1.230111002922058,3.150094985961914,,,
501,90349,,,,-2.8456363677978516,0.9905700087547302,2.2828829288482666,,,
501,90359,,,,,,,-2.562337636947632,1.3931233882904053,5.07092809677124
502,90399,,,,-3.3585848808288574,0.6302525401115417,0.7007051110267639,,,
502,90449,,,,-2.6917054653167725,1.3620398044586182,3.2539772987365723,,,
502,90499,,,,-2.2851028442382812,2.218045711517334,8.298837661743164,,,
502,90539,,,,,,,-2.529949188232422,1.7123256921768188,5.156909942626953
503,90549,,,,-2.73484468460083,1.1682766675949097,2.9462883472442627,,,
503,90599,,,,-3.278789520263672,0.6598028540611267,0.8420355319976807,,,
503,90649,,,,-2.6783926486968994,1.1457021236419678,3.3552703857421875,,,
503,90699,,,,-2.9488022327423096,0.899020791053772,1.8001879453659058,,,
503,90719,,,,,,,-2.82240891456604,1.0223561525344849,2.9239697456359863
504,90749,,,,-3.5306246280670166,0.5543197393417358,0.4715147018432617,,,
504,90799,,,,-2.5930957794189453,1.180768609046936,4.083420276641846,,,
504,90849,,,,-3.085785388946533,0.9447392225265503,1.3132106065750122,,,
504,90899,,,,-2.9794695377349854,0.8550230264663696,1.6774543523788452,,,
504,90899,,,,,,,-2.6398701667785645,1.2951252460479736,4.123459815979004
505,90949,,,,-2.517592191696167,1.6165459156036377,4.858785629272461,,,
505,90999,,,,-2.820932626724243,1.1161088943481445,2.4165050983428955,,,
505,91049,,,,-2.645112991333008,1.3082993030548096,3.6224892139434814,,,
505,91079,,,,,,,-2.8250772953033447,1.0037176609039307,2.89540958404541
506,91099,,,,-2.9023492336273193,1.185076355934143,2.0034143924713135,,,
506,91149,,,,-3.17680025100708,0.7198683023452759,1.0649278163909912,,,
506,91199,,,,-2.42195725440979,1.8302888870239258,6.055680274963379,,,
506,91249,,,,-2.383486032485962,1.6598793268203735,6.616589546203613,,,
506,91259,,,,,,,-2.664161443710327,1.3139833211898804,4.0305328369140625
507,91299,,,,-2.925687789916992,1.2313809394836426,1.8985952138900757,,,
507,91349,,,,-2.3374996185302734,1.7254271507263184,7.355637073516846,,,
507,91399,,,,-3.183624029159546,0.706261157989502,1.0483249425888062,,,
507,91439,,,,,,,-2.555471181869507,1.620779037475586,5.018589973449707
508,91449,,,,-3.0042529106140137,0.9846934080123901,1.5844087600708008,,,
508,91499,,,,-2.8792991638183594,1.0549899339675903,2.112616539001465,,,
508,91549,,,,-2.6921610832214355,1.046248197555542,3.250566005706787,,,
508,91599,,,,-2.509877920150757,2.0455322265625,4.94586181640625,,,
508,91619,,,,,,,-2.723792791366577,1.1262937784194946,3.662294864654541
509,91649,,,,-2.9236245155334473,0.8403281569480896,1.9076356887817383,,,
509,91699,,,,-2.7520482540130615,1.4861454963684082,2.831859827041626,,,
509,91749,,,,-3.115222930908203,0.8515743017196655,1.2271479368209839,,,
509,91799,,,,-2.965097427368164,0.9904253482818604,1.7338941097259521,,,
509,91799,,,,,,,-2.3704214096069336,1.9430006742477417,7.430759429931641
510,91849,,,,-2.83135986328125,1.2351109981536865,2.359175205230713,,,
510,91899,,,,-3.249401330947876,0.7080568075180054,0.9009870290756226,,,
510,91949,,,,-2.872938632965088,1.027417778968811,2.1437876224517822,,,
510,91979,,,,,,,-2.8023877143859863,1.0710378885269165,3.050041437149048
511,91999,,,,-2.785247325897217,0.9162039756774902,2.623448371887207,,,
511,92049,,,,-2.3225109577178955,1.8849278688430786,7.613936424255371,,,
511,92099,,,,-2.5671005249023438,1.3782310485839844,4.335302829742432,,,
511,92149,,,,-2.2088613510131836,1.8583654165267944,9.891419410705566,,,
511,92159,,,,,,,-2.5459747314453125,1.4176790714263916,5.163304805755615
512,92199,,,,-2.8676674365997314,0.9921156764030457,2.1699631214141846,,,
512,92249,,,,-2.8236262798309326,1.1771066188812256,2.4015626907348633,,,
512,92299,,,,-2.193164587020874,2.1374614238739014,10.255464553833008,,,
512,92339,,,,,,,-2.7437100410461426,1.0903220176696777,3.5136773586273193
513,92349,,,,-2.7281293869018555,0.9123666882514954,2.992201566696167,,,
513,92399,,,,-3.254620313644409,0.7062250375747681,0.8902241587638855,,,
513,92449,,,,-2.9568116664886475,0.9279439449310303,1.767292857170105,,,
513,92499,,,,-2.9730567932128906,0.8792802095413208,1.702406883239746,,,
513,92519,,,,,,,-2.432523727416992,1.8801484107971191,6.399203300476074
514,92549,,,,-2.179957151412964,2.0116100311279297,10.572141647338867,,,
514,92599,,,,-2.856489658355713,0.920322597026825,2.22653865814209,,,
514,92649,,,,-2.868117094039917,0.9369800686836243,2.167719602584839,,,
514,92699,,,,-3.134148120880127,0.8263652324676514,1.1748218536376953,,,
514,92699,,,,,,,-2.677297592163086,1.315019965171814,3.9989891052246094
515,92749,,,,-2.9402732849121094,1.1823647022247314,1.835890293121338,,,
515,92799,,,,-3.1938116550445557,0.7101457715034485,1.024019718170166,,,
515,92849,,,,-2.3928158283233643,1.4078261852264404,6.475959300994873,,,
515,92879,,,,,,,-2.537532091140747,1.6593189239501953,5.152165412902832
516,92899,,,,-2.7034366130828857,1.2961782217025757,3.167257785797119,,,
516,92949,,,,-2.659531831741333,1.2731817960739136,3.504194736480713,,,
516,92999,,,,-2.429420232772827,2.1294188499450684,5.952507019042969,,,
516,93049,,,,-2.8266193866729736,1.2293531894683838,2.385066509246826,,,
516,93059,,,,,,,-2.6796488761901855,1.2834281921386719,3.8260927200317383
517,93099,,,,-2.658198356628418,1.5012404918670654,3.514970541000366,,,
517,93149,,,,-2.575544595718384,1.7002589702606201,4.251827239990234,,,
517,93199,,,,-2.0828166007995605,2.6427664756774902,13.222190856933594,,,
517,93239,,,,,,,-2.596830129623413,1.390386939048767,4.5475544929504395
518,93249,,,,-2.9022247791290283,1.1426184177398682,2.00398850440979,,,
518,93299,,,,-2.8927831649780273,1.0659685134887695,2.0480332374572754,,,
518,93349,,,,-3.0252346992492676,0.7645903825759888,1.5096813440322876,,,
518,93399,,,,-2.114077568054199,2.1999900341033936,12.303894996643066,,,
518,93419,,,,,,,-2.6786625385284424,1.2034791707992554,3.9049904346466064
519,93449,,,,-2.35321307182312,1.7036983966827393,7.094257354736328,,,
519,93499,,,,-2.2448887825012207,2.1932034492492676,9.103981018066406,,,
519,93549,,,,-2.741928815841675,1.4097120761871338,2.8986198902130127,,,
519,93599,,,,-3.086789131164551,0.7872133851051331,1.3101798295974731,,,
519,93599,,,,,,,-2.8743951320648193,0.941702127456665,2.6940901279449463
520,93649,,,,-2.515641212463379,1.455012321472168,4.880661964416504,,,
520,93699,,,,-2.695605993270874,1.3390394449234009,3.2248830795288086,,,
520,93749,,,,-2.976388692855835,0.8463484048843384,1.6893947124481201,,,
520,93779,,,,,,,-2.7390999794006348,1.1603392362594604,3.4642605781555176
521,93799,,,,-2.8747451305389404,1.1403758525848389,2.1348876953125,,,
521,93849,,,,-2.983159303665161,0.7352129220962524,1.6632611751556396,,,
521,93899,,,,-2.946028470993042,0.8826172947883606,1.8117228746414185,,,
521,93949,,,,-3.1013035774230957,0.8822962045669556,1.2671165466308594,,,
521,93959,,,,,,,-2.7846946716308594,1.1165026426315308,3.0708305835723877
522,93999,,,,-2.464193820953369,1.8002638816833496,5.494473457336426,,,
522,94049,,,,-2.9230730533599854,0.8982219099998474,1.9100602865219116,,,
522,94099,,,,-2.9613640308380127,0.8769559860229492,1.7488641738891602,,,
522,94139,,,,,,,-2.6973135471343994,1.2336496114730835,3.70570707321167
523,94149,,,,-2.9678261280059814,0.9041975140571594,1.7230346202850342,,,
523,94199,,,,-2.8241307735443115,0.8656408190727234,2.398772954940796,,,
523,94249,,,,-3.0875465869903564,0.9003747701644897,1.3078961372375488,,,
523,94299,,,,-2.844693660736084,1.0578713417053223,2.287844181060791,,,
523,94319,,,,,,,-2.5074715614318848,1.5428837537765503,5.640356540679932
524,94349,,,,-2.6280887126922607,1.3574739694595337,3.7673096656799316,,,
524,94399,,,,-2.545339584350586,1.148475170135498,4.558061599731445,,,
524,94449,,,,-3.189793825149536,0.6922990083694458,1.0335376262664795,,,
524,94499,,,,-2.9118213653564453,0.921892523765564,1.9601926803588867,,,
524,94499,,,,,,,-2.766244411468506,1.1088948249816895,3.231184720993042
525,94549,,,,-2.8342695236206055,0.9254589676856995,2.3434228897094727,,,
525,94599,,,,-2.137004852294922,1.979454755783081,11.671191215515137,,,
525,94649,,,,-3.059823989868164,0.7888402938842773,1.3941073417663574,,,
525,94679,,,,,,,-2.4625821113586426,1.7629503011703491,6.097039699554443
526,94699,,,,-2.930734634399414,1.1236085891723633,1.87665855884552,,,
526,94749,,,,-3.211656332015991,0.8115187883377075,0.9827975034713745,,,
526,94799,,,,-2.5177536010742188,1.7358770370483398,4.856979846954346,,,
526,94849,,,,-3.0626916885375977,0.8506379723548889,1.384932279586792,,,
526,94859,,,,,,,-2.65203857421875,1.393441915512085,4.072763919830322
527,94899,,,,-3.023273468017578,1.0341529846191406,1.516514539718628,,,
527,94949,,,,-3.183051347732544,0.7350353598594666,1.049708366394043,,,
527,94999,,,,-2.893340826034546,0.8023621439933777,2.0454046726226807,,,
527,95039,,,,,,,-2.651379108428955,1.2598092555999756,4.160088539123535
528,95049,,,,-2.8771023750305176,1.0637497901916504,2.1233301162719727,,,
528,95099,,,,-3.0469796657562256,0.9476038217544556,1.4359543323516846,,,
528,95149,,,,-2.9375033378601074,1.1320197582244873,1.8476381301879883,,,
528,95199,,,,-2.5651237964630127,1.4429292678833008,4.355080604553223,,,
528,95219,,,,,,,-2.851958990097046,0.986236572265625,2.849825620651245
529,95249,,,,-2.946028709411621,0.8549756407737732,1.8117209672927856,,,
529,95299,,,,-2.870388984680176,1.2149882316589355,2.1564085483551025,,,
529,95349,,,,-2.9608118534088135,1.0243499279022217,1.751089096069336,,,
529,95399,,,,-3.451167583465576,0.5446038842201233,0.566177487373352,,,
529,95399,,,,,,,-2.830371856689453,1.0117045640945435,2.9013497829437256
530,95449,,,,-2.991936683654785,0.8862528204917908,1.6299841403961182,,,
530,95499,,,,-2.8537814617156982,1.1151905059814453,2.2404675483703613,,,
530,95549,,,,-2.800135850906372,1.072287678718567,2.535036087036133,,,
530,95579,,,,,,,-2.4358482360839844,1.6161997318267822,6.577902317047119
531,95599,,,,-2.533155918121338,1.6445400714874268,4.687746047973633,,,
531,95649,,,,-3.02541446685791,0.8424203395843506,1.5090572834014893,,,
531,95699,,,,-2.9282419681549072,1.0794146060943604,1.8874621391296387,,,
531,95749,,,,-2.5564520359039307,1.4926321506500244,4.442914962768555,,,
531,95759,,,,,,,-2.5953166484832764,1.4026086330413818,4.737506866455078
532,95799,,,,-3.1440064907073975,0.6952762007713318,1.1484534740447998,,,
532,95849,,,,-2.5243704319000244,1.971280813217163,4.783542633056641,,,
532,95899,,,,-2.754019021987915,1.289038062095642,2.8190393447875977,,,
532,95939,,,,,,,-2.7756175994873047,1.1149348020553589,3.208616256713867
533,95949,,,,-2.897979736328125,0.9388014674186707,2.023672580718994,,,
533,95999,,,,-2.5546092987060547,1.5536638498306274,4.461806774139404,,,
533,96049,,,,-2.5813207626342773,1.274423599243164,4.195650100708008,,,
533,96099,,,,-2.4210305213928223,1.9062774181365967,6.068613529205322,,,
533,96119,,,,,,,-2.4462485313415527,1.6356106996536255,6.4760966300964355
534,96149,,,,-2.683873176574707,1.4604641199111938,3.3131942749023438,,,
534,96199,,,,-2.4418513774871826,1.6311180591583252,5.7845377922058105,,,
534,96249,,,,-2.545419454574585,1.6718031167984009,4.557225227355957,,,
534,96299,,,,-2.6033413410186768,1.3926348686218262,3.988218307495117,,,
534,96299,,,,,,,-2.5315754413604736,1.505478858947754,5.236710548400879
535,96349,,,,-2.624636173248291,1.354112148284912,3.7973785400390625,,,
535,96399,,,,-2.7927582263946533,1.3400869369506836,2.5784683227539062,,,
535,96449,,,,-2.402979612350464,2.093966245651245,6.3261637687683105,,,
535,96479,,,,,,,-2.3366055488586426,1.9966844320297241,7.901800155639648
536,96499,,,,-2.693181276321411,1.177079677581787,3.2429404258728027,,,
536,96549,,,,-2.917773962020874,1.0614519119262695,1.9335075616836548,,,
536,96599,,,,-2.5239415168762207,1.2021112442016602,4.788268089294434,,,
536,96649,,,,-2.8994908332824707,0.9318460822105408,2.0166449546813965,,,
536,96659,,,,,,,-2.7593994140625,1.0741297006607056,3.3048198223114014
537,96699,,,,-3.541391372680664,0.5020132660865784,0.4599689245223999,,,
537,96749,,,,-2.6239655017852783,1.2681093215942383,3.8032455444335938,,,
537,96799,,,,-2.611649990081787,1.3243944644927979,3.9126429557800293,,,
537,96839,,,,,,,-2.2904701232910156,2.0898678302764893,8.989154815673828
538,96849,,,,-2.4687747955322266,1.5432120561599731,5.436827182769775,,,
538,96899,,,,-2.774524211883545,1.0796374082565308,2.689030885696411,,,
538,96949,,,,-2.9648075103759766,1.022505521774292,1.7350521087646484,,,
538,96999,,,,-3.06526517868042,0.8558152914047241,1.3767484426498413,,,
538,97019,,,,,,,-2.523028612136841,1.7121174335479736,5.23759651184082
539,97049,,,,-2.2979395389556885,2.3235297203063965,8.057130813598633,,,
539,97099,,,,-2.387610673904419,1.6638853549957275,6.554043769836426,,,
539,97149,,,,-2.142672061920166,2.3648316860198975,11.519874572753906,,,
539,97199,,,,-2.9965286254882812,0.8752015233039856,1.6128402948379517,,,
539,97199,,,,,,,-2.743272304534912,1.1589617729187012,3.432914972305298
540,97249,,,,-2.8894364833831787,0.983942985534668,2.063875675201416,,,
540,97299,,,,-2.5813019275665283,1.4228498935699463,4.195830345153809,,,
540,97349,,,,-2.2579805850982666,2.1317811012268066,8.833637237548828,,,
540,97379,,,,,,,-2.6689324378967285,1.245534896850586,3.989312171936035
541,97399,,,,-3.0597927570343018,0.7959909439086914,1.3942062854766846,,,
541,97449,,,,-2.5203304290771484,1.8742613792419434,4.828248500823975,,,
541,97499,,,,-3.0314154624938965,0.8860721588134766,1.4883472919464111,,,
541,97549,,,,-2.9839107990264893,0.9900280833244324,1.6603871583938599,,,
541,97559,,,,,,,-2.729672908782959,1.1248825788497925,3.573598861694336
542,97599,,,,-2.9386353492736816,0.9071705341339111,1.842827320098877,,,
542,97649,,,,-2.7729408740997314,1.3317475318908691,2.6988525390625,,,
542,97699,,,,-2.7015695571899414,1.1368852853775024,3.180903673171997,,,
542,97739,,,,,,,-2.8550221920013428,0.9905382990837097,2.8408360481262207
543,97749,,,,-2.0835306644439697,2.0577359199523926,13.200469970703125,,,
543,97799,,,,-2.192197322845459,2.4143424034118652,10.278329849243164,,,
543,97849,,,,-2.739887237548828,1.2207155227661133,2.91227650642395,,,
543,97899,,,,-2.988024950027466,0.901811957359314,1.6447319984436035,,,
543,97919,,,,,,,-2.2735342979431152,2.1672732830047607,9.204365730285645
544,97949,,,,-3.5365307331085205,0.49280184507369995,0.4651454985141754,,,
544,97999,,,,-3.181809425354004,0.699627697467804,1.0527138710021973,,,
544,98049,,,,-2.866147994995117,0.9143388271331787,2.1775689125061035,,,
544,98099,,,,-2.3957560062408447,1.836300253868103,6.432267189025879,,,
544,98099,,,,,,,-2.596161127090454,1.4149497747421265,4.568741321563721
545,98149,,,,-2.931884765625,1.0000920295715332,1.8716952800750732,,,
545,98199,,,,-2.9442732334136963,0.8854078650474548,1.819058895111084,,,
545,98249,,,,-2.293548822402954,2.0001273155212402,8.139002799987793,,,
545,98279,,,,,,,-2.74723219871521,1.1192646026611328,3.3904592990875244
546,98299,,,,-3.1496548652648926,0.837939977645874,1.1336143016815186,,,
546,98349,,,,-2.696772813796997,1.5855894088745117,3.2162294387817383,,,
546,98399,,,,-3.0139262676239014,0.9337150454521179,1.5495073795318604,,,
546,98449,,,,-3.4244420528411865,0.5744497776031494,0.6021134257316589,,,
546,98459,,,,,,,-2.733302593231201,1.1918189525604248,3.4731853008270264
547,98499,,,,-2.701969861984253,1.0151546001434326,3.1779723167419434,,,
547,98549,,,,-3.20599102973938,0.7344409227371216,0.9957008361816406,,,
547,98599,,,,-2.759018659591675,1.188066005706787,2.786770820617676,,,
547,98639,,,,,,,-2.3387205600738525,1.859458565711975,8.164463996887207
548,98649,,,,-2.620288848876953,1.4490604400634766,3.835580587387085,,,
548,98699,,,,-3.10026216506958,0.8381580114364624,1.2701586484909058,,,
548,98749,,,,-3.21868634223938,0.7520056366920471,0.9670162200927734,,,
548,98799,,,,-3.2423839569091797,0.6794300675392151,0.9156643152236938,,,
548,98819,,,,,,,-2.8140037059783936,1.0389763116836548,3.0522444248199463
549,98849,,,,-2.935256242752075,0.9955793023109436,1.8572217226028442,,,
549,98899,,,,-2.4289379119873047,1.865628719329834,5.9591217041015625,,,
549,98949,,,,-3.4727301597595215,0.5547172427177429,0.5387532711029053,,,
549,98999,,,,-3.3372602462768555,0.6582844257354736,0.7359692454338074,,,
549,98999,,,,,,,-2.6416683197021484,1.189897060394287,4.323991775512695
550,99049,,,,-2.609523057937622,1.4275705814361572,3.9318487644195557,,,
550,99099,,,,-3.080758571624756,0.966052234172821,1.3284993171691895,,,
550,99149,,,,-2.9904706478118896,0.9017857313156128,1.6354966163635254,,,
550,99179,,,,,,,-2.4999749660491943,1.5101404190063477,5.671591281890869
551,99199,,,,-3.086503505706787,0.7877167463302612,1.3110425472259521,,,
551,99249,,,,-2.980071783065796,0.9938400983810425,1.67512845993042,,,
551,99299,,,,-3.2635810375213623,0.7014475464820862,0.8720442652702332,,,
551,99349,,,,-2.3950204849243164,2.2085788249969482,6.443173408508301,,,
551,99359,,,,,,,-2.3432815074920654,1.8362247943878174,7.993231773376465
552,99399,,,,-2.482546329498291,1.490807294845581,5.267126083374023,,,
552,99449,,,,-2.8990859985351562,1.1266937255859375,2.018524169921875,,,
552,99499,,,,-2.893087863922119,1.0180861949920654,2.0465950965881348,,,
552,99539,,,,,,,-2.2880468368530273,2.199281930923462,8.727251052856445
553,99549,,,,-3.1467742919921875,0.8171213865280151,1.141157627105713,,,
553,99599,,,,-2.8903725147247314,0.97748863697052,2.059431552886963,,,
553,99649,,,,-2.9251253604888916,0.8809106349945068,1.9010541439056396,,,
553,99699,,,,-2.404633045196533,1.9255774021148682,6.302125930786133,,,
553,99719,,,,,,,-2.421597719192505,2.0179970264434814,6.503019332885742
554,99749,,,,-2.2982218265533447,2.022935628890991,8.051898002624512,,,
554,99799,,,,-3.3315839767456055,0.6991146802902222,0.7456521987915039,,,
554,99849,,,,-3.0693135261535645,0.8776108622550964,1.3639750480651855,,,
554,99899,,,,-2.981799840927124,0.8441447615623474,1.6684772968292236,,,
554,99899,,,,,,,-2.8232879638671875,0.9979719519615173,3.004133939743042
555,99949,,,,-3.1864378452301025,0.8867978453636169,1.0415551662445068,,,
555,99999,,,,-2.5414865016937256,1.5314724445343018,4.598684787750244,,,
555,100049,,,,-3.3226122856140137,0.6483270525932312,0.7612162828445435,,,
555,100079,,,,,,,-2.835083484649658,1.0058574676513672,2.9124276638031006
556,100099,,,,-3.1125752925872803,0.9468486905097961,1.2346521615982056,,,
556,100149,,,,-3.4446096420288086,0.5482136011123657,0.5747921466827393,,,
556,100199,,,,-3.113205671310425,0.7887914776802063,1.2328622341156006,,,
556,100249,,,,-2.5503904819488525,1.4211394786834717,4.505361557006836,,,
556,100259,,,,,,,-2.6240599155426025,1.482357144355774,4.2002739906311035
557,100299,,,,-2.8355610370635986,1.0786964893341064,2.3364646434783936,,,
557,100349,,,,-2.0179390907287598,3.4819278717041016,15.352567672729492,,,
557,100399,,,,-2.9253041744232178,1.0906562805175781,1.9002740383148193,,,
557,100439,,,,,,,-2.2139573097229004,2.499155044555664,10.369049072265625
558,100449,,,,-2.673121213912964,0.967911958694458,3.3962435722351074,,,
558,100499,,,,-2.8772594928741455,1.025085210800171,2.122563362121582,,,
558,100549,,,,-2.395132303237915,2.0030360221862793,6.441511154174805,,,
558,100599,,,,-2.048870325088501,2.9110569953918457,14.297155380249023,,,
558,100619,,,,,,,-1.8922828435897827,3.4307937622070312,22.146696090698242
559,100649,,,,-2.951672077178955,0.8626761436462402,1.7883310317993164,,,
559,100699,,,,-3.1055517196655273,0.7409469485282898,1.2547818422317505,,,
559,100749,,,,-2.2587976455688477,2.068774938583374,8.817031860351562,,,
559,100799,,,,-2.9302961826324463,0.9295324683189392,1.8785547018051147,,,
559,100799,,,,,,,-2.463735342025757,1.7067081928253174,6.0169243812561035
560,100849,,,,-3.1403377056121826,0.6989688873291016,1.1581971645355225,,,
560,100899,,,,-2.540626049041748,1.6214208602905273,4.607805252075195,,,
560,100949,,,,-2.652820587158203,1.3683793544769287,3.558764934539795,,,
560,100979,,,,,,,-2.7216224670410156,1.170769214630127,3.6186363697052
561,100999,,,,-3.0957415103912354,0.8021646738052368,1.2834490537643433,,,
561,101049,,,,-2.6779696941375732,1.2886639833450317,3.35853910446167,,,
561,101099,,,,-2.6864287853240967,1.3635187149047852,3.2937569618225098,,,
561,101149,,,,-2.173273801803589,2.8094286918640137,10.736090660095215,,,
561,101159,,,,,,,-2.673715353012085,1.2540550231933594,3.9961981773376465
562,101199,,,,-2.1459567546844482,2.4063916206359863,11.433083534240723,,,
562,101249,,,,-2.6066646575927734,1.1967146396636963,3.9578137397766113,,,
562,101299,,,,-2.2351815700531006,2.020606279373169,9.309762954711914,,,
562,101339,,,,,,,-2.5059051513671875,1.4270648956298828,5.708879470825195
563,101349,,,,-2.761967658996582,1.3371984958648682,2.7679128646850586,,,
563,101399,,,,-2.7566518783569336,1.1978260278701782,2.802000045776367,,,
563,101449,,,,-3.0945613384246826,0.7912888526916504,1.2869410514831543,,,
563,101499,,,,-3.4289207458496094,0.5874282717704773,0.5959360003471375,,,
563,101519,,,,,,,-2.8424692153930664,0.9891907572746277,2.92561936378479
564,101549,,,,-3.203822612762451,0.7991431951522827,1.0006847381591797,,,
564,101599,,,,-2.913226366043091,0.9659433364868164,1.9538609981536865,,,
564,101649,,,,-2.196622133255005,2.670583724975586,10.174150466918945,,,
564,101699,,,,-2.721540927886963,1.2578562498092651,3.0379385948181152,,,
564,101699,,,,,,,-2.6904220581054688,1.1925169229507446,3.866675615310669
565,101749,,,,-3.159811496734619,0.6479876041412354,1.1074104309082031,,,
565,101799,,,,-2.937169075012207,0.9823728799819946,1.849060297012329,,,
565,101849,,,,-3.1401662826538086,0.7515090107917786,1.1586534976959229,,,
565,101879,,,,,,,-2.7703604698181152,1.1290922164916992,3.2391040325164795
566,101899,,,,-2.3355557918548584,2.373616933822632,7.388637065887451,,,
566,101949,,,,-2.9220619201660156,0.9428153038024902,1.9145132303237915,,,
566,101999,,,,-3.3747384548187256,0.6193451285362244,0.6751210689544678,,,
566,102049,,,,-2.623110055923462,1.2565059661865234,3.8107454776763916,,,
566,102059,,,,,,,-2.373579263687134,1.6522347927093506,7.7605462074279785
567,102099,,,,-2.0968265533447266,2.146023750305176,12.802465438842773,,,
567,102149,,,,-2.923632860183716,1.0316574573516846,1.9075989723205566,,,
567,102199,,,,-2.5924696922302246,1.384084939956665,4.0893144607543945,,,
567,102239,,,,,,,-2.463135242462158,1.665819525718689,6.158085823059082
568,102249,,,,-2.79879093170166,1.2994632720947266,2.5428991317749023,,,
568,102299,,,,-3.0729196071624756,0.7007982730865479,1.3526962995529175,,,
568,102349,,,,-2.773021697998047,1.2761235237121582,2.698349952697754,,,
568,102399,,,,-2.554973840713501,1.4581059217453003,4.458062171936035,,,
568,102419,,,,,,,-2.8679656982421875,0.9474291801452637,2.7031569480895996
569,102449,,,,-3.4187281131744385,0.5383090972900391,0.6100870370864868,,,
569,102499,,,,-3.007970094680786,0.9830977320671082,1.5709058046340942,,,
569,102549,,,,-2.3481152057647705,1.682629108428955,7.178022384643555,,,
569,102599,,,,-2.654858350753784,1.3870887756347656,3.5421066284179688,,,
569,102599,,,,,,,-2.520151376724243,1.5962597131729126,5.277304649353027
570,102649,,,,-3.0961287021636963,0.8340791463851929,1.2823048830032349,,,
570,102699,,,,-2.7443480491638184,1.4384608268737793,2.8825175762176514,,,
570,102749,,,,-3.0758326053619385,0.7984990477561951,1.343653917312622,,,
570,102779,,,,,,,-2.6468517780303955,1.2932140827178955,4.116782188415527
571,102799,,,,-2.293769121170044,1.9609179496765137,8.134876251220703,,,
571,102849,,,,-3.0046603679656982,1.0849230289459229,1.5829225778579712,,,
571,102899,,,,-2.5356321334838867,1.2238893508911133,4.661093711853027,,,
571,102949,,,,-2.7484962940216064,1.1830554008483887,2.8551158905029297,,,
571,102959,,,,,,,-2.559373378753662,1.382506251335144,5.037769794464111
572,102999,,,,-2.9832658767700195,0.8003427386283875,1.662853717803955,,,
572,103049,,,,-2.5568110942840576,1.566346526145935,4.439242362976074,,,
572,103099,,,,-2.9465091228485107,0.9132893681526184,1.8097175359725952,,,
572,103139,,,,,,,-2.7195394039154053,1.2977043390274048,3.5970051288604736
573,103149,,,,-2.9815123081207275,1.1357550621032715,1.6695822477340698,,,
573,103199,,,,-2.7609477043151855,1.2019603252410889,2.7744200229644775,,,
573,103249,,,,-2.0463194847106934,2.6779446601867676,14.381382942199707,,,
573,103299,,,,-2.192197561264038,2.5570881366729736,10.27833080291748,,,
573,103319,,,,,,,-2.4342033863067627,1.7857637405395508,6.445377826690674
574,103349,,,,-3.132070302963257,0.6148566007614136,1.1804561614990234,,,
574,103399,,,,-2.465071439743042,1.892526388168335,5.483381748199463,,,
574,103449,,,,-2.5568814277648926,1.3035516738891602,4.4385247230529785,,,
574,103499,,,,-2.5389275550842285,1.5249826908111572,4.625861644744873,,,
574,103499,,,,,,,-2.4330530166625977,1.7939153909683228,6.324731349945068
575,103549,,,,-2.643218517303467,1.462773084640503,3.6383254528045654,,,
575,103599,,,,-3.0966789722442627,0.6874325275421143,1.2806804180145264,,,
575,103649,,,,-3.3539655208587646,0.6086104512214661,0.7081974744796753,,,
575,103679,,,,,,,-1.7698612213134766,4.1420159339904785,28.322919845581055
576,103699,,,,-2.3174312114715576,1.9252022504806519,7.703514575958252,,,
576,103749,,,,-2.516791582107544,1.5271203517913818,4.867751121520996,,,
576,103799,,,,-2.5283854007720947,1.8332016468048096,4.739524841308594,,,
576,103849,,,,-1.6960479021072388,4.796980381011963,32.216041564941406,,,
576,103859,,,,,,,-2.2123608589172363,2.2785370349884033,10.426706314086914
577,103899,,,,-2.8246824741363525,1.1446588039398193,2.3957276344299316,,,
577,103949,,,,-2.907917022705078,0.9975897073745728,1.9778941869735718,,,
577,103999,,,,-3.1401097774505615,0.6703658699989319,1.158803939819336,,,
577,104039,,,,,,,-2.550372838973999,1.6154828071594238,5.041581630706787
578,104049,,,,-2.875378370285034,0.9990684390068054,2.1317758560180664,,,
578,104099,,,,-3.2204365730285645,0.6277929544448853,0.9631271362304688,,,
578,104149,,,,-3.304525375366211,0.6453922390937805,0.7935879230499268,,,
578,104199,,,,-2.9164888858795166,0.8947554230690002,1.9392375946044922,,,
578,104219,,,,,,,-2.2905683517456055,2.5098767280578613,8.577906608581543
579,104249,,,,-2.0758957862854004,3.30033278465271,13.43458080291748,,,
579,104299,,,,-2.897240161895752,0.9704817533493042,2.0271224975585938,,,
579,104349,,,,-2.826037883758545,1.222618579864502,2.388263702392578,,,
579,104399,,,,-3.370422601699829,0.6047829985618591,0.6818633079528809,,,
579,104399,,,,,,,-2.832228183746338,1.0146974325180054,2.8993170261383057
580,104449,,,,-3.26825213432312,0.5978763699531555,0.862716555595398,,,
580,104499,,,,-3.2269887924194336,0.8109216690063477,0.9487050771713257,,,
580,104549,,,,-2.357229471206665,2.134451389312744,7.02894926071167,,,
580,104579,,,,,,,-2.8189194202423096,1.0392018556594849,2.9162256717681885
581,104599,,,,-3.2261006832122803,0.7193573713302612,0.9506468176841736,,,
581,104649,,,,-3.467646598815918,0.5351344347000122,0.5450968146324158,,,
581,104699,,,,-2.5137345790863037,1.9568006992340088,4.90213680267334,,,
581,104749,,,,-2.2463672161102295,2.691577434539795,9.073040008544922,,,
581,104759,,,,,,,-2.603914260864258,1.4531835317611694,4.393229007720947
582,104799,,,,-2.6216111183166504,1.4774643182754517,3.823918342590332,,,
582,104849,,,,-2.90389347076416,1.0816466808319092,1.9963024854660034,,,
582,104899,,,,-2.7530922889709473,0.8796859383583069,2.8250608444213867,,,
582,104939,,,,,,,-2.805483818054199,1.0551095008850098,2.969142198562622
583,104949,,,,-3.0090677738189697,0.7838847041130066,1.5669403076171875,,,
583,104999,,,,-2.991305351257324,1.0004591941833496,1.632354974746704,,,
583,105049,,,,-2.8435871601104736,1.1027634143829346,2.2936809062957764,,,
583,105099,,,,-2.931568145751953,0.8744746446609497,1.873060703277588,,,
583,105119,,,,,,,-2.585404634475708,1.2736636400222778,4.721607685089111
584,105149,,,,-2.9191133975982666,1.1173593997955322,1.9275543689727783,,,
584,105199,,,,-3.116583824157715,0.8240197896957397,1.2233085632324219,,,
584,105249,,,,-3.253741502761841,0.6874106526374817,0.892028272151947,,,
584,105299,,,,-3.3084230422973633,0.7680229544639587,0.7864972352981567,,,
584,105299,,,,,,,-2.706843137741089,1.2474619150161743,3.6230664253234863
585,105349,,,,-2.6615219116210938,1.6703810691833496,3.4881722927093506,,,
585,105399,,,,-2.952906370162964,0.9611303210258484,1.7832564115524292,,,
585,105449,,,,-2.989368200302124,0.9726365208625793,1.6396517753601074,,,
585,105479,,,,,,,-2.719722032546997,1.1253842115402222,3.6490442752838135
586,105499,,,,-2.6537134647369385,1.586335301399231,3.551456928253174,,,
586,105549,,,,-2.6472294330596924,0.9084393382072449,3.6048779487609863,,,
586,105599,,,,-2.0542750358581543,3.068664073944092,14.120336532592773,,,
586,105649,,,,-2.935015916824341,1.039473533630371,1.8582494258880615,,,
586,105659,,,,,,,-2.717393159866333,1.1443921327590942,3.651158332824707
587,105699,,,,-3.290804624557495,0.742692232131958,0.8190599679946899,,,
587,105749,,,,-2.5944035053253174,1.6901679039001465,4.071146011352539,,,
587,105799,,,,-2.5704386234283447,1.4321073293685913,4.302109718322754,,,
587,105839,,,,,,,-2.786827802658081,1.0813755989074707,3.2132041454315186
588,105849,,,,-2.7987425327301025,1.2353746891021729,2.543182373046875,,,
588,105899,,,,-3.0891735553741455,1.0548253059387207,1.3030059337615967,,,
588,105949,,,,-1.9561455249786377,2.7740283012390137,17.70005226135254,,,
588,105999,,,,-2.9344279766082764,0.9528136253356934,1.8607673645019531,,,
588,106019,,,,,,,-2.7317299842834473,1.1268842220306396,3.394686698913574
589,106049,,,,-2.724574327468872,1.4027900695800781,3.0167927742004395,,,
589,106099,,,,-2.916466236114502,1.032160997390747,1.9393396377563477,,,
589,106149,,,,-3.1946823596954346,0.6233167052268982,1.0219696760177612,,,
589,106199,,,,-2.881930351257324,1.1595042943954468,2.099857807159424,,,
589,106199,,,,,,,-2.487128496170044,1.8310317993164062,5.585854530334473
590,106249,,,,-2.7914671897888184,1.0894689559936523,2.5861434936523438,,,
590,106299,,,,-3.0587592124938965,0.8808526396751404,1.3975297212600708,,,
590,106349,,,,-3.208397150039673,0.7923251390457153,0.9902004599571228,,,
590,106379,,,,,,,-2.3825573921203613,1.9460986852645874,7.127588272094727
591,106399,,,,-2.3393492698669434,2.1942014694213867,7.32437801361084,,,
591,106449,,,,-3.1627016067504883,0.7177294492721558,1.1000653505325317,,,
591,106499,,,,-2.584296464920044,1.5302603244781494,4.166999816894531,,,
591,106549,,,,-2.947133779525757,1.1158065795898438,1.8071177005767822,,,
591,106559,,,,,,,-2.5765445232391357,1.6024852991104126,4.661430358886719
592,106599,,,,-3.101968288421631,0.7157723307609558,1.2651786804199219,,,
592,106649,,,,-2.4902775287628174,1.9385396242141724,5.174190044403076,,,
592,106699,,,,-3.2078857421875,0.798457145690918,0.991365909576416,,,
592,106739,,,,,,,-2.5084872245788574,1.4957765340805054,5.665274143218994
593,106749,,,,-2.522265911102295,1.6406137943267822,4.8067803382873535,,,
593,106799,,,,-2.966501474380493,1.017546534538269,1.7282979488372803,,,
593,106849,,,,-3.1091105937957764,0.7795928716659546,1.244541883468628,,,
593,106899,,,,-3.18701434135437,0.8282231092453003,1.0401734113693237,,,
593,106919,,,,,,,-2.7294704914093018,1.1969319581985474,3.483442544937134
594,106949,,,,-3.5933878421783447,0.46673208475112915,0.40806737542152405,,,
594,106999,,,,-3.258683681488037,0.6378176808357239,0.8819334506988525,,,
594,107049,,,,-2.7671611309051514,1.246069312095642,2.7350106239318848,,,
594,107099,,,,-2.888059139251709,1.1091244220733643,2.070430278778076,,,
594,107099,,,,,,,-2.752131700515747,1.078377604484558,3.349585771560669
595,107149,,,,-3.0850472450256348,0.8053898215293884,1.3154451847076416,,,
595,107199,,,,-3.3761754035949707,0.5854381322860718,0.6728906631469727,,,
595,107249,,,,-2.805734634399414,1.1018531322479248,2.502565383911133,,,
595,107279,,,,,,,-2.723275661468506,1.1504484415054321,3.596090793609619
596,107299,,,,-2.5192463397979736,1.3778376579284668,4.840315818786621,,,
596,107349,,,,-2.6410911083221436,1.1593503952026367,3.6561901569366455,,,
596,107399,,,,-2.7504115104675293,1.0420821905136108,2.842552900314331,,,
596,107449,,,,-3.2085371017456055,0.716632068157196,0.989881157875061,,,
596,107459,,,,,,,-2.8347585201263428,0.9766033887863159,2.913076400756836
597,107499,,,,-3.0701663494110107,0.9607139229774475,1.3612995147705078,,,
597,107549,,,,-3.737337112426758,0.4376787543296814,0.2929431200027466,,,
597,107599,,,,-2.610597848892212,1.5208203792572021,3.922131061553955,,,
597,107639,,,,,,,-2.454664945602417,1.7881970405578613,6.10108757019043
598,107649,,,,-2.754847764968872,0.9380027651786804,2.8136637210845947,,,
598,107699,,,,-2.1676957607269287,2.6830263137817383,10.874876022338867,,,
598,107749,,,,-2.795128107070923,1.0965758562088013,2.5644373893737793,,,
598,107799,,,,-2.8943185806274414,1.0318937301635742,2.040804862976074,,,
598,107819,,,,,,,-2.5114352703094482,1.4764771461486816,5.661452293395996
599,107849,,,,-3.3076066970825195,0.6887446045875549,0.7879765033721924,,,
599,107899,,,,-3.264286518096924,0.6099745035171509,0.8706293702125549,,,
599,107949,,,,-3.3541605472564697,0.637436032295227,0.7078796625137329,,,
599,107999,,,,-2.579721689224243,1.5461595058441162,4.211127281188965,,,
599,107999,,,,,,,-2.359456777572632,2.039116382598877,7.516598701477051
600,108049,,,,-3.236107110977173,0.6857330203056335,0.9289939403533936,,,
600,108099,,,,-2.449808120727539,1.2997710704803467,5.679523944854736,,,
600,108149,,,,-2.7827370166778564,1.2292470932006836,2.6386570930480957,,,
600,108179,,,,,,,-2.6576929092407227,1.2685248851776123,4.078605651855469
601,108199,,,,-3.303845167160034,0.6722031831741333,0.7948312163352966,,,
601,108249,,,,-2.4299681186676025,1.5618497133255005,5.945003032684326,,,
601,108299,,,,-3.0135793685913086,1.123819351196289,1.550745964050293,,,
601,108349,,,,-3.020596742630005,0.7899771928787231,1.525890827178955,,,
601,108359,,,,,,,-2.695709228515625,1.3246252536773682,3.597179651260376
602,108399,,,,-2.987426996231079,1.101365327835083,1.6469974517822266,,,
602,108449,,,,-2.3330535888671875,1.8859903812408447,7.431330680847168,,,
602,108499,,,,-2.976194143295288,0.9290443062782288,1.6901531219482422,,,
602,108539,,,,,,,-2.6752703189849854,1.2445155382156372,4.007774829864502
603,108549,,,,-3.1022729873657227,0.8896380066871643,1.264291524887085,,,
603,108599,,,,-2.7499868869781494,1.1201038360595703,2.8453335762023926,,,
603,108649,,,,-3.323455333709717,0.5826259851455688,0.7597393989562988,,,
603,108699,,,,-2.655480146408081,1.3127896785736084,3.537036895751953,,,
603,108719,,,,,,,-2.5936264991760254,1.3696811199188232,4.671975135803223
604,108749,,,,-2.8130571842193604,1.125993013381958,2.4607231616973877,,,
604,108799,,,,-3.0989630222320557,0.8598114848136902,1.273963451385498,,,
604,108849,,,,-2.772101402282715,1.0936145782470703,2.7040724754333496,,,
604,108899,,,,-3.0227701663970947,0.9820758700370789,1.5182727575302124,,,
604,108899,,,,,,,-2.677724838256836,1.2404338121414185,3.8413782119750977
605,108949,,,,-2.5387179851531982,1.7854950428009033,4.628093242645264,,,
605,108999,,,,-3.278229236602783,0.6882938742637634,0.8431229591369629,,,
605,109049,,,,-1.8149930238723755,3.4065985679626465,24.497791290283203,,,
605,109079,,,,,,,-2.469123601913452,1.561602234840393,6.049529075622559
606,109099,,,,-2.6930124759674072,1.0625543594360352,3.2441999912261963,,,
606,109149,,,,-3.0180275440216064,0.9318714737892151,1.5349442958831787,,,
606,109199,,,,-2.4763388633728027,1.7918860912322998,5.342949390411377,,,
606,109249,,,,-3.019113302230835,0.9093318581581116,1.531111478805542,,,
606,109259,,,,,,,-2.0448849201202393,2.961106538772583,15.272753715515137
607,109299,,,,-2.434889316558838,1.6649842262268066,5.878015995025635,,,
607,109349,,,,-2.869203805923462,0.8768221735954285,2.1623008251190186,,,
607,109399,,,,-2.495469331741333,1.0785293579101562,5.1127028465271,,,
607,109439,,,,,,,-2.3685829639434814,1.9541661739349365,7.388312339782715
608,109449,,,,-2.2960927486419678,2.034700393676758,8.09146785736084,,,
608,109499,,,,-2.769949197769165,1.3371796607971191,2.717507839202881,,,
608,109549,,,,-2.7988734245300293,1.1327704191207886,2.542416572570801,,,
608,109599,,,,-3.294525384902954,0.7398467063903809,0.8120724558830261,,,
608,109619,,,,,,,-2.764524221420288,1.099685788154602,3.255197048187256
609,109649,,,,-2.4198403358459473,1.3863329887390137,6.085268974304199,,,
609,109699,,,,-2.4449849128723145,1.7837716341018677,5.742952823638916,,,
609,109749,,,,-3.4698150157928467,0.560089111328125,0.5423818826675415,,,
609,109799,,,,-2.322293996810913,2.112517833709717,7.617737770080566,,,
609,109799,,,,,,,-2.414970874786377,1.7684082984924316,6.827540397644043
610,109849,,,,-2.779301166534424,1.3428446054458618,2.6596171855926514,,,
610,109899,,,,-3.3529257774353027,0.5685039162635803,0.7098946571350098,,,
610,109949,,,,-2.7339560985565186,1.406776785850525,2.9523239135742188,,,
610,109979,,,,,,,-2.764714002609253,1.1109424829483032,3.237645149230957
611,109999,,,,-2.4805386066436768,2.005553960800171,5.291533470153809,,,
611,110049,,,,-3.248692512512207,0.722578227519989,0.9024585485458374,,,
611,110099,,,,-2.775357246398926,1.3797824382781982,2.683877944946289,,,
611,110149,,,,-2.9289567470550537,0.9903808832168579,1.88435697555542,,,
611,110159,,,,,,,-2.6125662326812744,1.3839408159255981,4.330160617828369
612,110199,,,,-2.103464365005493,2.490349292755127,12.608270645141602,,,
612,110249,,,,-2.8686940670013428,1.1613242626190186,2.1648411750793457,,,
612,110299,,,,-3.0956528186798096,0.8221724629402161,1.283710241317749,,,
612,110339,,,,,,,-2.737267017364502,1.0781272649765015,3.4922964572906494
613,110349,,,,-3.7253201007843018,0.41815707087516785,0.30116167664527893,,,
613,110399,,,,-3.3649497032165527,0.6843264102935791,0.6905105113983154,,,
613,110449,,,,-3.4849956035614014,0.49982279539108276,0.523750364780426,,,
613,110499,,,,-3.278780698776245,0.5974873304367065,0.8420518636703491,,,
613,110519,,,,,,,-2.7934820652008057,1.0224089622497559,3.0666792392730713
614,110549,,,,-2.835270881652832,1.2108826637268066,2.3380255699157715,,,
614,110599,,,,-2.96071720123291,0.8541479706764221,1.7514705657958984,,,
614,110649,,,,-2.90915846824646,0.9892135262489319,1.9722487926483154,,,
614,110699,,,,-3.6294667720794678,0.41240525245666504,0.375537633895874,,,
614,110699,,,,,,,-2.7860028743743896,1.053557276725769,3.1621978282928467
615,110749,,,,-2.6580116748809814,1.3878368139266968,3.516481876373291,,,
615,110799,,,,-3.081833839416504,0.8525303602218628,1.3252155780792236,,,
615,110849,,,,-3.3852784633636475,0.6031814217567444,0.6589335799217224,,,
615,110879,,,,,,,-2.79392147064209,1.039169430732727,3.138410806655884
616,110899,,,,-2.741382598876953,1.0307039022445679,2.902266025543213,,,
616,110949,,,,-3.0318644046783447,0.8648221492767334,1.4868104457855225,,,
616,110999,,,,-2.9589216709136963,1.0782310962677002,1.7587261199951172,,,
616,111049,,,,-3.0876126289367676,0.8735835552215576,1.3076984882354736,,,
616,111059,,,,,,,-2.635035753250122,1.2919707298278809,4.268792152404785
617,111099,,,,-2.929705858230591,0.8318549394607544,1.881109595298767,,,
617,111149,,,,-3.8725016117095947,0.3659663796424866,0.21459439396858215,,,
617,111199,,,,-2.7487587928771973,1.0450688600540161,2.853390693664551,,,
617,111239,,,,,,,-2.800626516342163,1.044240117073059,3.0919692516326904
618,111249,,,,-3.6285829544067383,0.4342181086540222,0.37630224227905273,,,
618,111299,,,,-2.882516384124756,0.9762369990348816,2.097024917602539,,,
618,111349,,,,-2.7123050689697266,1.4819530248641968,3.103236198425293,,,
618,111399,,,,-2.536738872528076,1.5267753601074219,4.649233341217041,,,
618,111419,,,,,,,-2.4766130447387695,1.6650580167770386,5.920070171356201
619,111449,,,,-3.2577898502349854,0.7084072828292847,0.8837521076202393,,,
619,111499,,,,-3.3802037239074707,0.6104050874710083,0.6666783094406128,,,
619,111549,,,,-3.1385512351989746,0.706450343132019,1.1629706621170044,,,
619,111599,,,,-2.9181480407714844,1.1284703016281128,1.9318439960479736,,,
619,111599,,,,,,,-2.525907278060913,1.641153335571289,5.157386779785156
620,111600,,,,,,,-2.874394416809082,0.9417030811309814,2.6940932273864746
620,111600,-2.8637781143188477,0.9356915354728699,2.598355770111084,,,,,,
