epoch,step,test_loss,test_mae,test_mse,train_loss,train_mae,train_mse,val_loss,val_mae,val_mse
0,49,,,,0.17914032936096191,34.17034149169922,2416.9091796875,,,
0,99,,,,-0.5566043257713318,14.888105392456055,444.1356506347656,,,
0,149,,,,-1.410064697265625,6.416425704956055,62.23796463012695,,,
0,179,,,,,,,-0.6845920085906982,13.728864669799805,354.6681823730469
1,199,,,,-0.6906348466873169,11.880146026611328,326.2009582519531,,,
1,249,,,,-0.09532028436660767,32.05125427246094,1284.694091796875,,,
1,299,,,,-1.1670515537261963,7.696601867675781,108.91019439697266,,,
1,349,,,,-0.2901533842086792,22.586536407470703,820.2884521484375,,,
1,359,,,,,,,-0.25207042694091797,23.157068252563477,961.6375732421875
2,399,,,,-1.5671825408935547,5.616450309753418,43.3448486328125,,,
2,449,,,,-0.34588244557380676,21.983558654785156,721.5020751953125,,,
2,499,,,,-0.5559437274932861,15.101655006408691,444.81182861328125,,,
2,539,,,,,,,-1.60492742061615,5.391902446746826,40.517372131347656
3,549,,,,-1.2191805839538574,8.451432228088379,96.59159851074219,,,
3,599,,,,-0.9832818508148193,9.665599822998047,166.279296875,,,
3,649,,,,-1.6212114095687866,5.237395286560059,38.27442169189453,,,
3,699,,,,-0.2893510162830353,20.834604263305664,821.805419921875,,,
3,719,,,,,,,-0.686947762966156,13.658692359924316,352.373779296875
4,749,,,,-1.4351752996444702,6.798896789550781,58.7414665222168,,,
4,799,,,,-1.4632809162139893,5.52687931060791,55.06035614013672,,,
4,849,,,,-1.368369698524475,6.538466453552246,68.50942993164062,,,
4,899,,,,-1.488725185394287,6.191500663757324,51.92720031738281,,,
4,899,,,,,,,-1.600792407989502,5.46510648727417,41.065895080566406
5,949,,,,-1.4957355260849,5.946825981140137,51.09571838378906,,,
5,999,,,,-1.2764369249343872,7.237782955169678,84.66091918945312,,,
5,1049,,,,-0.9793106317520142,10.522623062133789,167.8067626953125,,,
5,1079,,,,,,,0.12285561859607697,36.5437126159668,2272.76318359375
6,1099,,,,-1.686503529548645,4.865909099578857,32.931880950927734,,,
6,1149,,,,-0.27709588408470154,20.742961883544922,845.3257446289062,,,
6,1199,,,,-0.6370987892150879,14.605109214782715,368.9956970214844,,,
6,1249,,,,-1.3143571615219116,6.879136085510254,77.58232879638672,,,
6,1259,,,,,,,-1.5016939640045166,6.031989574432373,51.31128692626953
7,1299,,,,-1.521780252456665,6.073243141174316,48.12156295776367,,,
7,1349,,,,-0.20015008747577667,25.156618118286133,1009.1830444335938,,,
7,1399,,,,-0.8898721933364868,11.173547744750977,206.18060302734375,,,
7,1439,,,,,,,-1.0718318223953247,9.093461990356445,142.591552734375
8,1449,,,,-0.1744265854358673,24.152626037597656,1070.76318359375,,,
8,1499,,,,-0.5608528852462769,17.259258270263672,439.81207275390625,,,
8,1549,,,,-1.4463732242584229,6.342950820922852,57.2462158203125,,,
8,1599,,,,-1.6650949716567993,4.705840110778809,34.5959358215332,,,
8,1619,,,,,,,-1.246354579925537,7.750392436981201,92.90904235839844
9,1649,,,,-1.4857778549194336,5.969108581542969,52.28078079223633,,,
9,1699,,,,-0.9815840125083923,10.144978523254395,166.93060302734375,,,
9,1749,,,,-1.6022721529006958,5.30865478515625,39.980464935302734,,,
9,1799,,,,-0.5615202188491821,17.467662811279297,439.13677978515625,,,
9,1799,,,,,,,-0.4309854209423065,18.73515510559082,635.0060424804688
10,1849,,,,-1.4861154556274414,5.828787326812744,52.24016189575195,,,
10,1899,,,,-0.1459828019142151,27.285537719726562,1143.2393798828125,,,
10,1949,,,,-1.4700552225112915,6.338873386383057,54.20818328857422,,,
10,1979,,,,,,,-0.6865491271018982,13.729341506958008,351.58526611328125
11,1999,,,,-1.091972827911377,9.215904235839844,129.46347045898438,,,
11,2049,,,,-0.11628782004117966,24.68198585510254,1224.14306640625,,,
11,2099,,,,-1.4483733177185059,6.036828994750977,56.98318099975586,,,
11,2149,,,,-1.4589024782180786,6.619724750518799,55.6182861328125,,,
11,2159,,,,,,,-0.9956033229827881,9.66751766204834,170.58387756347656
12,2199,,,,-0.6863664388656616,14.47978401184082,329.4227294921875,,,
12,2249,,,,-0.7755738496780396,12.71263313293457,268.25396728515625,,,
12,2299,,,,-1.2590237855911255,7.678094863891602,88.12440490722656,,,
12,2339,,,,,,,-0.5889456272125244,15.819061279296875,433.25238037109375
13,2349,,,,-0.6600701808929443,13.1820068359375,349.9853515625,,,
13,2399,,,,-1.6578046083450317,4.925785064697266,35.18158721923828,,,
13,2449,,,,-0.353897362947464,23.10025405883789,708.3087158203125,,,
13,2499,,,,-1.5323765277862549,5.932914733886719,46.96165466308594,,,
13,2519,,,,,,,-1.075618028640747,9.252486228942871,138.9020233154297
14,2549,,,,-1.0720570087432861,8.982183456420898,135.53858947753906,,,
14,2599,,,,-0.3720432221889496,21.792797088623047,679.3236694335938,,,
14,2649,,,,-0.8712501525878906,10.974480628967285,215.21368408203125,,,
14,2699,,,,-1.1086430549621582,9.037097930908203,124.58824157714844,,,
14,2699,,,,,,,-0.8358592987060547,11.806178092956543,247.09291076660156
15,2749,,,,-1.599306344985962,5.501285552978516,40.25442886352539,,,
15,2799,,,,-1.4323700666427612,6.926161766052246,59.12212371826172,,,
15,2849,,,,-1.260450005531311,7.827755928039551,87.8354721069336,,,
15,2879,,,,,,,-0.353071928024292,20.672168731689453,751.0709838867188
16,2899,,,,-1.3709796667099,6.658946514129639,68.09893798828125,,,
16,2949,,,,-1.7520605325698853,4.687310218811035,28.317798614501953,,,
16,2999,,,,-0.9300901889801025,10.565223693847656,187.944580078125,,,
16,3049,,,,-1.4725291728973389,5.846869468688965,53.90026092529297,,,
16,3059,,,,,,,-1.177359938621521,8.03914737701416,111.06145477294922
17,3099,,,,-1.5270367860794067,5.921086311340332,47.542633056640625,,,
17,3149,,,,-1.1146212816238403,7.995039939880371,122.88497161865234,,,
17,3199,,,,-1.246863842010498,7.9441680908203125,90.626708984375,,,
17,3239,,,,,,,-1.4766148328781128,6.1912736892700195,54.76067352294922
18,3249,,,,-1.2513641119003296,7.6004438400268555,89.69244384765625,,,
18,3299,,,,-1.48564612865448,5.857937812805176,52.29666519165039,,,
18,3349,,,,-0.7769469618797302,12.031030654907227,267.4071350097656,,,
18,3399,,,,-0.5718664526939392,16.475357055664062,428.7987976074219,,,
18,3419,,,,,,,-0.906465470790863,10.810030937194824,209.49737548828125
19,3449,,,,-1.1246174573898315,8.75063419342041,120.08880615234375,,,
19,3499,,,,-1.0523567199707031,9.382957458496094,141.82846069335938,,,
19,3549,,,,-0.5801043510437012,16.805892944335938,420.7417907714844,,,
19,3599,,,,-1.4277751445770264,6.706218242645264,59.75093460083008,,,
19,3599,,,,,,,-1.471413016319275,6.212067604064941,55.44581604003906
20,3649,,,,-1.5492582321166992,5.421250343322754,45.171207427978516,,,
20,3699,,,,-1.5300835371017456,5.770349025726318,47.21026611328125,,,
20,3749,,,,-1.5174871683120728,5.554085731506348,48.59961700439453,,,
20,3779,,,,,,,-1.1474249362945557,8.297874450683594,120.53116607666016
21,3799,,,,-1.1943135261535645,7.8092498779296875,102.28368377685547,,,
21,3849,,,,-1.7238467931747437,4.741789817810059,30.218521118164062,,,
21,3899,,,,-0.9205527901649475,11.032340049743652,192.11761474609375,,,
21,3949,,,,-1.64206862449646,5.060840606689453,36.47971725463867,,,
21,3959,,,,,,,-1.5170410871505737,5.951120376586914,49.89146041870117
22,3999,,,,-1.6403640508651733,5.07097864151001,36.6231803894043,,,
22,4049,,,,-1.505065679550171,5.810516357421875,50.00970458984375,,,
22,4099,,,,-1.6425670385360718,4.841142654418945,36.4378776550293,,,
22,4139,,,,,,,-1.5202845335006714,5.8099284172058105,49.651668548583984
23,4149,,,,-1.7252116203308105,4.686490058898926,30.123699188232422,,,
23,4199,,,,-1.434700608253479,6.332086563110352,58.805686950683594,,,
23,4249,,,,-1.5479108095169067,5.44326114654541,45.31156921386719,,,
23,4299,,,,-1.2713487148284912,7.315077781677246,85.65866088867188,,,
23,4319,,,,,,,-1.0672907829284668,9.274291038513184,142.8719024658203
24,4349,,,,-1.4363371133804321,5.575428009033203,58.584510803222656,,,
24,4399,,,,-0.9634416103363037,9.918655395507812,174.0517578125,,,
24,4449,,,,-1.4789149761199951,5.431216239929199,53.113502502441406,,,
24,4499,,,,-1.0427179336547852,9.771303176879883,145.01141357421875,,,
24,4499,,,,,,,-1.5196369886398315,5.776535987854004,49.38323211669922
25,4549,,,,-0.9808136820793152,10.026655197143555,167.22695922851562,,,
25,4599,,,,-0.7735928893089294,12.915141105651855,269.4803161621094,,,
25,4649,,,,-1.4135109186172485,6.007277011871338,61.74604415893555,,,
25,4679,,,,,,,-1.390759825706482,6.467615127563477,67.40420532226562
26,4699,,,,-1.0781550407409668,8.664884567260742,133.64874267578125,,,
26,4749,,,,-0.9594862461090088,10.36504077911377,175.6442413330078,,,
26,4799,,,,-1.0094196796417236,10.140298843383789,156.5670623779297,,,
26,4849,,,,-1.3066365718841553,6.555073261260986,78.97389221191406,,,
26,4859,,,,,,,-1.5170965194702148,5.764187812805176,49.64940643310547
27,4899,,,,-1.2338013648986816,7.220530033111572,93.39392852783203,,,
27,4949,,,,-1.1840673685073853,8.292364120483398,104.7255630493164,,,
27,4999,,,,-1.1916552782058716,8.023338317871094,102.91168975830078,,,
27,5039,,,,,,,-1.3686257600784302,6.694392204284668,70.78164672851562
28,5049,,,,-1.664292573928833,4.792840957641602,34.659912109375,,,
28,5099,,,,-1.291277289390564,7.613009452819824,81.81684112548828,,,
28,5149,,,,-1.2468432188034058,7.752801895141602,90.63101196289062,,,
28,5199,,,,-1.146176815032959,8.557516098022461,114.27288818359375,,,
28,5219,,,,,,,-1.5356656312942505,5.654041290283203,47.61875915527344
29,5249,,,,-1.3124603033065796,7.787921905517578,77.92190551757812,,,
29,5299,,,,-1.1183406114578247,9.318839073181152,121.83705139160156,,,
29,5349,,,,-1.5873993635177612,5.417879104614258,41.37333679199219,,,
29,5399,,,,-1.7435449361801147,4.719982624053955,28.878536224365234,,,
29,5399,,,,,,,-0.6754970550537109,14.186034202575684,358.6296691894531
30,5449,,,,-0.511474609375,18.839345932006836,492.77130126953125,,,
30,5499,,,,-1.8636528253555298,3.904865026473999,21.901166915893555,,,
30,5549,,,,-1.1976954936981201,7.481163024902344,101.49030303955078,,,
30,5579,,,,,,,-1.5790207386016846,5.593257427215576,43.250152587890625
31,5599,,,,-1.0496925115585327,10.654342651367188,142.70115661621094,,,
31,5649,,,,-1.3391683101654053,5.865675449371338,73.2742919921875,,,
31,5699,,,,-0.7823095321655273,13.757307052612305,264.1255798339844,,,
31,5749,,,,-1.7501522302627563,4.587918758392334,28.442495346069336,,,
31,5759,,,,,,,-1.2108749151229858,7.586045265197754,103.83840942382812
32,5799,,,,-1.5098477602005005,5.830193519592285,49.46205139160156,,,
32,5849,,,,-1.374990463256836,6.601557731628418,67.47291564941406,,,
32,5899,,,,-1.5428959131240845,5.825045585632324,45.83783721923828,,,
32,5939,,,,,,,-1.2254031896591187,7.770963668823242,98.33710479736328
33,5949,,,,-1.7628116607666016,4.428092002868652,27.62537384033203,,,
33,5999,,,,-1.497862696647644,5.95380973815918,50.84606170654297,,,
33,6049,,,,-1.518798828125,5.686545372009277,48.45305252075195,,,
33,6099,,,,-1.0671465396881104,8.13404655456543,137.0797576904297,,,
33,6119,,,,,,,-0.4872766137123108,17.656356811523438,557.1304321289062
34,6149,,,,-1.795616626739502,3.9493603706359863,25.615528106689453,,,
34,6199,,,,-1.2322371006011963,7.55751895904541,93.73090362548828,,,
34,6249,,,,-1.543107509613037,4.985646724700928,45.81550216674805,,,
34,6299,,,,-1.651317834854126,5.117377281188965,35.71101379394531,,,
34,6299,,,,,,,-1.1773195266723633,7.926642894744873,112.28873443603516
35,6349,,,,-0.9207985997200012,10.921524047851562,192.00892639160156,,,
35,6399,,,,-1.513563871383667,5.485404014587402,49.04064178466797,,,
35,6449,,,,-1.5723881721496582,5.684049129486084,42.82838821411133,,,
35,6479,,,,,,,-1.3529410362243652,7.009605407714844,73.0029296875
36,6499,,,,-0.12092193216085434,26.545093536376953,1211.150390625,,,
36,6549,,,,-1.7531704902648926,4.430902481079102,28.245519638061523,,,
36,6599,,,,-1.640546202659607,4.692716121673584,36.60782241821289,,,
36,6649,,,,-1.5283544063568115,5.7580156326293945,47.39860534667969,,,
36,6659,,,,,,,-0.8917587399482727,10.755825996398926,219.41238403320312
37,6699,,,,-1.5487059354782104,5.739402770996094,45.22868728637695,,,
37,6749,,,,-1.626863718032837,5.446437358856201,37.779502868652344,,,
37,6799,,,,-1.5385291576385498,5.822758674621582,46.30105209350586,,,
37,6839,,,,,,,-0.8491432666778564,11.938539505004883,237.4326934814453
38,6849,,,,-1.3203874826431274,7.39971923828125,76.51253509521484,,,
38,6899,,,,-1.6355867385864258,4.705493450164795,37.02826690673828,,,
38,6949,,,,-1.3515645265579224,7.087281227111816,71.21237182617188,,,
38,6999,,,,-1.621577501296997,4.99481201171875,38.24217224121094,,,
38,7019,,,,,,,-0.965855598449707,10.30208683013916,182.3483123779297
39,7049,,,,-1.7372870445251465,4.610550880432129,29.29766082763672,,,
39,7099,,,,-1.1980218887329102,7.5116753578186035,101.41403198242188,,,
39,7149,,,,-1.4041416645050049,6.447888374328613,63.09259796142578,,,
39,7199,,,,-1.743518352508545,4.624449729919434,28.880294799804688,,,
39,7199,,,,,,,-1.3473708629608154,6.813902378082275,74.87281799316406
40,7249,,,,-1.6603765487670898,4.991890907287598,34.973846435546875,,,
40,7299,,,,-1.7158541679382324,4.809938430786133,30.779804229736328,,,
40,7349,,,,-1.6651959419250488,5.014952182769775,34.587890625,,,
40,7379,,,,,,,-1.631449818611145,5.080305576324463,38.783447265625
41,7399,,,,-1.3009350299835205,6.311729907989502,80.01752471923828,,,
41,7449,,,,-1.6885443925857544,4.789092063903809,32.77749252319336,,,
41,7499,,,,-1.2448081970214844,7.407660961151123,91.05668640136719,,,
41,7549,,,,-1.7608833312988281,4.408913612365723,27.74832534790039,,,
41,7559,,,,,,,-1.0181150436401367,9.586588859558105,162.47711181640625
42,7599,,,,-1.7236731052398682,4.207976341247559,30.230619430541992,,,
42,7649,,,,-1.4891657829284668,5.420804500579834,51.87452697753906,,,
42,7699,,,,-1.6055309772491455,5.000571250915527,39.68158721923828,,,
42,7739,,,,,,,-1.0054188966751099,9.531167984008789,167.96144104003906
43,7749,,,,-1.383487582206726,6.809135913848877,66.16561126708984,,,
43,7799,,,,-1.3488352298736572,6.860494613647461,71.66131591796875,,,
43,7849,,,,-1.6235283613204956,5.218626022338867,38.070762634277344,,,
43,7899,,,,-1.201374888420105,6.6810173988342285,100.63408660888672,,,
43,7919,,,,,,,-0.39153099060058594,19.558961868286133,701.0734252929688
44,7949,,,,-0.5982987880706787,14.989144325256348,403.47930908203125,,,
44,7999,,,,-1.427333950996399,6.689775466918945,59.81169128417969,,,
44,8049,,,,-1.6726887226104736,4.662002086639404,33.996273040771484,,,
44,8099,,,,-1.3206323385238647,7.494189262390137,76.46939086914062,,,
44,8099,,,,,,,-1.6393241882324219,4.916711330413818,38.1134033203125
45,8149,,,,-1.4658477306365967,6.045985221862793,54.73589324951172,,,
45,8199,,,,-1.6046639680862427,5.31006383895874,39.760887145996094,,,
45,8249,,,,-0.9281325340270996,11.579462051391602,188.793701171875,,,
45,8279,,,,,,,-1.5466381311416626,5.516867160797119,47.30592346191406
46,8299,,,,-1.9571220874786377,3.3737049102783203,17.660293579101562,,,
46,8349,,,,-1.1879863739013672,7.046693325042725,103.78478240966797,,,
46,8399,,,,-1.738181710243225,4.392812728881836,29.237367630004883,,,
46,8449,,,,-1.041802167892456,9.01301097869873,145.31748962402344,,,
46,8459,,,,,,,-1.7012642621994019,4.7132086753845215,32.60475158691406
47,8499,,,,-0.765117347240448,12.322920799255371,274.7911376953125,,,
47,8549,,,,-1.6885485649108887,4.528512954711914,32.77717208862305,,,
47,8599,,,,-1.4326891899108887,6.363358497619629,59.07868957519531,,,
47,8639,,,,,,,-1.690821647644043,4.79342794418335,33.505149841308594
48,8649,,,,-1.340880036354065,6.261625289916992,72.98605346679688,,,
48,8699,,,,-1.1613191366195679,8.324970245361328,110.35725402832031,,,
48,8749,,,,-1.369286060333252,6.566065311431885,68.36504364013672,,,
48,8799,,,,-1.508839726448059,5.004638671875,49.57701873779297,,,
48,8819,,,,,,,-1.1667256355285645,8.2996187210083,114.11954498291016
49,8849,,,,-1.0611404180526733,8.262054443359375,138.9887237548828,,,
49,8899,,,,-1.4585460424423218,6.650810241699219,55.6639404296875,,,
49,8949,,,,-1.119561791419983,8.955741882324219,121.49495697021484,,,
49,8999,,,,-1.7153432369232178,4.22086238861084,30.816036224365234,,,
49,8999,,,,,,,-1.2702867984771729,7.029199600219727,91.44316101074219
50,9049,,,,-1.451786994934082,6.4508490562438965,56.53702163696289,,,
50,9099,,,,-1.4537856578826904,6.153044700622559,56.27744674682617,,,
50,9149,,,,-1.018367052078247,10.208714485168457,153.37442016601562,,,
50,9179,,,,,,,-1.38778817653656,6.531204700469971,68.28469848632812
51,9199,,,,-1.8255187273025513,3.5035643577575684,23.91119956970215,,,
51,9249,,,,-1.0268152952194214,8.942880630493164,150.419677734375,,,
51,9299,,,,-0.9467353820800781,11.245426177978516,180.87753295898438,,,
51,9349,,,,-1.8780038356781006,3.8557329177856445,21.18928337097168,,,
51,9359,,,,,,,-1.4229320287704468,5.889683723449707,64.79764556884766
52,9399,,,,-1.3471981287002563,6.608718395233154,71.93196105957031,,,
52,9449,,,,-1.4746308326721191,5.6463704109191895,53.64005661010742,,,
52,9499,,,,-1.5106364488601685,5.408234596252441,49.3723258972168,,,
52,9539,,,,,,,-1.5538333654403687,5.515955924987793,46.26238250732422
53,9549,,,,-1.8438867330551147,3.80954647064209,22.92098617553711,,,
53,9599,,,,-1.3257570266723633,6.987941741943359,75.57235717773438,,,
53,9649,,,,-1.2550805807113647,8.180947303771973,88.92818450927734,,,
53,9699,,,,-1.4708975553512573,6.273751258850098,54.10315704345703,,,
53,9719,,,,,,,-1.5725685358047485,5.232715129852295,44.56797409057617
54,9749,,,,-1.5558828115463257,5.713683128356934,44.487422943115234,,,
54,9799,,,,-1.4493709802627563,6.434929847717285,56.85243225097656,,,
54,9849,,,,-1.1730307340621948,8.027141571044922,107.42100524902344,,,
54,9899,,,,-1.5050692558288574,5.906040668487549,50.009300231933594,,,
54,9899,,,,,,,-1.6403141021728516,4.903125286102295,37.83082580566406
55,9949,,,,-0.8142138719558716,14.286214828491211,245.4178009033203,,,
55,9999,,,,-1.0092679262161255,10.860854148864746,156.62176513671875,,,
55,10049,,,,-1.579778790473938,5.362510681152344,42.10573196411133,,,
55,10079,,,,,,,-1.7952300310134888,4.195106506347656,26.33151626586914
56,10099,,,,-1.0221043825149536,9.532155990600586,152.06019592285156,,,
56,10149,,,,-1.3553714752197266,7.031971454620361,70.59086608886719,,,
56,10199,,,,-1.0894184112548828,8.733926773071289,130.22715759277344,,,
56,10249,,,,-1.77641761302948,4.112741470336914,26.773338317871094,,,
56,10259,,,,,,,-1.7658573389053345,4.377352714538574,28.243301391601562
57,10299,,,,-1.758936882019043,4.051541328430176,27.87296485900879,,,
57,10349,,,,-1.2370637655258179,6.973343849182129,92.69499206542969,,,
57,10399,,,,-1.6007729768753052,5.030879497528076,40.11871337890625,,,
57,10439,,,,,,,-1.2674469947814941,7.208743095397949,91.28884887695312
58,10449,,,,-1.4429903030395508,6.221371173858643,57.69388961791992,,,
58,10499,,,,-1.8876135349273682,3.502086877822876,20.725574493408203,,,
58,10549,,,,-1.8242279291152954,3.8852665424346924,23.98236083984375,,,
58,10599,,,,-1.5746742486953735,5.0136308670043945,42.603546142578125,,,
58,10619,,,,,,,-1.1871980428695679,8.493169784545898,106.19668579101562
59,10649,,,,-0.822462260723114,10.99036693572998,240.8006591796875,,,
59,10699,,,,-1.857066035270691,4.000863552093506,22.235868453979492,,,
59,10749,,,,-1.324912190437317,6.214759826660156,75.71949768066406,,,
59,10799,,,,-1.686792254447937,4.932182312011719,32.90998840332031,,,
59,10799,,,,,,,-1.166541337966919,7.646570205688477,118.15583801269531
60,10849,,,,-1.6685377359390259,4.857918739318848,34.32278060913086,,,
60,10899,,,,-1.805259108543396,3.967426300048828,25.053062438964844,,,
60,10949,,,,-1.9515444040298462,3.316945791244507,17.888566970825195,,,
60,10979,,,,,,,-1.338640570640564,6.524933815002441,78.26515197753906
61,10999,,,,-1.9028061628341675,3.7576942443847656,20.013078689575195,,,
61,11049,,,,-1.3897619247436523,6.226287364959717,65.21659851074219,,,
61,11099,,,,-1.792773962020874,4.153722286224365,25.783733367919922,,,
61,11149,,,,-1.5312762260437012,5.623340129852295,47.080806732177734,,,
61,11159,,,,,,,-1.2191447019577026,7.598479270935059,102.48375701904297
62,11199,,,,-1.5541119575500488,4.880320072174072,44.669189453125,,,
62,11249,,,,-1.304940104484558,6.545230865478516,79.28297424316406,,,
62,11299,,,,-1.7219891548156738,4.3705620765686035,30.348058700561523,,,
62,11339,,,,,,,-1.4236619472503662,6.036664009094238,63.02004623413086
63,11349,,,,-2.0430307388305664,3.2749476432800293,14.490697860717773,,,
63,11399,,,,-1.5949978828430176,4.969483852386475,40.65577697753906,,,
63,11449,,,,-1.4234619140625,5.731344223022461,60.34733581542969,,,
63,11499,,,,-1.4543113708496094,5.883658409118652,56.2093505859375,,,
63,11519,,,,,,,-1.2517096996307373,7.433462619781494,94.43017578125
64,11549,,,,-1.1466573476791382,6.772258758544922,114.1465072631836,,,
64,11599,,,,-1.6031603813171387,5.182202339172363,39.898780822753906,,,
64,11649,,,,-1.6305733919143677,4.8529887199401855,37.45817947387695,,,
64,11699,,,,-1.6953808069229126,4.6991376876831055,32.26556396484375,,,
64,11699,,,,,,,-1.8547066450119019,3.931713342666626,23.007312774658203
65,11749,,,,-1.4567596912384033,6.656877517700195,55.89339065551758,,,
65,11799,,,,-1.2135037183761597,8.150726318359375,97.86250305175781,,,
65,11849,,,,-1.9382249116897583,3.70470929145813,18.445693969726562,,,
65,11879,,,,,,,-1.0669325590133667,9.070229530334473,144.3765411376953
66,11899,,,,-1.2181425094604492,7.705545425415039,96.82275390625,,,
66,11949,,,,-1.062404990196228,8.705368995666504,138.58460998535156,,,
66,11999,,,,-1.3706914186477661,6.820289134979248,68.1441421508789,,,
66,12049,,,,-1.4905551671981812,5.75825309753418,51.70884323120117,,,
66,12059,,,,,,,-1.649139165878296,4.820120334625244,36.90364456176758
67,12099,,,,-0.7583339214324951,13.442099571228027,279.1169128417969,,,
67,12149,,,,-1.469472885131836,6.359209060668945,54.2808952331543,,,
67,12199,,,,-1.6983810663223267,4.355905532836914,32.043426513671875,,,
67,12239,,,,,,,-0.8262613415718079,11.74591064453125,254.50051879882812
68,12249,,,,-1.515052080154419,4.996135711669922,48.87286376953125,,,
68,12299,,,,-1.652655839920044,4.801342010498047,35.60116195678711,,,
68,12349,,,,-1.8034218549728394,4.121140480041504,25.159278869628906,,,
68,12399,,,,-1.6789088249206543,4.3460187911987305,33.51282501220703,,,
68,12419,,,,,,,-1.7245032787322998,4.48845100402832,31.360734939575195
69,12449,,,,-1.7984100580215454,4.05850887298584,25.451305389404297,,,
69,12499,,,,-1.7895914316177368,4.02140474319458,25.973377227783203,,,
69,12549,,,,-1.2468461990356445,7.174874305725098,90.63041687011719,,,
69,12599,,,,-1.5397670269012451,5.67601203918457,46.169273376464844,,,
69,12599,,,,,,,-1.558108925819397,5.471494197845459,45.45061111450195
70,12649,,,,-1.42024564743042,6.394207000732422,60.79591369628906,,,
70,12699,,,,-1.953376293182373,2.977330446243286,17.813270568847656,,,
70,12749,,,,-1.6124811172485352,5.559085845947266,39.051605224609375,,,
70,12779,,,,,,,-1.6590503454208374,4.641471862792969,37.17072296142578
71,12799,,,,-1.5645431280136108,4.959235668182373,43.60907745361328,,,
71,12849,,,,-1.146877646446228,8.679620742797852,114.08865356445312,,,
71,12899,,,,-1.1871349811553955,8.33095932006836,103.98843383789062,,,
71,12949,,,,-1.3922573328018188,6.316128730773926,64.84294128417969,,,
71,12959,,,,,,,-1.309435486793518,6.406654357910156,84.8126220703125
72,12999,,,,-1.7772198915481567,4.068124771118164,26.72393035888672,,,
72,13049,,,,-1.7903692722320557,3.579833507537842,25.92690658569336,,,
72,13099,,,,-1.620881199836731,4.832066535949707,38.30352783203125,,,
72,13139,,,,,,,-1.7204962968826294,4.438106060028076,31.409364700317383
73,13149,,,,-1.7562925815582275,4.594874858856201,28.043182373046875,,,
73,13199,,,,-1.2993805408477783,6.919800281524658,80.30442810058594,,,
73,13249,,,,-1.7872636318206787,3.9960684776306152,26.112979888916016,,,
73,13299,,,,-1.5923857688903809,5.101232528686523,40.901031494140625,,,
73,13319,,,,,,,-1.8838672637939453,3.6931350231170654,21.64788055419922
74,13349,,,,-2.0679991245269775,3.2242681980133057,13.681093215942383,,,
74,13399,,,,-1.8577666282653809,3.815656900405884,22.20001983642578,,,
74,13449,,,,-2.022550582885742,2.959573984146118,15.190409660339355,,,
74,13499,,,,-1.7226685285568237,4.657482147216797,30.30061912536621,,,
74,13499,,,,,,,-1.8415080308914185,3.898310899734497,23.815723419189453
75,13549,,,,-1.932536244392395,3.378588914871216,18.68889617919922,,,
75,13599,,,,-1.6339830160140991,4.258960247039795,37.16523742675781,,,
75,13649,,,,-1.9671525955200195,3.202390670776367,17.257080078125,,,
75,13679,,,,,,,-1.2014013528823853,7.501102924346924,107.76058959960938
76,13699,,,,-1.5724313259124756,5.497783184051514,42.82412338256836,,,
76,13749,,,,-2.0444374084472656,2.9278335571289062,14.44383716583252,,,
76,13799,,,,-1.8398021459579468,3.780306100845337,23.137575149536133,,,
76,13849,,,,-2.0136592388153076,2.9875922203063965,15.504606246948242,,,
76,13859,,,,,,,-1.7805087566375732,4.217957496643066,27.639543533325195
77,13899,,,,-1.7470382452011108,3.98327374458313,28.647172927856445,,,
77,13949,,,,-1.2360807657241821,6.864646911621094,92.905029296875,,,
77,13999,,,,-1.5605342388153076,5.17299747467041,44.013492584228516,,,
77,14039,,,,,,,-1.5643900632858276,4.935292720794678,46.74675750732422
78,14049,,,,-1.1950591802597046,7.316301345825195,102.10822296142578,,,
78,14099,,,,-1.9215941429138184,3.559597969055176,19.165746688842773,,,
78,14149,,,,-2.0936224460601807,2.9179975986480713,12.897263526916504,,,
78,14199,,,,-1.80711829662323,3.9570064544677734,24.946048736572266,,,
78,14219,,,,,,,-1.4846247434616089,5.7100605964660645,55.42420959472656
79,14249,,,,-1.5771703720092773,5.001140594482422,42.359375,,,
79,14299,,,,-1.8435367345809937,4.048274040222168,22.939464569091797,,,
79,14349,,,,-1.5572102069854736,5.2710065841674805,44.351646423339844,,,
79,14399,,,,-1.9727630615234375,3.047870397567749,17.035579681396484,,,
79,14399,,,,,,,-1.6272419691085815,4.8031768798828125,39.763145446777344
80,14449,,,,-1.7803754806518555,4.211926460266113,26.530452728271484,,,
80,14499,,,,-1.4981908798217773,5.807331085205078,50.80765151977539,,,
80,14549,,,,-1.9786075353622437,3.5775513648986816,16.807865142822266,,,
80,14579,,,,,,,-1.796565055847168,4.000913619995117,26.704050064086914
81,14599,,,,-1.8253849744796753,3.4741740226745605,23.918567657470703,,,
81,14649,,,,-1.5857775211334229,5.038510799407959,41.52812957763672,,,
81,14699,,,,-1.9048771858215332,3.3666365146636963,19.917865753173828,,,
81,14749,,,,-1.5833126306533813,5.1988677978515625,41.76451873779297,,,
81,14759,,,,,,,-1.8423755168914795,3.783243179321289,24.125783920288086
82,14799,,,,-1.971119999885559,3.6480727195739746,17.100147247314453,,,
82,14849,,,,-1.4504188299179077,5.914944648742676,56.71543502807617,,,
82,14899,,,,-1.5249537229537964,5.783152103424072,47.77122497558594,,,
82,14939,,,,,,,-1.7864069938659668,4.206869602203369,26.886123657226562
83,14949,,,,-1.9311439990997314,3.5424346923828125,18.748910903930664,,,
83,14999,,,,-1.5838290452957153,4.842130184173584,41.714881896972656,,,
83,15049,,,,-1.6030057668685913,4.829259872436523,39.912994384765625,,,
83,15099,,,,-0.9968990087509155,9.803871154785156,161.1465606689453,,,
83,15119,,,,,,,-1.2583467960357666,7.934389591217041,90.36518096923828
84,15149,,,,-1.8565553426742554,3.3742551803588867,22.262025833129883,,,
84,15199,,,,-1.3015861511230469,6.463067531585693,79.89762115478516,,,
84,15249,,,,-2.121870279312134,2.736362934112549,12.085084915161133,,,
84,15299,,,,-1.9020730257034302,3.5973801612854004,20.046884536743164,,,
84,15299,,,,,,,-1.2882555723190308,7.067608833312988,86.18634033203125
85,15349,,,,-1.0776512622833252,8.505584716796875,133.8038787841797,,,
85,15399,,,,-1.7700026035308838,4.199594497680664,27.171749114990234,,,
85,15449,,,,-1.9377931356430054,3.4331984519958496,18.464040756225586,,,
85,15479,,,,,,,-1.6321172714233398,4.779641628265381,39.05366516113281
86,15499,,,,-1.0909913778305054,9.476459503173828,129.75634765625,,,
86,15549,,,,-1.977838158607483,2.913330078125,16.837665557861328,,,
86,15599,,,,-1.1406453847885132,8.18939208984375,115.73764038085938,,,
86,15649,,,,-1.6770403385162354,4.623716354370117,33.65732955932617,,,
86,15659,,,,,,,-1.8154709339141846,3.9129064083099365,25.596521377563477
87,15699,,,,-1.8758528232574463,3.843862533569336,21.29448699951172,,,
87,15749,,,,-1.4367083311080933,6.434567451477051,58.534461975097656,,,
87,15799,,,,-1.9528917074203491,3.3960936069488525,17.833152770996094,,,
87,15839,,,,,,,-1.0593427419662476,7.693079948425293,158.9920654296875
88,15849,,,,-1.716430902481079,4.189183712005615,30.738962173461914,,,
88,15899,,,,-1.7805685997009277,4.420912265777588,26.518644332885742,,,
88,15949,,,,-1.8778128623962402,3.5893497467041016,21.198596954345703,,,
88,15999,,,,-2.2579662799835205,2.1829776763916016,8.833929061889648,,,
88,16019,,,,,,,-1.6310762166976929,4.910060882568359,39.45075225830078
89,16049,,,,-1.8653393983840942,3.7060911655426025,21.81627655029297,,,
89,16099,,,,-1.513236165046692,5.842961311340332,49.07765579223633,,,
89,16149,,,,-1.9656933546066284,3.543945550918579,17.315166473388672,,,
89,16199,,,,-1.7079267501831055,4.6681318283081055,31.34680938720703,,,
89,16199,,,,,,,-1.7747269868850708,4.19728946685791,27.81571388244629
90,16249,,,,-1.7392932176589966,4.204679489135742,29.16263771057129,,,
90,16299,,,,-0.9745200872421265,9.587366104125977,169.66799926757812,,,
90,16349,,,,-2.0266239643096924,3.067307472229004,15.048604011535645,,,
90,16379,,,,,,,-1.7717113494873047,4.1563239097595215,28.02450180053711
91,16399,,,,-1.4963092803955078,6.007129669189453,51.02825927734375,,,
91,16449,,,,-1.8975707292556763,3.344917058944702,20.255794525146484,,,
91,16499,,,,-1.6061992645263672,4.478845596313477,39.620574951171875,,,
91,16549,,,,-2.2115437984466553,2.3051247596740723,9.83051586151123,,,
91,16559,,,,,,,-1.6938420534133911,4.320503234863281,34.43381118774414
92,16599,,,,-1.7689182758331299,4.119814395904541,27.239662170410156,,,
92,16649,,,,-1.1536720991134644,8.471944808959961,112.3176498413086,,,
92,16699,,,,-1.1798131465911865,7.485311508178711,105.75648498535156,,,
92,16739,,,,,,,-1.1986572742462158,7.92343282699585,106.16033935546875
93,16749,,,,-1.3502542972564697,6.060871124267578,71.42755889892578,,,
93,16799,,,,-2.009922981262207,3.2340011596679688,15.638565063476562,,,
93,16849,,,,-1.3762857913970947,6.424951553344727,67.27197265625,,,
93,16899,,,,-1.7948044538497925,3.929659366607666,25.66348648071289,,,
93,16919,,,,,,,-1.8119158744812012,3.8644802570343018,25.51937484741211
94,16949,,,,-1.6813830137252808,4.774187088012695,33.32244873046875,,,
94,16999,,,,-1.5940077304840088,4.590134620666504,40.74856185913086,,,
94,17049,,,,-1.4229804277420044,6.320797920227051,60.414283752441406,,,
94,17099,,,,-1.9037402868270874,3.8153390884399414,19.97007179260254,,,
94,17099,,,,,,,-2.1060237884521484,2.776503086090088,13.10493278503418
95,17149,,,,-1.772470474243164,4.153016567230225,27.017778396606445,,,
95,17199,,,,-1.8184089660644531,4.200588703155518,24.305866241455078,,,
95,17249,,,,-1.693632960319519,4.366067409515381,32.39567565917969,,,
95,17279,,,,,,,-1.1611391305923462,8.089102745056152,115.74578857421875
96,17299,,,,-2.1671226024627686,2.6591098308563232,10.889237403869629,,,
96,17349,,,,-1.2727919816970825,6.791345596313477,85.37446594238281,,,
96,17399,,,,-1.648006558418274,4.976725101470947,35.98432540893555,,,
96,17449,,,,-1.5180189609527588,5.027231216430664,48.54015350341797,,,
96,17459,,,,,,,-1.6733014583587646,4.245584964752197,36.78300094604492
97,17499,,,,-1.7516803741455078,3.9663100242614746,28.342594146728516,,,
97,17549,,,,-1.6347824335098267,4.5096435546875,37.096893310546875,,,
97,17599,,,,-1.2313398122787476,6.930013656616211,93.92477416992188,,,
97,17639,,,,,,,-1.8281217813491821,3.8481979370117188,24.849868774414062
98,17649,,,,-1.8581225872039795,3.641226291656494,22.18183708190918,,,
98,17699,,,,-2.074496030807495,3.069258213043213,13.477951049804688,,,
98,17749,,,,-2.154421806335449,2.7472825050354004,11.212385177612305,,,
98,17799,,,,-1.3895620107650757,6.486071586608887,65.24661254882812,,,
98,17819,,,,,,,-2.0840096473693848,2.854228973388672,13.751100540161133
99,17849,,,,-1.974452018737793,3.3788721561431885,16.969451904296875,,,
99,17899,,,,-1.8852896690368652,3.259397506713867,20.836767196655273,,,
99,17949,,,,-1.8216387033462524,4.2062578201293945,24.125774383544922,,,
99,17999,,,,-1.3287248611450195,5.698483943939209,75.05768585205078,,,
99,17999,,,,,,,-1.848443865776062,3.6606318950653076,23.858802795410156
100,18049,,,,-2.2358546257019043,2.222837209701538,9.295343399047852,,,
100,18099,,,,-1.9810869693756104,3.12984561920166,16.712177276611328,,,
100,18149,,,,-1.6443394422531128,4.436225891113281,36.28947448730469,,,
100,18179,,,,,,,-1.8666142225265503,3.6480367183685303,22.579891204833984
101,18199,,,,-2.2160985469818115,2.5639021396636963,9.727951049804688,,,
101,18249,,,,-1.8555880784988403,3.7651267051696777,22.311664581298828,,,
101,18299,,,,-1.9322906732559204,3.5711498260498047,18.699466705322266,,,
101,18349,,,,-1.467197299003601,6.5201640129089355,54.56608200073242,,,
101,18359,,,,,,,-2.0050482749938965,2.9907593727111816,16.68120002746582
102,18399,,,,-1.590312123298645,4.64559268951416,41.096778869628906,,,
102,18449,,,,-1.9387552738189697,3.2119412422180176,18.42318344116211,,,
102,18499,,,,-1.744573950767517,4.397068977355957,28.8101863861084,,,
102,18539,,,,,,,-1.4786792993545532,5.849709987640381,55.722896575927734
103,18549,,,,-1.7956783771514893,4.048717975616455,25.611888885498047,,,
103,18599,,,,-2.0664148330688477,2.7720494270324707,13.731096267700195,,,
103,18649,,,,-2.13612699508667,2.370845317840576,11.694804191589355,,,
103,18699,,,,-1.6497492790222168,4.106570243835449,35.84022521972656,,,
103,18719,,,,,,,-1.933654546737671,3.644528388977051,19.180011749267578
104,18749,,,,-1.5482444763183594,5.48813533782959,45.276798248291016,,,
104,18799,,,,-1.8495837450027466,3.6840224266052246,22.622272491455078,,,
104,18849,,,,-1.9462709426879883,3.372079372406006,18.107105255126953,,,
104,18899,,,,-2.01924729347229,3.1688027381896973,15.306386947631836,,,
104,18899,,,,,,,-1.9876867532730103,3.152111053466797,17.488269805908203
105,18949,,,,-2.0091633796691895,3.2055904865264893,15.665956497192383,,,
105,18999,,,,-1.362573266029358,6.636139869689941,69.42994689941406,,,
105,19049,,,,-2.3580756187438965,1.9699232578277588,7.0152692794799805,,,
105,19079,,,,,,,-1.8527579307556152,3.6235239505767822,23.844919204711914
106,19099,,,,-1.4783490896224976,4.717955112457275,53.182762145996094,,,
106,19149,,,,-2.300589084625244,2.286083221435547,8.008127212524414,,,
106,19199,,,,-2.0705816745758057,2.9445455074310303,13.599983215332031,,,
106,19249,,,,-2.2175846099853516,2.4673855304718018,9.694724082946777,,,
106,19259,,,,,,,-1.595259428024292,4.644951820373535,43.57862091064453
107,19299,,,,-2.272880792617798,2.259852409362793,8.535699844360352,,,
107,19349,,,,-1.9827722311019897,3.363255023956299,16.64745330810547,,,
107,19399,,,,-1.6340055465698242,4.994928359985352,37.16332244873047,,,
107,19439,,,,,,,-2.2115797996520996,2.382997751235962,10.361210823059082
108,19449,,,,-1.7314754724502563,4.113763332366943,29.69234275817871,,,
108,19499,,,,-1.9007484912872314,3.4413082599639893,20.10812759399414,,,
108,19549,,,,-2.047783136367798,2.676823139190674,14.332986831665039,,,
108,19599,,,,-1.8919122219085693,3.6127305030822754,20.52143096923828,,,
108,19619,,,,,,,-1.9151782989501953,3.605988025665283,19.991065979003906
109,19649,,,,-1.4495631456375122,5.293438911437988,56.82728958129883,,,
109,19699,,,,-1.8442260026931763,3.5706164836883545,22.90308952331543,,,
109,19749,,,,-1.2871580123901367,6.132094383239746,82.59657287597656,,,
109,19799,,,,-1.9617726802825928,2.7237043380737305,17.472187042236328,,,
109,19799,,,,,,,-2.0309975147247314,3.0465922355651855,15.522482872009277
110,19849,,,,-1.5251293182373047,5.466944217681885,47.75191116333008,,,
110,19899,,,,-2.0365371704101562,3.046274185180664,14.708988189697266,,,
110,19949,,,,-2.0981605052948,3.1197028160095215,12.763197898864746,,,
110,19979,,,,,,,-2.0838606357574463,2.767160415649414,14.04871940612793
111,19999,,,,-1.9880220890045166,2.7930519580841064,16.447425842285156,,,
111,20049,,,,-1.300458312034607,6.972089767456055,80.10540008544922,,,
111,20099,,,,-2.293428659439087,2.2534000873565674,8.141252517700195,,,
111,20149,,,,-1.5435782670974731,5.778463840484619,45.76587677001953,,,
111,20159,,,,,,,-2.1473145484924316,2.5772180557250977,12.001129150390625
112,20199,,,,-2.0098342895507812,3.146324396133423,15.641759872436523,,,
112,20249,,,,-2.112060070037842,2.5292434692382812,12.361184120178223,,,
112,20299,,,,-1.648636817932129,4.949913024902344,35.93214416503906,,,
112,20339,,,,,,,-1.7439168691635132,4.359460353851318,30.009496688842773
113,20349,,,,-1.750872254371643,3.9563498497009277,28.395381927490234,,,
113,20399,,,,-2.4413537979125977,1.8417115211486816,5.791171073913574,,,
113,20449,,,,-2.122952938079834,2.5251522064208984,12.054994583129883,,,
113,20499,,,,-2.2051823139190674,2.3636088371276855,9.975570678710938,,,
113,20519,,,,,,,-1.9412715435028076,3.186978816986084,19.3284854888916
114,20549,,,,-1.957285761833191,3.171881675720215,17.653648376464844,,,
114,20599,,,,-1.7856580018997192,4.266891002655029,26.209686279296875,,,
114,20649,,,,-1.9922066926956177,2.840674877166748,16.289709091186523,,,
114,20699,,,,-2.0535783767700195,2.7441461086273193,14.143003463745117,,,
114,20699,,,,,,,-2.1475722789764404,2.4800896644592285,12.3269624710083
115,20749,,,,-2.227250337600708,2.435122489929199,9.481341361999512,,,
115,20799,,,,-2.1776092052459717,2.3625965118408203,10.629451751708984,,,
115,20849,,,,-1.5455251932144165,5.899100303649902,45.561180114746094,,,
115,20879,,,,,,,-1.6327685117721558,4.721811294555664,39.33754348754883
116,20899,,,,-2.3371200561523438,2.2987170219421387,7.362069129943848,,,
116,20949,,,,-2.198892831802368,2.5822577476501465,10.121081352233887,,,
116,20999,,,,-2.033184766769409,2.952657699584961,14.822972297668457,,,
116,21049,,,,-1.7187219858169556,3.8033981323242188,30.577224731445312,,,
116,21059,,,,,,,-1.7596580982208252,4.267075538635254,29.136550903320312
117,21099,,,,-2.1770308017730713,2.219557762145996,10.643621444702148,,,
117,21149,,,,-1.9886690378189087,3.1033387184143066,16.422943115234375,,,
117,21199,,,,-2.3075594902038574,2.1427910327911377,7.880621910095215,,,
117,21239,,,,,,,-1.7840718030929565,4.079756736755371,27.443918228149414
118,21249,,,,-1.7646701335906982,4.093871116638184,27.50741958618164,,,
118,21299,,,,-2.4365642070770264,1.8314193487167358,5.855389595031738,,,
118,21349,,,,-2.1164968013763428,2.358438014984131,12.235542297363281,,,
118,21399,,,,-1.9993327856063843,3.012765884399414,16.02459716796875,,,
118,21419,,,,,,,-1.9185261726379395,3.8280861377716064,19.6619873046875
119,21449,,,,-1.7758021354675293,3.7288296222686768,26.811304092407227,,,
119,21499,,,,-1.3424361944198608,6.2693610191345215,72.72502136230469,,,
119,21549,,,,-1.8532005548477173,3.659987211227417,22.434661865234375,,,
119,21599,,,,-1.3144526481628418,5.916919708251953,77.56529235839844,,,
119,21599,,,,,,,-1.3970686197280884,5.634359836578369,70.6134033203125
120,21649,,,,-1.0658084154129028,8.809593200683594,137.50282287597656,,,
120,21699,,,,-1.4247289896011353,5.699169158935547,60.171504974365234,,,
120,21749,,,,-1.9672298431396484,3.0197129249572754,17.254013061523438,,,
120,21779,,,,,,,-2.2206532955169678,2.401141881942749,10.304720878601074
121,21799,,,,-2.0747172832489014,2.6140828132629395,13.471086502075195,,,
121,21849,,,,-2.265036106109619,2.3149476051330566,8.691283226013184,,,
121,21899,,,,-1.8204526901245117,3.9074244499206543,24.19175148010254,,,
121,21949,,,,-2.247248649597168,2.630704641342163,9.054649353027344,,,
121,21959,,,,,,,-2.3406050205230713,2.0151472091674805,7.885896682739258
122,21999,,,,-1.7938545942306519,3.507534980773926,25.71966552734375,,,
122,22049,,,,-2.0165703296661377,2.880093574523926,15.401029586791992,,,
122,22099,,,,-2.003439426422119,3.200295925140381,15.873787879943848,,,
122,22139,,,,,,,-1.7746683359146118,3.9003446102142334,28.060062408447266
123,22149,,,,-1.9800326824188232,3.1865172386169434,16.752798080444336,,,
123,22199,,,,-1.4536888599395752,5.27065372467041,56.28997802734375,,,
123,22249,,,,-1.5742828845977783,5.192439079284668,42.641971588134766,,,
123,22299,,,,-2.399597406387329,1.6501747369766235,6.375624656677246,,,
123,22319,,,,,,,-2.3589134216308594,1.9580597877502441,7.489073753356934
124,22349,,,,-2.004481792449951,3.2623064517974854,15.835737228393555,,,
124,22399,,,,-1.3355778455734253,6.6401824951171875,73.8825912475586,,,
124,22449,,,,-2.078921318054199,2.8913753032684326,13.341318130493164,,,
124,22499,,,,-2.0118980407714844,2.806326150894165,15.567611694335938,,,
124,22499,,,,,,,-1.6756614446640015,4.506521224975586,35.44622802734375
125,22549,,,,-2.3226306438446045,2.055299758911133,7.611833572387695,,,
125,22599,,,,-2.1141836643218994,2.4957661628723145,12.300885200500488,,,
125,22649,,,,-2.260493040084839,2.224231243133545,8.782676696777344,,,
125,22679,,,,,,,-2.1785547733306885,2.528679370880127,11.185840606689453
126,22699,,,,-1.2177608013153076,6.896327018737793,96.90791320800781,,,
126,22749,,,,-1.829608678817749,3.8066816329956055,23.687068939208984,,,
126,22799,,,,-1.6313480138778687,4.648941993713379,37.39141845703125,,,
126,22849,,,,-2.060553550720215,3.1246137619018555,13.917665481567383,,,
126,22859,,,,,,,-1.4810806512832642,5.845642566680908,55.55744934082031
127,22899,,,,-2.1523618698120117,2.5503835678100586,11.265695571899414,,,
127,22949,,,,-1.2578743696212769,7.196967124938965,88.3579330444336,,,
127,22999,,,,-1.7741037607192993,4.060883522033691,26.91634750366211,,,
127,23039,,,,,,,-1.840983271598816,3.6849098205566406,24.395824432373047
128,23049,,,,-1.9942635297775269,2.964794635772705,16.212749481201172,,,
128,23099,,,,-2.152252435684204,2.626616954803467,11.26854133605957,,,
128,23149,,,,-2.4627878665924072,1.9135924577713013,5.512289047241211,,,
128,23199,,,,-2.1184163093566895,2.690542221069336,12.18157958984375,,,
128,23219,,,,,,,-1.9400334358215332,3.278804063796997,19.617483139038086
129,23249,,,,-1.9630404710769653,3.345761775970459,17.421253204345703,,,
129,23299,,,,-2.005668878555298,2.7607064247131348,15.792512893676758,,,
129,23349,,,,-1.6087063550949097,4.342132568359375,39.39250946044922,,,
129,23399,,,,-2.221475839614868,2.556304931640625,9.608247756958008,,,
129,23399,,,,,,,-1.6919828653335571,4.322413921356201,34.068546295166016
130,23449,,,,-1.6473486423492432,5.175691604614258,36.03887939453125,,,
130,23499,,,,-2.0227808952331543,2.7379305362701416,15.182353019714355,,,
130,23549,,,,-1.3977237939834595,5.7940826416015625,64.03187561035156,,,
130,23579,,,,,,,-1.5550557374954224,4.640295028686523,48.709571838378906
131,23599,,,,-1.2484912872314453,6.765162467956543,90.28773498535156,,,
131,23649,,,,-1.532281517982483,4.808405876159668,46.9719352722168,,,
131,23699,,,,-2.126404285430908,2.57804012298584,11.959572792053223,,,
131,23749,,,,-2.3046669960021973,1.9017527103424072,7.933286666870117,,,
131,23759,,,,,,,-2.090365171432495,2.72143292427063,13.762613296508789
132,23799,,,,-2.0755865573883057,2.8986318111419678,13.444157600402832,,,
132,23849,,,,-1.6295106410980225,5.372823238372803,37.549949645996094,,,
132,23899,,,,-2.045649528503418,3.053366184234619,14.403584480285645,,,
132,23939,,,,,,,-2.2676215171813965,2.1092350482940674,9.462244987487793
133,23949,,,,-2.4451286792755127,1.7236573696136475,5.741053581237793,,,
133,23999,,,,-2.137343168258667,2.579662322998047,11.66210651397705,,,
133,24049,,,,-1.10264253616333,9.234262466430664,126.32152557373047,,,
133,24099,,,,-2.2624921798706055,2.2705655097961426,8.74234676361084,,,
133,24119,,,,,,,-1.9330912828445435,3.075072765350342,20.271068572998047
134,24149,,,,-1.5600173473358154,5.343954563140869,44.06591033935547,,,
134,24199,,,,-2.5185532569885254,1.5564022064208984,4.848047256469727,,,
134,24249,,,,-1.4795423746109009,4.963836669921875,53.03685760498047,,,
134,24299,,,,-2.348889112472534,2.095245361328125,7.165245056152344,,,
134,24299,,,,,,,-2.4182796478271484,1.78756844997406,6.7006306648254395
135,24349,,,,-2.201500654220581,2.3794307708740234,10.060498237609863,,,
135,24399,,,,-1.3817501068115234,5.128670692443848,66.43087768554688,,,
135,24449,,,,-2.34515118598938,2.1528661251068115,7.227177619934082,,,
135,24479,,,,,,,-2.1594791412353516,2.5840413570404053,11.682558059692383
136,24499,,,,-2.2927873134613037,1.9752534627914429,8.153281211853027,,,
136,24549,,,,-2.4106171131134033,1.8902902603149414,6.215882778167725,,,
136,24599,,,,-1.8143631219863892,3.6987757682800293,24.53335189819336,,,
136,24649,,,,-2.387634754180908,1.5466810464859009,6.553681373596191,,,
136,24659,,,,,,,-1.8023756742477417,3.6974053382873535,27.147750854492188
137,24699,,,,-1.8808494806289673,3.9943442344665527,21.050899505615234,,,
137,24749,,,,-2.570842742919922,1.5541441440582275,4.298108100891113,,,
137,24799,,,,-1.964328408241272,2.9106240272521973,17.36967658996582,,,
137,24839,,,,,,,-2.407965898513794,1.736229658126831,6.9457478523254395
138,24849,,,,-2.3008296489715576,1.9275941848754883,8.003692626953125,,,
138,24899,,,,-1.8227342367172241,3.4115939140319824,24.065000534057617,,,
138,24949,,,,-1.0987300872802734,8.176628112792969,127.46470642089844,,,
138,24999,,,,-1.2184276580810547,7.279471397399902,96.75920104980469,,,
138,25019,,,,,,,-2.200789213180542,2.4876673221588135,10.55174732208252
139,25049,,,,-2.2221882343292236,2.306899070739746,9.592498779296875,,,
139,25099,,,,-1.6278636455535889,5.035797119140625,37.69261932373047,,,
139,25149,,,,-1.6422758102416992,4.031704425811768,36.462303161621094,,,
139,25199,,,,-2.353792190551758,1.9321987628936768,7.084804534912109,,,
139,25199,,,,,,,-2.146643877029419,2.500114917755127,12.276208877563477
140,25249,,,,-1.897864580154419,3.3466196060180664,20.242095947265625,,,
140,25299,,,,-1.748745322227478,3.9038338661193848,28.53479766845703,,,
140,25349,,,,-1.6766468286514282,4.456368446350098,33.68784713745117,,,
140,25379,,,,,,,-1.6990848779678345,4.600457668304443,33.67332077026367
141,25399,,,,-2.1559343338012695,2.523162364959717,11.173408508300781,,,
141,25449,,,,-2.1690127849578857,2.462468385696411,10.841949462890625,,,
141,25499,,,,-1.3726123571395874,6.884512424468994,67.84341430664062,,,
141,25549,,,,-2.787663698196411,1.2075949907302856,2.608894109725952,,,
141,25559,,,,,,,-2.1699059009552,2.561616897583008,11.377104759216309
142,25599,,,,-1.934621810913086,2.7853431701660156,18.599369049072266,,,
142,25649,,,,-1.830137014389038,3.5490565299987793,23.658275604248047,,,
142,25699,,,,-1.8977105617523193,3.720496892929077,20.249279022216797,,,
142,25739,,,,,,,-1.6115254163742065,5.158146858215332,40.67340850830078
143,25749,,,,-1.6192882061004639,5.429354190826416,38.44428634643555,,,
143,25799,,,,-2.584151029586792,1.4318528175354004,4.168396949768066,,,
143,25849,,,,-2.74684476852417,1.30631422996521,2.8659934997558594,,,
143,25899,,,,-1.7553105354309082,4.372356414794922,28.106679916381836,,,
143,25919,,,,,,,-2.4159626960754395,1.702655553817749,7.020452976226807
144,25949,,,,-2.3180031776428223,2.1456949710845947,7.693375587463379,,,
144,25999,,,,-2.185675859451294,2.2573764324188232,10.433835983276367,,,
144,26049,,,,-1.8907289505004883,2.6298046112060547,20.57743263244629,,,
144,26099,,,,-2.5596067905426025,1.6429102420806885,4.410757064819336,,,
144,26099,,,,,,,-2.4615373611450195,1.6685723066329956,6.102178573608398
145,26149,,,,-2.2148680686950684,2.46923828125,9.755552291870117,,,
145,26199,,,,-2.642749547958374,1.4782503843307495,3.6422555446624756,,,
145,26249,,,,-2.281431198120117,2.0635013580322266,8.369295120239258,,,
145,26279,,,,,,,-1.7580207586288452,3.804816722869873,30.311054229736328
146,26299,,,,-2.6925265789031982,1.3144714832305908,3.247830390930176,,,
146,26349,,,,-2.5137224197387695,1.818821907043457,4.902273178100586,,,
146,26399,,,,-2.5676028728485107,1.5089606046676636,4.330288410186768,,,
146,26449,,,,-2.6602349281311035,1.5084148645401,3.4985275268554688,,,
146,26459,,,,,,,-2.3593554496765137,1.8784713745117188,7.7811150550842285
147,26499,,,,-1.9132286310195923,3.368253707885742,19.53850746154785,,,
147,26549,,,,-2.275143623352051,2.132856845855713,8.491342544555664,,,
147,26599,,,,-2.101257801055908,2.875293254852295,12.672501564025879,,,
147,26639,,,,,,,-1.9316996335983276,3.170806407928467,20.482894897460938
148,26649,,,,-2.1003127098083496,2.4655046463012695,12.700101852416992,,,
148,26699,,,,-1.5461443662643433,5.550394058227539,45.49626159667969,,,
148,26749,,,,-1.5291109085083008,4.567717552185059,47.31611633300781,,,
148,26799,,,,-1.47443687915802,5.314337730407715,53.664024353027344,,,
148,26819,,,,,,,-2.122987985610962,2.528019666671753,12.999191284179688
149,26849,,,,-2.5122597217559814,1.8217926025390625,4.918811798095703,,,
149,26899,,,,-1.5862751007080078,5.018068790435791,41.48058319091797,,,
149,26949,,,,-0.9594488143920898,11.874919891357422,175.6593017578125,,,
149,26999,,,,-1.6960362195968628,4.079634666442871,32.21690368652344,,,
149,26999,,,,,,,-1.652078628540039,4.598386764526367,37.5107307434082
150,27049,,,,-1.8505425453186035,3.296248197555542,22.5723819732666,,,
150,27099,,,,-1.858207106590271,2.888601779937744,22.17751693725586,,,
150,27149,,,,-1.7269494533538818,4.7715935707092285,30.003408432006836,,,
150,27179,,,,,,,-1.742814064025879,3.9791784286499023,30.777469635009766
151,27199,,,,-1.5504117012023926,4.922022819519043,45.05139923095703,,,
151,27249,,,,-1.8377665281295776,3.811192512512207,23.24629020690918,,,
151,27299,,,,-2.2986888885498047,2.0489156246185303,8.043241500854492,,,
151,27349,,,,-1.8886750936508179,3.7159547805786133,20.674983978271484,,,
151,27359,,,,,,,-1.82260000705719,3.889599561691284,25.105823516845703
152,27399,,,,-2.1323065757751465,2.82698392868042,11.798135757446289,,,
152,27449,,,,-2.029531478881836,2.8505749702453613,14.948193550109863,,,
152,27499,,,,-1.8114360570907593,3.614750862121582,24.699256896972656,,,
152,27539,,,,,,,-1.9340459108352661,3.292806625366211,19.4415340423584
153,27549,,,,-2.1482057571411133,2.2536394596099854,11.374029159545898,,,
153,27599,,,,-2.3354127407073975,2.181654453277588,7.3910722732543945,,,
153,27649,,,,-1.8771241903305054,2.9498205184936523,21.23224639892578,,,
153,27699,,,,-1.9761847257614136,2.6744654178619385,16.901897430419922,,,
153,27719,,,,,,,-2.361170768737793,1.8989484310150146,7.691746234893799
154,27749,,,,-1.9722354412078857,3.542112350463867,17.056283950805664,,,
154,27799,,,,-2.265315055847168,2.312417984008789,8.685702323913574,,,
154,27849,,,,-2.1837944984436035,2.5471484661102295,10.479131698608398,,,
154,27899,,,,-1.750685453414917,3.8394055366516113,28.407604217529297,,,
154,27899,,,,,,,-1.820541501045227,3.5403409004211426,25.81955337524414
155,27949,,,,-2.178704261779785,2.2571890354156494,10.602680206298828,,,
155,27999,,,,-1.9849499464035034,2.6669483184814453,16.564193725585938,,,
155,28049,,,,-1.191421389579773,7.356893062591553,102.96712493896484,,,
155,28079,,,,,,,-2.2419748306274414,2.212139368057251,10.068334579467773
156,28099,,,,-2.496485948562622,1.8221558332443237,5.10075044631958,,,
156,28149,,,,-1.9164557456970215,3.5193803310394287,19.393863677978516,,,
156,28199,,,,-1.721582055091858,4.424647331237793,30.376514434814453,,,
156,28249,,,,-2.564408779144287,1.5406365394592285,4.362257957458496,,,
156,28259,,,,,,,-2.0427451133728027,2.8382627964019775,15.664471626281738
157,28299,,,,-2.099005937576294,2.6113829612731934,12.73837661743164,,,
157,28349,,,,-1.9128227233886719,3.3676557540893555,19.556766510009766,,,
157,28399,,,,-1.9872751235961914,3.0781514644622803,16.475738525390625,,,
157,28439,,,,,,,-1.900909423828125,3.921224355697632,20.554214477539062
158,28449,,,,-2.5185036659240723,1.6078276634216309,4.848601818084717,,,
158,28499,,,,-2.7080273628234863,1.4872081279754639,3.133953332901001,,,
158,28549,,,,-2.312892198562622,1.8447585105895996,7.784450054168701,,,
158,28599,,,,-2.364649772644043,1.8486263751983643,6.909880638122559,,,
158,28619,,,,,,,-2.2779669761657715,2.0457379817962646,9.193050384521484
159,28649,,,,-1.69718599319458,4.746448516845703,32.1317253112793,,,
159,28699,,,,-1.720234990119934,4.513559818267822,30.47087860107422,,,
159,28749,,,,-2.174072742462158,2.177603244781494,10.716361999511719,,,
159,28799,,,,-1.5471043586730957,4.781874656677246,45.39580154418945,,,
159,28799,,,,,,,-1.7098503112792969,4.215654373168945,32.9841194152832
160,28849,,,,-2.2277698516845703,2.050212860107422,9.47000503540039,,,
160,28899,,,,-2.8296139240264893,1.068796157836914,2.368678092956543,,,
160,28949,,,,-2.29571533203125,1.887826681137085,8.098503112792969,,,
160,28979,,,,,,,-2.3404734134674072,1.9271190166473389,7.833553791046143
161,28999,,,,-1.9143961668014526,3.307469606399536,19.48604965209961,,,
161,29049,,,,-2.9644765853881836,0.9874976277351379,1.7363739013671875,,,
161,29099,,,,-2.576672315597534,1.3249847888946533,4.240799903869629,,,
161,29149,,,,-2.1548523902893066,2.6905949115753174,11.201274871826172,,,
161,29159,,,,,,,-2.383047342300415,1.8153598308563232,7.367007732391357
162,29199,,,,-1.8808177709579468,3.024135112762451,21.05243682861328,,,
162,29249,,,,-2.441901445388794,1.706550121307373,5.783868312835693,,,
162,29299,,,,-1.8121576309204102,3.571474552154541,24.658266067504883,,,
162,29339,,,,,,,-1.9441553354263306,3.075373888015747,19.841869354248047
163,29349,,,,-2.2894046306610107,1.915736436843872,8.217042922973633,,,
163,29399,,,,-2.703359603881836,1.2231850624084473,3.167820692062378,,,
163,29449,,,,-1.8241984844207764,3.7641520500183105,23.983997344970703,,,
163,29499,,,,-2.5986130237579346,1.226252555847168,4.031875133514404,,,
163,29519,,,,,,,-1.7595151662826538,4.41084623336792,29.002073287963867
164,29549,,,,-2.3034284114837646,2.3018603324890137,7.955940246582031,,,
164,29599,,,,-2.310410499572754,2.01812481880188,7.8290581703186035,,,
164,29649,,,,-2.2333903312683105,2.1702404022216797,9.348236083984375,,,
164,29699,,,,-2.2168421745300293,2.271496295928955,9.711316108703613,,,
164,29699,,,,,,,-2.3616795539855957,1.9890127182006836,7.654711723327637
165,29749,,,,-2.1569924354553223,2.712529420852661,11.146217346191406,,,
165,29799,,,,-1.4531669616699219,4.668229579925537,56.35768127441406,,,
165,29849,,,,-1.909283995628357,3.549635887145996,19.716785430908203,,,
165,29879,,,,,,,-2.2641472816467285,2.116333246231079,9.427952766418457
166,29899,,,,-2.355429172515869,2.0508954524993896,7.058149337768555,,,
166,29949,,,,-2.441012382507324,1.8230167627334595,5.795722007751465,,,
166,29999,,,,-1.8649606704711914,3.2744076251983643,21.835308074951172,,,
166,30049,,,,-2.0012924671173096,2.4453558921813965,15.952458381652832,,,
166,30059,,,,,,,-2.4731459617614746,1.6412492990493774,6.074268341064453
167,30099,,,,-1.8362798690795898,3.622199058532715,23.325998306274414,,,
167,30149,,,,-1.894192099571228,3.6073787212371826,20.413986206054688,,,
167,30199,,,,-2.117123603820801,2.6553592681884766,12.217901229858398,,,
167,30239,,,,,,,-2.0139575004577637,3.280856132507324,16.099397659301758
168,30249,,,,-2.1334593296051025,2.2356224060058594,11.766861915588379,,,
168,30299,,,,-2.521780490875244,1.347497820854187,4.8121538162231445,,,
168,30349,,,,-2.771258592605591,1.1765986680984497,2.709326982498169,,,
168,30399,,,,-1.5840504169464111,4.763154029846191,41.69361877441406,,,
168,30419,,,,,,,-2.449681520462036,1.7829698324203491,6.2142510414123535
169,30449,,,,-2.4774436950683594,1.9287676811218262,5.329375743865967,,,
169,30499,,,,-2.5821523666381836,1.6082594394683838,4.187623977661133,,,
169,30549,,,,-2.109165906906128,2.840453624725342,12.443828582763672,,,
169,30599,,,,-1.8447788953781128,3.1643080711364746,22.873952865600586,,,
169,30599,,,,,,,-1.9941126108169556,3.0288684368133545,17.294403076171875
170,30649,,,,-2.465547800064087,1.9121356010437012,5.477372646331787,,,
170,30699,,,,-2.480196714401245,1.7142553329467773,5.295698642730713,,,
170,30749,,,,-2.164271593093872,2.3764047622680664,10.960955619812012,,,
170,30779,,,,,,,-2.2435462474823,2.2279205322265625,9.737244606018066
171,30799,,,,-2.1474156379699707,2.497344732284546,11.394739151000977,,,
171,30849,,,,-2.653841972351074,1.2364583015441895,3.550405979156494,,,
171,30899,,,,-2.0475516319274902,3.0307207107543945,14.34063720703125,,,
171,30949,,,,-2.589735984802246,1.4684021472930908,4.115138053894043,,,
171,30959,,,,,,,-2.012882709503174,2.9932682514190674,16.779035568237305
172,30999,,,,-2.00410532951355,2.871114730834961,15.849468231201172,,,
172,31049,,,,-2.0058352947235107,2.9678094387054443,15.78646469116211,,,
172,31099,,,,-1.4408384561538696,5.257930278778076,57.980464935302734,,,
172,31139,,,,,,,-1.819455623626709,3.5908687114715576,26.095809936523438
173,31149,,,,-1.7956123352050781,3.7255911827087402,25.61578941345215,,,
173,31199,,,,-2.133373975753784,2.7888996601104736,11.769172668457031,,,
173,31249,,,,-2.113095760345459,2.5325841903686523,12.33173942565918,,,
173,31299,,,,-2.0206351280212402,3.0889928340911865,15.257555961608887,,,
173,31319,,,,,,,-2.4177300930023193,1.7002084255218506,6.828103065490723
174,31349,,,,-2.6442079544067383,1.4523701667785645,3.630044937133789,,,
174,31399,,,,-1.9761264324188232,2.6488449573516846,16.904159545898438,,,
174,31449,,,,-2.4621047973632812,1.6031944751739502,5.520968914031982,,,
174,31499,,,,-2.258845567703247,2.2736477851867676,8.816055297851562,,,
174,31499,,,,,,,-2.3734612464904785,1.836053729057312,7.329921245574951
175,31549,,,,-3.148037910461426,0.7526596784591675,1.1378426551818848,,,
175,31599,,,,-2.136427164077759,2.0037972927093506,11.686724662780762,,,
175,31649,,,,-1.9176750183105469,2.783824920654297,19.339492797851562,,,
175,31679,,,,,,,-2.3866500854492188,1.9139653444290161,7.433493614196777
176,31699,,,,-2.0973613262176514,3.0342636108398438,12.78670597076416,,,
176,31749,,,,-2.303032159805298,1.674978256225586,7.963203430175781,,,
176,31799,,,,-2.4523825645446777,1.9494190216064453,5.645957946777344,,,
176,31849,,,,-2.719977617263794,1.22495698928833,3.048893451690674,,,
176,31859,,,,,,,-2.2164909839630127,2.5750720500946045,10.156686782836914
177,31899,,,,-2.369656562805176,1.818138599395752,6.830672740936279,,,
177,31949,,,,-3.0012214183807373,0.9680870175361633,1.5955069065093994,,,
177,31999,,,,-2.518343925476074,1.1587185859680176,4.850379467010498,,,
177,32039,,,,,,,-2.2292065620422363,2.4418420791625977,9.927611351013184
178,32049,,,,-2.0631041526794434,2.0674376487731934,13.836174964904785,,,
178,32099,,,,-2.2423622608184814,2.2013423442840576,9.157094955444336,,,
178,32149,,,,-2.669985294342041,1.3947620391845703,3.420854091644287,,,
178,32199,,,,-2.3902084827423096,1.5584089756011963,6.514957427978516,,,
178,32219,,,,,,,-2.05963397026062,2.6920199394226074,15.286310195922852
179,32249,,,,-1.8074910640716553,3.5829122066497803,24.924650192260742,,,
179,32299,,,,-1.8390467166900635,4.242861747741699,23.177867889404297,,,
179,32349,,,,-2.239413261413574,2.116313934326172,9.219489097595215,,,
179,32399,,,,-2.647282361984253,1.381601333618164,3.6044392585754395,,,
179,32399,,,,,,,-2.4186770915985107,1.8080085515975952,6.838711738586426
180,32449,,,,-2.2664077281951904,2.242032289505005,8.663877487182617,,,
180,32499,,,,-2.765772819519043,1.3200440406799316,2.743767738342285,,,
180,32549,,,,-2.185429096221924,2.625948429107666,10.439770698547363,,,
180,32579,,,,,,,-2.5428354740142822,1.4740989208221436,5.4118781089782715
181,32599,,,,-2.597801446914673,1.452297568321228,4.0394158363342285,,,
181,32649,,,,-1.7379465103149414,4.304385662078857,29.253206253051758,,,
181,32699,,,,-2.2650058269500732,1.928682804107666,8.691890716552734,,,
181,32749,,,,-1.5327610969543457,4.587790489196777,46.92008590698242,,,
181,32759,,,,,,,-2.5173189640045166,1.5374127626419067,5.624340534210205
182,32799,,,,-1.9912278652191162,2.545297145843506,16.32646942138672,,,
182,32849,,,,-2.2838594913482666,2.3441429138183594,8.32263469696045,,,
182,32899,,,,-2.4901814460754395,1.6977851390838623,5.175336837768555,,,
182,32939,,,,,,,-2.092736005783081,2.818668842315674,13.504490852355957
183,32949,,,,-1.55217707157135,5.6445512771606445,44.86865997314453,,,
183,32999,,,,-2.144320249557495,2.084324836730957,11.476244926452637,,,
183,33049,,,,-2.8721506595611572,0.9431242942810059,2.147678852081299,,,
183,33099,,,,-2.41689395904541,1.9725414514541626,6.1266889572143555,,,
183,33119,,,,,,,-2.4696226119995117,1.6458159685134888,6.013998985290527
184,33149,,,,-1.9293968677520752,3.2817368507385254,18.82448959350586,,,
184,33199,,,,-2.7260446548461914,1.4400455951690674,3.0065977573394775,,,
184,33249,,,,-2.0844037532806396,2.486874580383301,13.173955917358398,,,
184,33299,,,,-2.4018630981445312,2.126030683517456,6.342447280883789,,,
184,33299,,,,,,,-2.1484155654907227,2.799309730529785,11.805085182189941
185,33349,,,,-1.7646355628967285,3.4751415252685547,27.50960922241211,,,
185,33399,,,,-2.197709321975708,2.3805885314941406,10.14870548248291,,,
185,33449,,,,-2.1328651905059814,2.6238839626312256,11.782976150512695,,,
185,33479,,,,,,,-1.9855462312698364,2.796478271484375,18.635997772216797
186,33499,,,,-2.5761516094207764,1.4897420406341553,4.245888710021973,,,
186,33549,,,,-2.3903045654296875,1.8951449394226074,6.513519287109375,,,
186,33599,,,,-2.378044605255127,2.1415419578552246,6.700010299682617,,,
186,33649,,,,-2.7657814025878906,1.2171220779418945,2.74371337890625,,,
186,33659,,,,,,,-2.44496488571167,1.7415684461593628,6.388653755187988
187,33699,,,,-2.0787529945373535,2.822772741317749,13.346487045288086,,,
187,33749,,,,-1.8965659141540527,3.6141905784606934,20.302715301513672,,,
187,33799,,,,-2.4896438121795654,1.5489134788513184,5.18174934387207,,,
187,33839,,,,,,,-2.5190000534057617,1.5370607376098633,5.569339752197266
188,33849,,,,-1.8073545694351196,3.9782707691192627,24.932466506958008,,,
188,33899,,,,-2.2604525089263916,1.94209623336792,8.78349781036377,,,
188,33949,,,,-2.6670970916748047,1.5200141668319702,3.4436824321746826,,,
188,33999,,,,-2.5486257076263428,1.4595890045166016,4.523708343505859,,,
188,34019,,,,,,,-2.2867352962493896,2.0252864360809326,9.185261726379395
189,34049,,,,-2.1409223079681396,2.6027069091796875,11.566390037536621,,,
189,34099,,,,-1.988887906074524,3.412494659423828,16.414661407470703,,,
189,34149,,,,-1.8060001134872437,3.3434765338897705,25.010366439819336,,,
189,34199,,,,-2.3014075756073,1.8749988079071045,7.993047714233398,,,
189,34199,,,,,,,-2.453946590423584,1.6549780368804932,6.424975872039795
190,34249,,,,-2.064758539199829,2.689424991607666,13.783571243286133,,,
190,34299,,,,-2.249305486679077,2.192342758178711,9.01186466217041,,,
190,34349,,,,-2.496438503265381,1.454315185546875,5.101308345794678,,,
190,34379,,,,,,,-2.5616071224212646,1.4503815174102783,4.992044448852539
191,34399,,,,-2.1431853771209717,2.475663185119629,11.506275177001953,,,
191,34449,,,,-1.7821849584579468,3.0179078578948975,26.420135498046875,,,
191,34499,,,,-1.5734041929244995,4.783897399902344,42.72831726074219,,,
191,34549,,,,-2.748872756958008,1.2739555835723877,2.8526408672332764,,,
191,34559,,,,,,,-1.7795813083648682,3.9549758434295654,28.3676700592041
192,34599,,,,-2.193117380142212,2.474541664123535,10.256586074829102,,,
192,34649,,,,-1.6394774913787842,4.56442928314209,36.6980094909668,,,
192,34699,,,,-2.363936185836792,1.9064710140228271,6.921239376068115,,,
192,34739,,,,,,,-2.348857879638672,1.8337316513061523,8.128809928894043
193,34749,,,,-2.135988712310791,2.513497829437256,11.698535919189453,,,
193,34799,,,,-2.4133481979370117,1.6960952281951904,6.17691707611084,,,
193,34849,,,,-2.40279221534729,1.8542524576187134,6.328896522521973,,,
193,34899,,,,-2.0297787189483643,2.890151262283325,14.939688682556152,,,
193,34919,,,,,,,-1.8571592569351196,3.5584514141082764,24.042760848999023
194,34949,,,,-2.498271942138672,1.613889455795288,5.079817771911621,,,
194,34999,,,,-2.133151054382324,2.6628775596618652,11.77521800994873,,,
194,35049,,,,-2.0258803367614746,2.7063069343566895,15.074387550354004,,,
194,35099,,,,-2.1818339824676514,2.083531618118286,10.5265531539917,,,
194,35099,,,,,,,-2.369041919708252,1.9619972705841064,7.3431220054626465
195,35149,,,,-2.1670992374420166,2.5056204795837402,10.889822006225586,,,
195,35199,,,,-2.429990768432617,1.9054211378097534,5.944685935974121,,,
195,35249,,,,-2.145160436630249,2.6240804195404053,11.454058647155762,,,
195,35279,,,,,,,-2.1572775840759277,2.4450786113739014,11.933004379272461
196,35299,,,,-2.273195505142212,2.1737024784088135,8.529519081115723,,,
196,35349,,,,-2.205791711807251,2.0918610095977783,9.961580276489258,,,
196,35399,,,,-2.089226007461548,2.5707809925079346,13.028480529785156,,,
196,35449,,,,-1.7975517511367798,3.6679439544677734,25.501646041870117,,,
196,35459,,,,,,,-1.9067198038101196,3.392437219619751,21.13974380493164
197,35499,,,,-2.4494168758392334,1.871673822402954,5.684640884399414,,,
197,35549,,,,-2.5285863876342773,1.6423187255859375,4.737327575683594,,,
197,35599,,,,-2.39839243888855,1.8544974327087402,6.393340110778809,,,
197,35639,,,,,,,-2.1163220405578613,2.6866931915283203,13.221308708190918
198,35649,,,,-2.320988893508911,1.7279274463653564,7.6406660079956055,,,
198,35699,,,,-2.5304934978485107,1.5423176288604736,4.716572284698486,,,
198,35749,,,,-2.3922219276428223,1.6863319873809814,6.4848198890686035,,,
198,35799,,,,-2.667694091796875,1.3170619010925293,3.438951015472412,,,
198,35819,,,,,,,-2.2067253589630127,2.4092445373535156,10.619463920593262
199,35849,,,,-1.7070552110671997,3.859049081802368,31.409780502319336,,,
199,35899,,,,-2.141415596008301,2.182285785675049,11.553257942199707,,,
199,35949,,,,-2.658205270767212,1.533791184425354,3.5149154663085938,,,
199,35999,,,,-2.396261692047119,1.4201552867889404,6.42478084564209,,,
199,35999,,,,,,,-2.1042943000793457,2.5564122200012207,13.81212043762207
200,36049,,,,-1.959519624710083,2.6879734992980957,17.56307029724121,,,
200,36099,,,,-2.2191760540008545,2.417330741882324,9.659261703491211,,,
200,36149,,,,-2.832155227661133,1.0755571126937866,2.354857921600342,,,
200,36179,,,,,,,-2.50677227973938,1.6102066040039062,5.773482322692871
201,36199,,,,-1.675913691520691,3.973405599594116,33.74477005004883,,,
201,36249,,,,-2.3449840545654297,2.1054093837738037,7.229960918426514,,,
201,36299,,,,-2.1098618507385254,2.7081680297851562,12.423908233642578,,,
201,36349,,,,-2.1738779544830322,1.971205711364746,10.721166610717773,,,
201,36359,,,,,,,-1.754615068435669,4.056171894073486,29.700056076049805
202,36399,,,,-2.0819249153137207,2.56298828125,13.24936580657959,,,
202,36449,,,,-1.6001604795455933,5.1673583984375,40.175331115722656,,,
202,36499,,,,-2.744525909423828,1.142949104309082,2.8813393115997314,,,
202,36539,,,,,,,-1.8343366384506226,3.6382172107696533,25.02859115600586
203,36549,,,,-2.3149285316467285,1.9776479005813599,7.748032569885254,,,
203,36599,,,,-2.288560628890991,2.037140130996704,8.233022689819336,,,
203,36649,,,,-2.2903263568878174,1.903833031654358,8.199621200561523,,,
203,36699,,,,-2.530858039855957,1.598825216293335,4.712618350982666,,,
203,36719,,,,,,,-2.256955862045288,2.0113718509674072,9.745342254638672
204,36749,,,,-2.8459954261779785,1.1116586923599243,2.280996322631836,,,
204,36799,,,,-2.4631600379943848,1.9613397121429443,5.507569789886475,,,
204,36849,,,,-2.5070180892944336,1.8056814670562744,4.97853946685791,,,
204,36899,,,,-1.9615687131881714,3.170158863067627,17.48039436340332,,,
204,36899,,,,,,,-2.182229518890381,2.368845224380493,11.239531517028809
205,36949,,,,-1.479892611503601,5.453244686126709,52.994083404541016,,,
205,36999,,,,-2.175699234008789,2.1256635189056396,10.676300048828125,,,
205,37049,,,,-2.548433780670166,1.557523488998413,4.525704383850098,,,
205,37079,,,,,,,-1.9653496742248535,3.1471221446990967,18.320472717285156
206,37099,,,,-2.5114989280700684,1.741987943649292,4.927438259124756,,,
206,37149,,,,-2.701343297958374,1.334100365638733,3.18255877494812,,,
206,37199,,,,-2.1582529544830322,2.6861836910247803,11.113912582397461,,,
206,37249,,,,-2.2279176712036133,2.5353546142578125,9.466777801513672,,,
206,37259,,,,,,,-2.4856977462768555,1.6742644309997559,5.828808307647705
207,37299,,,,-2.3464725017547607,1.757023572921753,7.205222129821777,,,
207,37349,,,,-2.415717363357544,1.929917335510254,6.143313407897949,,,
207,37399,,,,-1.8682607412338257,3.255359172821045,21.670024871826172,,,
207,37439,,,,,,,-2.120159864425659,2.5614142417907715,13.243760108947754
208,37449,,,,-1.95953369140625,3.271595001220703,17.5625,,,
208,37499,,,,-2.4803686141967773,1.9485876560211182,5.293602466583252,,,
208,37549,,,,-1.8320788145065308,4.053126335144043,23.552722930908203,,,
208,37599,,,,-2.610163450241089,1.587149977684021,3.9260568618774414,,,
208,37619,,,,,,,-2.139431953430176,2.491802453994751,12.693877220153809
209,37649,,,,-2.198573112487793,2.811530590057373,10.128540992736816,,,
209,37699,,,,-1.7178435325622559,3.816929817199707,30.639131546020508,,,
209,37749,,,,-1.7568471431732178,3.6273465156555176,28.007404327392578,,,
209,37799,,,,-2.2766966819763184,1.9652907848358154,8.461031913757324,,,
209,37799,,,,,,,-2.496361017227173,1.5875877141952515,5.606277942657471
210,37849,,,,-2.586883783340454,1.5077760219573975,4.142248153686523,,,
210,37899,,,,-2.1312103271484375,2.049673080444336,11.827963829040527,,,
210,37949,,,,-1.9352271556854248,3.003715753555298,18.57345962524414,,,
210,37979,,,,,,,-1.9359076023101807,3.0897140502929688,19.880176544189453
211,37999,,,,-2.298604965209961,1.9877386093139648,8.044801712036133,,,
211,38049,,,,-2.428675413131714,1.6503238677978516,5.962718963623047,,,
211,38099,,,,-1.7508221864700317,4.488629341125488,28.398664474487305,,,
211,38149,,,,-2.455625295639038,1.6449475288391113,5.6039557456970215,,,
211,38159,,,,,,,-2.0363504886627197,3.021684169769287,15.575764656066895
212,38199,,,,-2.5088438987731934,1.7200665473937988,4.957653045654297,,,
212,38249,,,,-2.2229061126708984,2.555142402648926,9.576658248901367,,,
212,38299,,,,-2.5552778244018555,1.4645936489105225,4.454944610595703,,,
212,38339,,,,,,,-1.9282423257827759,3.5479326248168945,19.722871780395508
213,38349,,,,-2.179046392440796,2.5550124645233154,10.594335556030273,,,
213,38399,,,,-2.186300277709961,2.4698586463928223,10.418848037719727,,,
213,38449,,,,-2.500844717025757,1.2680904865264893,5.0498151779174805,,,
213,38499,,,,-2.460631847381592,1.7397911548614502,5.539727687835693,,,
213,38519,,,,,,,-2.6289548873901367,1.2867286205291748,4.427762508392334
214,38549,,,,-2.057490587234497,2.452829599380493,14.016176223754883,,,
214,38599,,,,-2.129136800765991,2.904630661010742,11.884561538696289,,,
214,38649,,,,-2.103825569152832,2.932612180709839,12.597797393798828,,,
214,38699,,,,-2.8266384601593018,1.0458317995071411,2.3849644660949707,,,
214,38699,,,,,,,-2.3585424423217773,1.8741705417633057,7.829468727111816
215,38749,,,,-1.89634108543396,3.5179879665374756,20.313232421875,,,
215,38799,,,,-2.7298524379730225,1.2490627765655518,2.9803528785705566,,,
215,38849,,,,-2.281149387359619,1.7598726749420166,8.374724388122559,,,
215,38879,,,,,,,-2.3261704444885254,1.9665606021881104,8.18771743774414
216,38899,,,,-3.062761068344116,0.9277058839797974,1.3847097158432007,,,
216,38949,,,,-1.9602646827697754,2.284435510635376,17.53296661376953,,,
216,38999,,,,-2.57960844039917,1.5404338836669922,4.212224006652832,,,
216,39049,,,,-2.4156219959259033,1.6136740446090698,6.144662857055664,,,
216,39059,,,,,,,-2.438234567642212,1.7521237134933472,6.325746536254883
217,39099,,,,-2.185363531112671,2.593320369720459,10.441346168518066,,,
217,39149,,,,-2.2538743019104004,2.1433022022247314,8.91755199432373,,,
217,39199,,,,-1.834397554397583,3.057252883911133,23.427322387695312,,,
217,39239,,,,,,,-2.0758914947509766,2.6409542560577393,14.375421524047852
218,39249,,,,-1.3351771831512451,5.9060163497924805,73.95077514648438,,,
218,39299,,,,-2.321669578552246,1.9287900924682617,7.62869930267334,,,
218,39349,,,,-2.316969871520996,1.8793785572052002,7.711704730987549,,,
218,39399,,,,-2.490978240966797,1.5581167936325073,5.165852069854736,,,
218,39419,,,,,,,-2.408060312271118,1.7546024322509766,6.813753128051758
219,39449,,,,-2.550487995147705,1.7320773601531982,4.504351615905762,,,
219,39499,,,,-2.2899115085601807,2.2132375240325928,8.207457542419434,,,
219,39549,,,,-2.4893383979797363,1.4752726554870605,5.185392379760742,,,
219,39599,,,,-2.647155523300171,1.6436212062835693,3.6054909229278564,,,
219,39599,,,,,,,-2.495065450668335,1.6375073194503784,5.656464576721191
220,39649,,,,-2.0378291606903076,3.446460485458374,14.665291786193848,,,
220,39699,,,,-2.529944896697998,1.6791760921478271,4.7225341796875,,,
220,39749,,,,-2.780693769454956,1.2060356140136719,2.6511001586914062,,,
220,39779,,,,,,,-2.3813657760620117,1.806427240371704,7.581459999084473
221,39799,,,,-2.1182541847229004,2.6403520107269287,12.186127662658691,,,
221,39849,,,,-2.4239578247070312,1.7738027572631836,6.027846813201904,,,
221,39899,,,,-2.280628204345703,2.1958303451538086,8.384782791137695,,,
221,39949,,,,-2.4511847496032715,1.873521327972412,5.6615495681762695,,,
221,39959,,,,,,,-2.3505635261535645,1.7011405229568481,8.226019859313965
222,39999,,,,-2.176093339920044,2.148256301879883,10.666620254516602,,,
222,40049,,,,-2.7347142696380615,1.2615020275115967,2.947174072265625,,,
222,40099,,,,-2.631899118423462,1.0026540756225586,3.734400987625122,,,
222,40139,,,,,,,-2.2518153190612793,2.4264180660247803,9.422555923461914
223,40149,,,,-2.148496389389038,2.8096251487731934,11.366411209106445,,,
223,40199,,,,-2.638906717300415,1.3047065734863281,3.6746253967285156,,,
223,40249,,,,-2.812516927719116,1.104304313659668,2.4637887477874756,,,
223,40299,,,,-2.0235838890075684,2.171459674835205,15.154317855834961,,,
223,40319,,,,,,,-1.9126510620117188,3.3524692058563232,20.828393936157227
224,40349,,,,-2.5538783073425293,1.3793150186538696,4.469325065612793,,,
224,40399,,,,-2.4093925952911377,1.8897624015808105,6.233431816101074,,,
224,40449,,,,-2.503939628601074,1.433729648590088,5.013953685760498,,,
224,40499,,,,-2.380887508392334,1.5224015712738037,6.656294822692871,,,
224,40499,,,,,,,-2.160118341445923,2.355621814727783,11.835442543029785
225,40549,,,,-2.2614731788635254,1.6434528827667236,8.762879371643066,,,
225,40599,,,,-2.0904908180236816,1.9763697385787964,12.99060344696045,,,
225,40649,,,,-2.7741262912750244,1.122257947921753,2.691497325897217,,,
225,40679,,,,,,,-2.2027437686920166,2.36544132232666,10.691551208496094
226,40699,,,,-2.6078522205352783,1.257544755935669,3.947004556655884,,,
226,40749,,,,-2.3112993240356445,2.0570149421691895,7.81304931640625,,,
226,40799,,,,-2.0671472549438477,2.7220096588134766,13.707958221435547,,,
226,40849,,,,-2.77935791015625,1.3327748775482178,2.659266948699951,,,
226,40859,,,,,,,-2.5852320194244385,1.3721140623092651,4.715756893157959
227,40899,,,,-2.60740327835083,1.6178104877471924,3.951087713241577,,,
227,40949,,,,-2.5409483909606934,1.353745698928833,4.604382514953613,,,
227,40999,,,,-2.1830105781555176,2.5427520275115967,10.498072624206543,,,
227,41039,,,,,,,-2.1792664527893066,2.4061672687530518,11.522903442382812
228,41049,,,,-2.1204545497894287,2.256694793701172,12.12454891204834,,,
228,41099,,,,-2.085221767425537,2.387653350830078,13.14916706085205,,,
228,41149,,,,-2.197458028793335,2.2656455039978027,10.154583930969238,,,
228,41199,,,,-1.9488301277160645,3.043386936187744,18.000717163085938,,,
228,41219,,,,,,,-2.6035103797912598,1.3434393405914307,4.70198917388916
229,41249,,,,-1.9252115488052368,3.3211283683776855,19.006772994995117,,,
229,41299,,,,-2.3456082344055176,2.0932624340057373,7.219579219818115,,,
229,41349,,,,-1.8380663394927979,3.7513720989227295,23.230239868164062,,,
229,41399,,,,-2.259740114212036,2.3720357418060303,8.797917366027832,,,
229,41399,,,,,,,-2.314754009246826,2.005707263946533,8.645089149475098
230,41449,,,,-2.4682772159576416,1.6979343891143799,5.443055152893066,,,
230,41499,,,,-2.2911970615386963,1.8975915908813477,8.18319320678711,,,
230,41549,,,,-2.508206367492676,1.7469580173492432,4.964937210083008,,,
230,41579,,,,,,,-2.1115338802337646,2.4506688117980957,13.536471366882324
231,41599,,,,-2.3851239681243896,1.8583072423934937,6.591680526733398,,,
231,41649,,,,-2.339169979095459,1.8711438179016113,7.327400207519531,,,
231,41699,,,,-1.817297101020813,3.763801336288452,24.368175506591797,,,
231,41749,,,,-1.5556453466415405,3.840653896331787,44.51174545288086,,,
231,41759,,,,,,,-2.235431671142578,2.242609977722168,10.103687286376953
232,41799,,,,-2.4470248222351074,1.5261200666427612,5.716037750244141,,,
232,41849,,,,-2.1223225593566895,2.50955867767334,12.072507858276367,,,
232,41899,,,,-2.3928885459899902,1.9251518249511719,6.474875450134277,,,
232,41939,,,,,,,-2.506326198577881,1.5506023168563843,5.556316375732422
233,41949,,,,-1.72817063331604,3.399641513824463,29.919158935546875,,,
233,41999,,,,-2.074976682662964,2.663707733154297,13.463052749633789,,,
233,42049,,,,-1.9625074863433838,3.3110830783843994,17.442646026611328,,,
233,42099,,,,-2.4228296279907227,1.6380541324615479,6.043526649475098,,,
233,42119,,,,,,,-2.5037343502044678,1.5037637948989868,5.899122714996338
234,42149,,,,-1.9047319889068604,3.358645439147949,19.924522399902344,,,
234,42199,,,,-2.8860514163970947,1.093611240386963,2.0800256729125977,,,
234,42249,,,,-2.1392440795898438,2.141737461090088,11.611172676086426,,,
234,42299,,,,-2.213203191757202,2.2628536224365234,9.793025970458984,,,
234,42299,,,,,,,-2.277472734451294,2.275045394897461,9.100944519042969
235,42349,,,,-2.783344268798828,1.1803569793701172,2.6349709033966064,,,
235,42399,,,,-2.8143680095672607,1.1003801822662354,2.4533071517944336,,,
235,42449,,,,-2.9453439712524414,1.0595123767852783,1.8145803213119507,,,
235,42479,,,,,,,-2.331022262573242,1.9635895490646362,8.108424186706543
236,42499,,,,-2.057169198989868,2.3432466983795166,14.026551246643066,,,
236,42549,,,,-2.9132485389709473,1.0289641618728638,1.9537615776062012,,,
236,42599,,,,-2.478515863418579,1.396986961364746,5.3162336349487305,,,
236,42649,,,,-2.3374996185302734,1.7286159992218018,7.355637550354004,,,
236,42659,,,,,,,-2.2766916751861572,2.1431784629821777,9.212617874145508
237,42699,,,,-2.6375842094421387,1.4283933639526367,3.6858322620391846,,,
237,42749,,,,-2.3341195583343506,2.1509041786193848,7.413110256195068,,,
237,42799,,,,-2.545306444168091,1.3476581573486328,4.55841064453125,,,
237,42839,,,,,,,-2.4750654697418213,1.4963520765304565,5.915436744689941
238,42849,,,,-2.280787467956543,1.9012291431427002,8.381709098815918,,,
238,42899,,,,-2.2026262283325195,2.0936684608459473,10.034452438354492,,,
238,42949,,,,-2.0969748497009277,2.180860996246338,12.798088073730469,,,
238,42999,,,,-2.539613962173462,1.6360127925872803,4.618552207946777,,,
238,43019,,,,,,,-2.429875373840332,1.678788423538208,6.7721638679504395
239,43049,,,,-1.862770676612854,3.2823476791381836,21.94569206237793,,,
239,43099,,,,-2.1086666584014893,2.7957024574279785,12.458144187927246,,,
239,43149,,,,-1.6602967977523804,4.353787422180176,34.98026657104492,,,
239,43199,,,,-2.158278226852417,2.141444683074951,11.11326789855957,,,
239,43199,,,,,,,-2.026682138442993,3.1043829917907715,16.008037567138672
240,43249,,,,-2.584108352661133,1.6242561340332031,4.168807029724121,,,
240,43299,,,,-2.524566411972046,1.6412544250488281,4.781384468078613,,,
240,43349,,,,-2.493152379989624,1.722459316253662,5.140055179595947,,,
240,43379,,,,,,,-2.4645328521728516,1.5813153982162476,6.4015583992004395
241,43399,,,,-2.927311420440674,0.9314078688621521,1.8915088176727295,,,
241,43449,,,,-2.435774087905884,2.143284320831299,5.866050720214844,,,
241,43499,,,,-2.2260169982910156,2.433487892150879,9.508308410644531,,,
241,43549,,,,-2.4158499240875244,1.6485936641693115,6.1414408683776855,,,
241,43559,,,,,,,-2.2785604000091553,2.0616331100463867,9.078938484191895
242,43599,,,,-2.1789629459381104,3.032102584838867,10.596367835998535,,,
242,43649,,,,-2.5413312911987305,1.3461213111877441,4.600327014923096,,,
242,43699,,,,-2.346713066101074,2.019224166870117,7.201234817504883,,,
242,43739,,,,,,,-1.8150514364242554,4.065525054931641,25.376205444335938
243,43749,,,,-1.917803168296814,2.9972283840179443,19.333778381347656,,,
243,43799,,,,-1.4961128234863281,5.689237594604492,51.05134582519531,,,
243,43849,,,,-1.522489309310913,5.067530632019043,48.04308319091797,,,
243,43899,,,,-2.1266114711761475,2.3065550327301025,11.953873634338379,,,
243,43919,,,,,,,-2.5932247638702393,1.332659363746643,4.972934246063232
244,43949,,,,-2.7024333477020264,1.3620494604110718,3.174582004547119,,,
244,43999,,,,-2.5846123695373535,1.695800542831421,4.163971900939941,,,
244,44049,,,,-2.4031879901885986,2.03135347366333,6.323131561279297,,,
244,44099,,,,-2.8277089595794678,1.2188953161239624,2.379091262817383,,,
244,44099,,,,,,,-2.362677812576294,1.917962670326233,7.390110492706299
245,44149,,,,-2.315129280090332,2.3824381828308105,7.744451999664307,,,
245,44199,,,,-2.9335458278656006,0.9806440472602844,1.8645501136779785,,,
245,44249,,,,-2.8536508083343506,1.1030144691467285,2.2411410808563232,,,
245,44279,,,,,,,-2.501497745513916,1.5238494873046875,5.739180564880371
246,44299,,,,-2.8305740356445312,1.1818461418151855,2.363447666168213,,,
246,44349,,,,-2.528592824935913,1.3726532459259033,4.737260341644287,,,
246,44399,,,,-2.264263153076172,2.3238229751586914,8.706768989562988,,,
246,44449,,,,-2.3874661922454834,1.91025710105896,6.556222915649414,,,
246,44459,,,,,,,-2.5667364597320557,1.3690770864486694,5.14286470413208
247,44499,,,,-2.4767143726348877,1.6739444732666016,5.338330268859863,,,
247,44549,,,,-2.600166082382202,1.4856653213500977,4.017482757568359,,,
247,44599,,,,-2.342818260192871,1.985217809677124,7.266104698181152,,,
247,44639,,,,,,,-1.8550846576690674,3.2729451656341553,23.99632453918457
248,44649,,,,-1.9609885215759277,3.2990355491638184,17.503765106201172,,,
248,44699,,,,-2.6355504989624023,1.0592219829559326,3.7031359672546387,,,
248,44749,,,,-2.121570110321045,2.7034215927124023,12.093442916870117,,,
248,44799,,,,-2.5481574535369873,1.481148600578308,4.528586387634277,,,
248,44819,,,,,,,-2.4916434288024902,1.6065489053726196,5.718775749206543
249,44849,,,,-2.346487045288086,2.151714324951172,7.204982757568359,,,
249,44899,,,,-2.3367629051208496,2.1173596382141113,7.368127822875977,,,
249,44949,,,,-2.8069186210632324,1.2608312368392944,2.495750904083252,,,
249,44999,,,,-2.5369131565093994,1.2996090650558472,4.647367477416992,,,
249,44999,,,,,,,-2.552682876586914,1.4003371000289917,5.047231197357178
250,45049,,,,-2.8471171855926514,1.1291472911834717,2.2751128673553467,,,
250,45099,,,,-2.206519842147827,2.133995532989502,9.944894790649414,,,
250,45149,,,,-2.5972976684570312,1.3941771984100342,4.044102191925049,,,
250,45179,,,,,,,-2.5145363807678223,1.5377485752105713,5.63031005859375
251,45199,,,,-2.901177406311035,1.0727012157440186,2.008826732635498,,,
251,45249,,,,-2.8199210166931152,1.0391862392425537,2.422137975692749,,,
251,45299,,,,-1.806405782699585,4.137684345245361,24.987010955810547,,,
251,45349,,,,-2.656747341156006,1.5516510009765625,3.526731491088867,,,
251,45359,,,,,,,-2.3962159156799316,1.942688226699829,6.924261569976807
252,45399,,,,-2.7537500858306885,1.434047818183899,2.8207828998565674,,,
252,45449,,,,-2.2879951000213623,2.260962724685669,8.243751525878906,,,
252,45499,,,,-2.6184399127960205,1.3371689319610596,3.851945400238037,,,
252,45539,,,,,,,-2.5833938121795654,1.3048595190048218,4.973891258239746
253,45549,,,,-2.6639788150787354,1.2349159717559814,3.468493938446045,,,
253,45599,,,,-2.047740936279297,2.6879281997680664,14.334388732910156,,,
253,45649,,,,-2.236841917037964,1.9238831996917725,9.274231910705566,,,
253,45699,,,,-2.6610288619995117,1.4430232048034668,3.4921376705169678,,,
253,45719,,,,,,,-2.4091601371765137,1.6888788938522339,7.084559917449951
254,45749,,,,-2.5511257648468018,1.444817066192627,4.49774169921875,,,
254,45799,,,,-2.844050168991089,1.0900771617889404,2.2912356853485107,,,
254,45849,,,,-2.145658016204834,1.988940715789795,11.440947532653809,,,
254,45899,,,,-2.046909809112549,3.3729891777038574,14.361845970153809,,,
254,45899,,,,,,,-1.7401626110076904,4.460255146026611,30.12993049621582
255,45949,,,,-1.9262958765029907,3.031522274017334,18.959381103515625,,,
255,45999,,,,-2.9722070693969727,1.0337803363800049,1.7057411670684814,,,
255,46049,,,,-2.337481737136841,1.971405029296875,7.3559417724609375,,,
255,46079,,,,,,,-1.7010767459869385,4.559998035430908,33.415184020996094
256,46099,,,,-2.9166362285614014,0.9625632762908936,1.9385796785354614,,,
256,46149,,,,-2.4508328437805176,1.4226748943328857,5.666140556335449,,,
256,46199,,,,-2.279545545578003,2.3005948066711426,8.405712127685547,,,
256,46249,,,,-2.6071200370788574,1.308319091796875,3.9536664485931396,,,
256,46259,,,,,,,-2.4406301975250244,1.7029356956481934,6.636355400085449
257,46299,,,,-2.508594512939453,1.4909453392028809,4.9604997634887695,,,
257,46349,,,,-2.0890605449676514,2.725001335144043,13.033449172973633,,,
257,46399,,,,-2.0539803504943848,2.5423245429992676,14.129919052124023,,,
257,46439,,,,,,,-2.1568338871002197,2.158140182495117,12.176132202148438
258,46449,,,,-1.955550193786621,3.850527763366699,17.72433090209961,,,
258,46499,,,,-2.2824819087982178,2.306985855102539,8.349072456359863,,,
258,46549,,,,-2.0339457988739014,2.7148969173431396,14.797016143798828,,,
258,46599,,,,-2.1091179847717285,3.207653522491455,12.445207595825195,,,
258,46619,,,,,,,-2.5151636600494385,1.5450775623321533,5.66499662399292
259,46649,,,,-2.2715072631835938,2.1452746391296387,8.562740325927734,,,
259,46699,,,,-2.3347222805023193,1.8738739490509033,7.402831554412842,,,
259,46749,,,,-2.141068935394287,2.5124497413635254,11.562479019165039,,,
259,46799,,,,-2.0418665409088135,3.2504687309265137,14.529593467712402,,,
259,46799,,,,,,,-1.8836736679077148,3.5018396377563477,22.173635482788086
260,46849,,,,-2.0139050483703613,2.9057486057281494,15.495838165283203,,,
260,46899,,,,-2.596569776535034,1.301403522491455,4.05088996887207,,,
260,46949,,,,-1.8759468793869019,2.9674410820007324,21.289878845214844,,,
260,46979,,,,,,,-2.3518643379211426,1.9673197269439697,7.879300594329834
261,46999,,,,-2.4937942028045654,1.7187167406082153,5.132463455200195,,,
261,47049,,,,-2.228234052658081,2.059410333633423,9.45988941192627,,,
261,47099,,,,-2.690338611602783,1.429138422012329,3.264234781265259,,,
261,47149,,,,-2.5676651000976562,1.6562037467956543,4.329668998718262,,,
261,47159,,,,,,,-2.1859421730041504,2.333728790283203,11.11846923828125
262,47199,,,,-2.436814069747925,1.8290387392044067,5.852023601531982,,,
262,47249,,,,-2.696362257003784,1.4021999835968018,3.2192745208740234,,,
262,47299,,,,-2.643972635269165,1.4044504165649414,3.6320152282714844,,,
262,47339,,,,,,,-1.8571662902832031,3.671205520629883,23.456750869750977
263,47349,,,,-2.1902544498443604,2.437765121459961,10.324417114257812,,,
263,47399,,,,-2.690293312072754,1.2798559665679932,3.264575958251953,,,
263,47449,,,,-2.217270851135254,1.9702614545822144,9.701728820800781,,,
263,47499,,,,-2.726186513900757,1.38374924659729,3.005615711212158,,,
263,47519,,,,,,,-2.4866228103637695,1.6443222761154175,5.968197345733643
264,47549,,,,-2.879396438598633,1.1088228225708008,2.112144708633423,,,
264,47599,,,,-2.212252378463745,2.3855762481689453,9.814482688903809,,,
264,47649,,,,-2.3433072566986084,2.077580690383911,7.257932662963867,,,
264,47699,,,,-2.0911431312561035,2.3766181468963623,12.971101760864258,,,
264,47699,,,,,,,-2.5067734718322754,1.594964861869812,5.630465030670166
265,47749,,,,-1.9850029945373535,2.8882222175598145,16.562164306640625,,,
265,47799,,,,-2.7923977375030518,1.3586796522140503,2.5806093215942383,,,
265,47849,,,,-2.6215856075286865,1.3117599487304688,3.8241491317749023,,,
265,47879,,,,,,,-2.4958572387695312,1.5932554006576538,5.947909355163574
266,47899,,,,-1.9689021110534668,2.551783561706543,17.187707901000977,,,
266,47949,,,,-2.4092931747436523,1.9015973806381226,6.23486328125,,,
266,47999,,,,-2.8075263500213623,1.0869758129119873,2.4922614097595215,,,
266,48049,,,,-2.0967025756835938,2.823087215423584,12.80611801147461,,,
266,48059,,,,,,,-2.502164602279663,1.533506155014038,5.841997146606445
267,48099,,,,-2.453681707382202,1.3139688968658447,5.629092693328857,,,
267,48149,,,,-2.556450128555298,1.4960970878601074,4.442934036254883,,,
267,48199,,,,-2.672950506210327,1.4443864822387695,3.3975794315338135,,,
267,48239,,,,,,,-2.2823855876922607,2.1544127464294434,8.989351272583008
268,48249,,,,-2.4225597381591797,1.6254364252090454,6.0472822189331055,,,
268,48299,,,,-1.6085759401321411,4.494830131530762,39.40433883666992,,,
268,48349,,,,-1.5671132802963257,4.713711738586426,43.351768493652344,,,
268,48399,,,,-2.6143932342529297,1.588763952255249,3.888004779815674,,,
268,48419,,,,,,,-2.2717275619506836,1.870499610900879,9.357169151306152
269,48449,,,,-2.699801445007324,1.0219753980636597,3.193881034851074,,,
269,48499,,,,-2.227372169494629,2.4457077980041504,9.478675842285156,,,
269,48549,,,,-2.1360883712768555,2.6776986122131348,11.695846557617188,,,
269,48599,,,,-2.654484272003174,1.3074557781219482,3.5451607704162598,,,
269,48599,,,,,,,-2.3337061405181885,2.1322391033172607,8.041938781738281
270,48649,,,,-2.002850294113159,2.7890584468841553,15.895334243774414,,,
270,48699,,,,-2.2457361221313477,2.37461256980896,9.08622932434082,,,
270,48749,,,,-1.493269443511963,5.71766996383667,51.38666534423828,,,
270,48779,,,,,,,-2.469330310821533,1.60420560836792,6.002786636352539
271,48799,,,,-2.1958861351013184,2.1801345348358154,10.191398620605469,,,
271,48849,,,,-3.045717239379883,0.9679632782936096,1.4401332139968872,,,
271,48899,,,,-2.430818557739258,1.6494804620742798,5.933372497558594,,,
271,48949,,,,-2.560065984725952,1.4440323114395142,4.4060959815979,,,
271,48959,,,,,,,-2.1132428646087646,2.929722547531128,12.928865432739258
272,48999,,,,-2.304694175720215,1.919529914855957,7.932792663574219,,,
272,49049,,,,-2.17160701751709,2.8125557899475098,10.777376174926758,,,
272,49099,,,,-2.2944467067718506,2.0657026767730713,8.122190475463867,,,
272,49139,,,,,,,-2.3189330101013184,1.8312474489212036,8.802197456359863
273,49149,,,,-2.551208019256592,1.7602136135101318,4.496886730194092,,,
273,49199,,,,-2.1115643978118896,2.0633625984191895,12.375295639038086,,,
273,49249,,,,-2.581490993499756,1.2977614402770996,4.194004535675049,,,
273,49299,,,,-3.0101685523986816,0.9217265248298645,1.5629723072052002,,,
273,49319,,,,,,,-2.31646466255188,1.9996007680892944,8.45177936553955
274,49349,,,,-2.297163963317871,1.6215656995773315,8.071534156799316,,,
274,49399,,,,-2.5172224044799805,1.6244570016860962,4.862926006317139,,,
274,49449,,,,-2.339259386062622,1.7462108135223389,7.325894832611084,,,
274,49499,,,,-2.9993879795074463,0.9319480061531067,1.6022570133209229,,,
274,49499,,,,,,,-2.2375078201293945,2.2420148849487305,9.852165222167969
275,49549,,,,-3.0058364868164062,0.8381944894790649,1.5786410570144653,,,
275,49599,,,,-2.721484899520874,1.2067251205444336,3.038331985473633,,,
275,49649,,,,-2.2747762203216553,1.9846832752227783,8.498531341552734,,,
275,49679,,,,,,,-2.2606468200683594,1.9646328687667847,9.753626823425293
276,49699,,,,-2.760856866836548,1.0944929122924805,2.775001287460327,,,
276,49749,,,,-2.744718074798584,1.3785490989685059,2.8800621032714844,,,
276,49799,,,,-2.6246471405029297,1.3961539268493652,3.797283172607422,,,
276,49849,,,,-2.5299644470214844,1.6700677871704102,4.722323417663574,,,
276,49859,,,,,,,-2.584022045135498,1.4130311012268066,4.729911804199219
277,49899,,,,-2.400395631790161,1.9970338344573975,6.363918304443359,,,
277,49949,,,,-2.715955972671509,1.2377350330352783,3.0772581100463867,,,
277,49999,,,,-2.0113770961761475,3.021145820617676,15.586301803588867,,,
277,50039,,,,,,,-1.9232646226882935,3.1492626667022705,21.15958023071289
278,50049,,,,-2.3268685340881348,1.6047009229660034,7.5379180908203125,,,
278,50099,,,,-2.2061190605163574,2.1946723461151123,9.95407485961914,,,
278,50149,,,,-2.2165238857269287,2.614492416381836,9.71843433380127,,,
278,50199,,,,-2.802516222000122,0.9643760919570923,2.5211784839630127,,,
278,50219,,,,,,,-2.2300431728363037,2.3250296115875244,9.948250770568848
279,50249,,,,-2.314164161682129,2.485783815383911,7.761679649353027,,,
279,50299,,,,-2.681213617324829,1.3790514469146729,3.3335442543029785,,,
279,50349,,,,-1.785401463508606,4.028223037719727,26.225187301635742,,,
279,50399,,,,-2.7572665214538574,1.223842978477478,2.7980384826660156,,,
279,50399,,,,,,,-2.5990140438079834,1.3372108936309814,4.574408531188965
280,50449,,,,-2.6433680057525635,1.5047324895858765,3.6370725631713867,,,
280,50499,,,,-1.949196457862854,2.9875435829162598,17.98554801940918,,,
280,50549,,,,-2.0182108879089355,3.49588680267334,15.342958450317383,,,
280,50579,,,,,,,-2.3085904121398926,2.0220141410827637,8.735755920410156
281,50599,,,,-2.183955192565918,2.3020238876342773,10.475263595581055,,,
281,50649,,,,-2.192078113555908,2.1060996055603027,10.281158447265625,,,
281,50699,,,,-2.6181421279907227,1.3958585262298584,3.854588031768799,,,
281,50749,,,,-2.839372158050537,1.0998620986938477,2.3160505294799805,,,
281,50759,,,,,,,-2.363525152206421,1.9491039514541626,7.571580410003662
282,50799,,,,-2.228067636489868,1.8263754844665527,9.463513374328613,,,
282,50849,,,,-2.839571475982666,1.3067485094070435,2.3149876594543457,,,
282,50899,,,,-2.828322172164917,1.0985522270202637,2.37573504447937,,,
282,50939,,,,,,,-2.637437582015991,1.2529338598251343,4.347241401672363
283,50949,,,,-2.193870782852173,2.489811420440674,10.238807678222656,,,
283,50999,,,,-2.348609209060669,1.7261229753494263,7.169862747192383,,,
283,51049,,,,-2.976360321044922,0.9966462254524231,1.6895064115524292,,,
283,51099,,,,-2.840766429901123,1.0690171718597412,2.308627128601074,,,
283,51119,,,,,,,-2.174391746520996,2.6217141151428223,11.132408142089844
284,51149,,,,-3.067293643951416,0.844575047492981,1.3703334331512451,,,
284,51199,,,,-2.527660608291626,1.4943206310272217,4.747439384460449,,,
284,51249,,,,-2.4125864505767822,1.9710667133331299,6.187759876251221,,,
284,51299,,,,-2.6531336307525635,1.2328523397445679,3.556203842163086,,,
284,51299,,,,,,,-2.379695177078247,1.7327324151992798,7.255690574645996
285,51349,,,,-2.4791676998138428,1.897524118423462,5.308261871337891,,,
285,51399,,,,-2.714618682861328,1.4056931734085083,3.0867486000061035,,,
285,51449,,,,-2.7178423404693604,1.3460007905960083,3.063922882080078,,,
285,51479,,,,,,,-2.255211353302002,2.130070924758911,9.66776180267334
286,51499,,,,-2.7508468627929688,1.1981914043426514,2.839705467224121,,,
286,51549,,,,-2.3527896404266357,1.685145378112793,7.101177215576172,,,
286,51599,,,,-2.0534961223602295,3.2078356742858887,14.145684242248535,,,
286,51649,,,,-2.240246295928955,2.1102662086486816,9.201822280883789,,,
286,51659,,,,,,,-1.6710779666900635,4.489415168762207,36.06688690185547
287,51699,,,,-1.9406036138534546,2.8365533351898193,18.34494400024414,,,
287,51749,,,,-3.0534884929656982,0.8836762309074402,1.4145927429199219,,,
287,51799,,,,-2.682032346725464,1.413582444190979,3.3272666931152344,,,
287,51839,,,,,,,-2.4639508724212646,1.6061946153640747,6.0568108558654785
288,51849,,,,-2.2013163566589355,1.8022061586380005,10.064770698547363,,,
288,51899,,,,-2.9260830879211426,0.8561414480209351,1.8968669176101685,,,
288,51949,,,,-2.5182511806488037,1.6273918151855469,4.851421356201172,,,
288,51999,,,,-2.2269482612609863,2.0618765354156494,9.487931251525879,,,
288,52019,,,,,,,-2.020700216293335,2.9826278686523438,16.400331497192383
289,52049,,,,-2.476865530014038,1.6145765781402588,5.33647346496582,,,
289,52099,,,,-1.8766629695892334,3.009199619293213,21.254796981811523,,,
289,52149,,,,-2.302060127258301,2.0429604053497314,7.981047630310059,,,
289,52199,,,,-2.8837366104125977,1.122077226638794,2.091142177581787,,,
289,52199,,,,,,,-2.4662928581237793,1.5606263875961304,6.035050868988037
290,52249,,,,-2.4657037258148193,1.894065499305725,5.475404739379883,,,
290,52299,,,,-2.363978624343872,1.772977352142334,6.920562267303467,,,
290,52349,,,,-2.4711086750030518,1.6739603281021118,5.407685279846191,,,
290,52379,,,,,,,-1.7252013683319092,4.180002212524414,32.52334976196289
291,52399,,,,-2.566222667694092,1.7097992897033691,4.344073295593262,,,
291,52449,,,,-2.0733494758605957,2.6807925701141357,13.513578414916992,,,
291,52499,,,,-2.124065399169922,2.5524682998657227,12.024152755737305,,,
291,52549,,,,-2.299778699874878,2.096865653991699,8.023086547851562,,,
291,52559,,,,,,,-2.4727137088775635,1.699176549911499,5.822596549987793
292,52599,,,,-2.4796245098114014,1.5928561687469482,5.302678108215332,,,
292,52649,,,,-3.2622954845428467,0.6371484398841858,0.8746305108070374,,,
292,52699,,,,-2.307844400405884,2.2610957622528076,7.875452995300293,,,
292,52739,,,,,,,-2.4575791358947754,1.7744085788726807,5.9761505126953125
293,52749,,,,-2.495269536972046,1.6104364395141602,5.115060329437256,,,
293,52799,,,,-2.0668604373931885,2.7891101837158203,13.71701431274414,,,
293,52849,,,,-2.9318668842315674,1.1168261766433716,1.871772289276123,,,
293,52899,,,,-2.6872432231903076,1.2251273393630981,3.287583351135254,,,
293,52919,,,,,,,-2.6386938095092773,1.3462249040603638,4.318865776062012
294,52949,,,,-2.5446815490722656,1.3910528421401978,4.564974784851074,,,
294,52999,,,,-2.0349931716918945,2.356646776199341,14.761377334594727,,,
294,53049,,,,-3.106125831604004,0.7994933128356934,1.2531254291534424,,,
294,53099,,,,-2.689079999923706,1.0726559162139893,3.273707389831543,,,
294,53099,,,,,,,-2.413783311843872,1.8783103227615356,6.585516929626465
295,53149,,,,-2.5393474102020264,1.3924955129623413,4.621387004852295,,,
295,53199,,,,-2.941643714904785,0.986143946647644,1.8301067352294922,,,
295,53249,,,,-1.8841098546981812,2.884535551071167,20.893451690673828,,,
295,53279,,,,,,,-2.483126640319824,1.5137730836868286,6.209378242492676
296,53299,,,,-2.438462018966675,1.8939573764801025,5.829858303070068,,,
296,53349,,,,-2.840664863586426,1.072335958480835,2.309164047241211,,,
296,53399,,,,-2.5553929805755615,1.2586736679077148,4.453761577606201,,,
296,53449,,,,-2.8717496395111084,0.8788806200027466,2.149663209915161,,,
296,53459,,,,,,,-2.610945224761963,1.3668690919876099,4.583064556121826
297,53499,,,,-2.459355115890503,1.4929816722869873,5.556034564971924,,,
297,53549,,,,-2.277782440185547,1.8340153694152832,8.439905166625977,,,
297,53599,,,,-2.3935346603393555,2.0387368202209473,6.465250015258789,,,
297,53639,,,,,,,-2.519357681274414,1.652761459350586,5.2812089920043945
298,53649,,,,-2.0535831451416016,2.403963088989258,14.142847061157227,,,
298,53699,,,,-2.6446404457092285,1.524055004119873,3.6264333724975586,,,
298,53749,,,,-2.6229636669158936,1.621167540550232,3.8120293617248535,,,
298,53799,,,,-2.3926637172698975,1.6771397590637207,6.478228569030762,,,
298,53819,,,,,,,-2.5366947650909424,1.515383005142212,5.2842559814453125
299,53849,,,,-2.6454873085021973,1.479064702987671,3.6193697452545166,,,
299,53899,,,,-3.1987056732177734,0.7216187715530396,1.0125452280044556,,,
299,53949,,,,-2.5527217388153076,1.7547712326049805,4.481241226196289,,,
299,53999,,,,-2.4144601821899414,1.4697285890579224,6.161123275756836,,,
299,53999,,,,,,,-2.5144801139831543,1.520188331604004,5.580851078033447
300,54049,,,,-1.9569660425186157,2.7620434761047363,17.666643142700195,,,
300,54099,,,,-2.497436046600342,1.8564029932022095,5.089605808258057,,,
300,54149,,,,-2.765500068664551,1.1726453304290771,2.7454891204833984,,,
300,54179,,,,,,,-2.275305986404419,2.080328941345215,9.127887725830078
301,54199,,,,-2.9206936359405518,1.063913106918335,1.9205530881881714,,,
301,54249,,,,-2.725285530090332,1.462597370147705,3.011859893798828,,,
301,54299,,,,-2.648380756378174,1.4636869430541992,3.595334768295288,,,
301,54349,,,,-2.1633219718933105,2.605254888534546,10.984950065612793,,,
301,54359,,,,,,,-2.653212308883667,1.2002111673355103,4.297089576721191
302,54399,,,,-2.255445957183838,2.026632785797119,8.885339736938477,,,
302,54449,,,,-2.429971933364868,1.9423104524612427,5.944949150085449,,,
302,54499,,,,-2.407796621322632,1.6782747507095337,6.256385326385498,,,
302,54539,,,,,,,-2.4305267333984375,1.6828144788742065,6.438619613647461
303,54549,,,,-2.6163032054901123,1.2395634651184082,3.870943307876587,,,
303,54599,,,,-2.053375244140625,3.1128313541412354,14.149616241455078,,,
303,54649,,,,-2.5889511108398438,1.3868952989578247,4.122577667236328,,,
303,54699,,,,-2.1722116470336914,2.1881861686706543,10.762378692626953,,,
303,54719,,,,,,,-2.5798237323760986,1.3659377098083496,4.940549850463867
304,54749,,,,-2.8471198081970215,1.007973551750183,2.2750978469848633,,,
304,54799,,,,-2.605520248413086,1.3283681869506836,3.968257427215576,,,
304,54849,,,,-2.848264217376709,1.1476620435714722,2.269110679626465,,,
304,54899,,,,-2.3966224193573,2.0287551879882812,6.419447898864746,,,
304,54899,,,,,,,-2.0207223892211914,3.0633726119995117,16.089405059814453
305,54949,,,,-2.4674551486968994,1.5551013946533203,5.453369140625,,,
305,54999,,,,-2.654189109802246,1.5816149711608887,3.5475690364837646,,,
305,55049,,,,-2.5322060585021973,1.6929290294647217,4.69801139831543,,,
305,55079,,,,,,,-2.6227777004241943,1.348766803741455,4.506963729858398
306,55099,,,,-2.6671462059020996,1.34475576877594,3.4432902336120605,,,
306,55149,,,,-2.3595337867736816,1.8231518268585205,6.991753101348877,,,
306,55199,,,,-2.6760735511779785,1.4873430728912354,3.373234748840332,,,
306,55249,,,,-1.8510364294052124,3.773082733154297,22.546730041503906,,,
306,55259,,,,,,,-1.9954472780227661,2.9653525352478027,17.237775802612305
307,55299,,,,-2.5514345169067383,1.4210431575775146,4.494540214538574,,,
307,55349,,,,-3.1046810150146484,0.7533801198005676,1.2572996616363525,,,
307,55399,,,,-2.6768863201141357,1.1917858123779297,3.366927146911621,,,
307,55439,,,,,,,-2.2487077713012695,2.16695237159729,9.967418670654297
308,55449,,,,-2.702183723449707,1.1410677433013916,3.1764087677001953,,,
308,55499,,,,-2.6543736457824707,1.5317943096160889,3.5460643768310547,,,
308,55549,,,,-2.814028263092041,1.2858386039733887,2.455228805541992,,,
308,55599,,,,-2.983563184738159,0.8485586047172546,1.6617165803909302,,,
308,55619,,,,,,,-2.531083822250366,1.5234496593475342,5.1968231201171875
309,55649,,,,-2.3794076442718506,1.8877228498458862,6.67901611328125,,,
309,55699,,,,-2.3322150707244873,2.1879279613494873,7.44569206237793,,,
309,55749,,,,-2.45611834526062,1.741317629814148,5.597596645355225,,,
309,55799,,,,-2.8131496906280518,1.1827831268310547,2.4602017402648926,,,
309,55799,,,,,,,-2.2275643348693848,1.9825280904769897,10.511727333068848
310,55849,,,,-3.4976251125335693,0.5247606635093689,0.5087387561798096,,,
310,55899,,,,-2.7551732063293457,1.1576710939407349,2.8115577697753906,,,
310,55949,,,,-2.840639591217041,1.0336710214614868,2.309299945831299,,,
310,55979,,,,,,,-2.176551580429077,2.40240478515625,11.367195129394531
311,55999,,,,-2.5323331356048584,1.3435451984405518,4.696633815765381,,,
311,56049,,,,-2.4629738330841064,1.8793575763702393,5.509930610656738,,,
311,56099,,,,-2.9795989990234375,1.025126338005066,1.6769535541534424,,,
311,56149,,,,-2.681680917739868,1.0953665971755981,3.3299598693847656,,,
311,56159,,,,,,,-2.4173836708068848,1.8221523761749268,6.768531799316406
312,56199,,,,-2.6317214965820312,1.423930287361145,3.735929489135742,,,
312,56249,,,,-2.7575716972351074,1.3064616918563843,2.796072006225586,,,
312,56299,,,,-1.6552246809005737,4.118790149688721,35.39120864868164,,,
312,56339,,,,,,,-2.597970724105835,1.3343807458877563,4.7515411376953125
313,56349,,,,-2.5029971599578857,1.5549039840698242,5.024843215942383,,,
313,56399,,,,-2.682229995727539,1.3321833610534668,3.325751781463623,,,
313,56449,,,,-3.497083902359009,0.48315107822418213,0.5093733668327332,,,
313,56499,,,,-1.805066704750061,4.015559196472168,25.06417465209961,,,
313,56519,,,,,,,-2.4410698413848877,1.627313256263733,6.493100643157959
314,56549,,,,-2.495713949203491,1.6804718971252441,5.10982608795166,,,
314,56599,,,,-2.359882354736328,2.2858388423919678,6.98615026473999,,,
314,56649,,,,-2.8923451900482178,1.0079936981201172,2.0500988960266113,,,
314,56699,,,,-2.7688186168670654,1.4191516637802124,2.72459077835083,,,
314,56699,,,,,,,-2.5624513626098633,1.515106439590454,4.950392723083496
315,56749,,,,-3.4897401332855225,0.5147702693939209,0.518060028553009,,,
315,56799,,,,-2.7662947177886963,1.1721802949905396,2.7404708862304688,,,
315,56849,,,,-3.02295184135437,0.8486172556877136,1.517637848854065,,,
315,56879,,,,,,,-2.38777232170105,1.7875187397003174,7.079875946044922
316,56899,,,,-2.416354179382324,1.8696255683898926,6.134315490722656,,,
316,56949,,,,-2.380800724029541,2.0355947017669678,6.657624244689941,,,
316,56999,,,,-2.249828577041626,2.0510048866271973,9.001015663146973,,,
316,57049,,,,-2.6152656078338623,1.6624178886413574,3.8802053928375244,,,
316,57059,,,,,,,-2.2522025108337402,2.2857019901275635,9.819818496704102
317,57099,,,,-2.5184998512268066,1.8191282749176025,4.848642349243164,,,
317,57149,,,,-2.9724841117858887,1.003730297088623,1.7046523094177246,,,
317,57199,,,,-2.6018006801605225,1.1691765785217285,4.002391338348389,,,
317,57239,,,,,,,-2.5637166500091553,1.4598889350891113,4.956118106842041
318,57249,,,,-1.7863245010375977,3.1235575675964355,26.169517517089844,,,
318,57299,,,,-3.0718979835510254,0.7956616282463074,1.3558826446533203,,,
318,57349,,,,-2.8449690341949463,1.2973612546920776,2.286393165588379,,,
318,57399,,,,-2.7517518997192383,1.2835581302642822,2.8337936401367188,,,
318,57419,,,,,,,-2.5092804431915283,1.4770257472991943,5.461557865142822
319,57449,,,,-2.397606611251831,1.7882270812988281,6.404914855957031,,,
319,57499,,,,-2.523850917816162,1.28775954246521,4.789268970489502,,,
319,57549,,,,-2.7873291969299316,1.2788379192352295,2.6109015941619873,,,
319,57599,,,,-2.503450870513916,2.0261456966400146,5.019599914550781,,,
319,57599,,,,,,,-2.344942808151245,2.2477517127990723,7.585954666137695
320,57649,,,,-2.8854236602783203,1.087401032447815,2.0830342769622803,,,
320,57699,,,,-2.145552635192871,2.3886609077453613,11.443729400634766,,,
320,57749,,,,-2.157127618789673,3.041402816772461,11.142744064331055,,,
320,57779,,,,,,,-2.3992223739624023,1.695439100265503,6.877521991729736
321,57799,,,,-2.6284561157226562,1.068925380706787,3.7641234397888184,,,
321,57849,,,,-2.253199338912964,2.5514771938323975,8.931425094604492,,,
321,57899,,,,-2.829746723175049,1.009915828704834,2.367955207824707,,,
321,57949,,,,-2.7222695350646973,1.3307702541351318,3.0328469276428223,,,
321,57959,,,,,,,-2.602961301803589,1.384880542755127,4.692425727844238
322,57999,,,,-2.2387404441833496,2.2023282051086426,9.233782768249512,,,
322,58049,,,,-2.8331732749938965,1.0875043869018555,2.3493447303771973,,,
322,58099,,,,-2.5761642456054688,1.6932121515274048,4.245763301849365,,,
322,58139,,,,,,,-2.599778652191162,1.3995914459228516,4.558882713317871
323,58149,,,,-2.546109914779663,1.3997678756713867,4.549986839294434,,,
323,58199,,,,-2.95589280128479,1.026437759399414,1.7710360288619995,,,
323,58249,,,,-2.1802408695220947,2.409761428833008,10.565231323242188,,,
323,58299,,,,-3.1713600158691406,0.8167179226875305,1.0783509016036987,,,
323,58319,,,,,,,-2.4984347820281982,1.571730613708496,5.874873161315918
324,58349,,,,-2.818040609359741,0.8688921928405762,2.4326493740081787,,,
324,58399,,,,-2.4250330924987793,1.9749692678451538,6.012939929962158,,,
324,58449,,,,-2.5445008277893066,1.5076868534088135,4.566877841949463,,,
324,58499,,,,-2.8041534423828125,1.1832046508789062,2.5116939544677734,,,
324,58499,,,,,,,-2.5296826362609863,1.4598664045333862,5.202223777770996
325,58549,,,,-2.0014688968658447,2.7484946250915527,15.945980072021484,,,
325,58599,,,,-2.9708974361419678,0.8911702632904053,1.7108908891677856,,,
325,58649,,,,-2.7300524711608887,1.1094927787780762,2.978980302810669,,,
325,58679,,,,,,,-2.292013645172119,2.082387924194336,8.695265769958496
326,58699,,,,-2.377190113067627,1.6872813701629639,6.713207244873047,,,
326,58749,,,,-2.716679573059082,1.1475015878677368,3.072136402130127,,,
326,58799,,,,-2.16200852394104,2.4549813270568848,11.018224716186523,,,
326,58849,,,,-2.149104118347168,2.5744338035583496,11.350520133972168,,,
326,58859,,,,,,,-2.081592082977295,2.968156099319458,13.686001777648926
327,58899,,,,-2.5774755477905273,1.7805047035217285,4.232962608337402,,,
327,58949,,,,-2.774148941040039,1.2686634063720703,2.6913561820983887,,,
327,58999,,,,-2.72111439704895,1.3198530673980713,3.0409255027770996,,,
327,59039,,,,,,,-2.668619155883789,1.224609375,4.207756042480469
328,59049,,,,-2.1481339931488037,2.113861083984375,11.375911712646484,,,
328,59099,,,,-2.749870538711548,1.404849886894226,2.846095085144043,,,
328,59149,,,,-3.2365503311157227,0.7119704484939575,0.9280468225479126,,,
328,59199,,,,-2.4446637630462646,1.7364438772201538,5.7472004890441895,,,
328,59219,,,,,,,-2.0314040184020996,2.7862977981567383,16.172374725341797
329,59249,,,,-2.0911359786987305,3.0046873092651367,12.971312522888184,,,
329,59299,,,,-3.330474853515625,0.6387994885444641,0.7475583553314209,,,
329,59349,,,,-2.574869155883789,1.309964656829834,4.2584452629089355,,,
329,59399,,,,-2.5821855068206787,1.4417998790740967,4.187302589416504,,,
329,59399,,,,,,,-2.5778543949127197,1.4529848098754883,4.984322547912598
330,59449,,,,-2.1196255683898926,2.968295097351074,12.147712707519531,,,
330,59499,,,,-2.8897526264190674,1.0325920581817627,2.06237530708313,,,
330,59549,,,,-2.4503543376922607,1.503150224685669,5.672385215759277,,,
330,59579,,,,,,,-2.5461843013763428,1.425004482269287,5.00310754776001
331,59599,,,,-2.8974344730377197,0.9151236414909363,2.026214599609375,,,
331,59649,,,,-3.049190044403076,0.7138257622718811,1.428663730621338,,,
331,59699,,,,-2.8207762241363525,1.1392545700073242,2.4173741340637207,,,
331,59749,,,,-3.12060284614563,0.7695572972297668,1.2120411396026611,,,
331,59759,,,,,,,-2.68776798248291,1.1583565473556519,4.099422454833984
332,59799,,,,-2.905477285385132,1.0286251306533813,1.9890358448028564,,,
332,59849,,,,-1.9810811281204224,3.700218439102173,16.712398529052734,,,
332,59899,,,,-2.3384573459625244,1.7499085664749146,7.339433670043945,,,
332,59939,,,,,,,-2.550321340560913,1.370893955230713,5.104217052459717
333,59949,,,,-2.317081928253174,1.9918522834777832,7.709717273712158,,,
333,59999,,,,-2.794429302215576,1.1929863691329956,2.5685653686523438,,,
333,60049,,,,-2.9100284576416016,1.0587091445922852,1.968300700187683,,,
333,60099,,,,-2.4895853996276855,1.5952155590057373,5.18244743347168,,,
333,60119,,,,,,,-2.5370028018951416,1.5726882219314575,5.366211891174316
334,60149,,,,-2.606173276901245,1.07627272605896,3.9622957706451416,,,
334,60199,,,,-2.4315576553344727,1.62844979763031,5.92327880859375,,,
334,60249,,,,-3.093677520751953,0.9487214088439941,1.289562463760376,,,
334,60299,,,,-2.7516582012176514,1.119255781173706,2.8344039916992188,,,
334,60299,,,,,,,-2.6501622200012207,1.1793465614318848,4.127312660217285
335,60349,,,,-2.8440589904785156,1.0669021606445312,2.291188955307007,,,
335,60399,,,,-2.432694911956787,1.6092150211334229,5.9077911376953125,,,
335,60449,,,,-2.639131784439087,1.6772537231445312,3.6727242469787598,,,
335,60479,,,,,,,-2.2637579441070557,2.528764486312866,9.117039680480957
336,60499,,,,-2.8966774940490723,1.114331603050232,2.0297508239746094,,,
336,60549,,,,-3.0817997455596924,0.8341947793960571,1.3253188133239746,,,
336,60599,,,,-2.627918004989624,1.4425301551818848,3.768792152404785,,,
336,60649,,,,-3.2677836418151855,0.6974510550498962,0.8636480569839478,,,
336,60659,,,,,,,-2.6711578369140625,1.1765562295913696,4.001920700073242
337,60699,,,,-2.737870454788208,1.0823414325714111,2.925832986831665,,,
337,60749,,,,-3.1505937576293945,0.7629469633102417,1.131166934967041,,,
337,60799,,,,-2.897826671600342,1.0396264791488647,2.024385690689087,,,
337,60839,,,,,,,-2.6815121173858643,1.1536917686462402,4.2345380783081055
338,60849,,,,-2.583998203277588,1.524789571762085,4.169864177703857,,,
338,60899,,,,-3.066568374633789,0.869117796421051,1.3726247549057007,,,
338,60949,,,,-2.4583988189697266,1.505984902381897,5.5682830810546875,,,
338,60999,,,,-2.8151485919952393,0.9811778664588928,2.4489011764526367,,,
338,61019,,,,,,,-2.264770746231079,2.3271853923797607,9.169477462768555
339,61049,,,,-2.6963870525360107,1.265406608581543,3.219088554382324,,,
339,61099,,,,-2.847712278366089,1.1268103122711182,2.271996021270752,,,
339,61149,,,,-2.1091701984405518,2.222949981689453,12.44371223449707,,,
339,61199,,,,-2.9502615928649902,1.012939453125,1.7941486835479736,,,
339,61199,,,,,,,-2.5928540229797363,1.3286911249160767,4.774872779846191
340,61249,,,,-3.0629706382751465,0.8450523614883423,1.384041666984558,,,
340,61299,,,,-3.265136480331421,0.6346943974494934,0.8689273595809937,,,
340,61349,,,,-2.8162448406219482,1.2731817960739136,2.4427266120910645,,,
340,61379,,,,,,,-2.0365283489227295,2.6235697269439697,15.851659774780273
341,61399,,,,-2.466054916381836,2.029468536376953,5.470979690551758,,,
341,61449,,,,-2.6391170024871826,1.3299379348754883,3.672849178314209,,,
341,61499,,,,-3.2146835327148438,0.7392677068710327,0.9759711027145386,,,
341,61549,,,,-3.0419423580169678,0.9651356935501099,1.4527058601379395,,,
341,61559,,,,,,,-2.5918357372283936,1.4129061698913574,4.6144208908081055
342,61599,,,,-2.9915473461151123,0.948327898979187,1.6314451694488525,,,
342,61649,,,,-2.4974870681762695,1.3566813468933105,5.089006423950195,,,
342,61699,,,,-3.2698466777801514,0.6908419728279114,0.8595545887947083,,,
342,61739,,,,,,,-2.515733480453491,1.5747102499008179,5.276729106903076
343,61749,,,,-2.599067211151123,1.402825117111206,4.027657985687256,,,
343,61799,,,,-2.5600132942199707,1.805260419845581,4.406634330749512,,,
343,61849,,,,-2.887228012084961,1.2547502517700195,2.0743966102600098,,,
343,61899,,,,-2.729077100753784,0.997036874294281,2.985677719116211,,,
343,61919,,,,,,,-2.5620594024658203,1.4515269994735718,5.148660659790039
344,61949,,,,-3.0524954795837402,0.934707760810852,1.417832374572754,,,
344,61999,,,,-3.0689496994018555,0.881529688835144,1.3651186227798462,,,
344,62049,,,,-2.5906405448913574,1.5057168006896973,4.106572151184082,,,
344,62099,,,,-2.253117322921753,2.044182300567627,8.933110237121582,,,
344,62099,,,,,,,-1.9936566352844238,2.9061806201934814,17.447519302368164
345,62149,,,,-2.7322497367858887,1.2816423177719116,2.9639458656311035,,,
345,62199,,,,-2.7101194858551025,1.3993022441864014,3.118893623352051,,,
345,62249,,,,-2.3583638668060303,1.828106164932251,7.010619163513184,,,
345,62279,,,,,,,-2.3227670192718506,2.0959997177124023,8.30959415435791
346,62299,,,,-3.076910972595215,0.8329240083694458,1.3403221368789673,,,
346,62349,,,,-2.637186288833618,1.3953847885131836,3.689210891723633,,,
346,62399,,,,-2.5503861904144287,1.7977110147476196,4.505404472351074,,,
346,62449,,,,-2.8965494632720947,1.1554207801818848,2.030348300933838,,,
346,62459,,,,,,,-2.3839669227600098,1.7343086004257202,7.459631443023682
347,62499,,,,-2.701449394226074,1.3146573305130005,3.1817851066589355,,,
347,62549,,,,-2.7629897594451904,0.9394362568855286,2.7614054679870605,,,
347,62599,,,,-2.048659324645996,2.7905826568603516,14.304107666015625,,,
347,62639,,,,,,,-2.517576217651367,1.5587204694747925,5.471649169921875
348,62649,,,,-2.5389695167541504,1.4953720569610596,4.625412464141846,,,
348,62699,,,,-2.6292858123779297,1.4043771028518677,3.7569398880004883,,,
348,62749,,,,-3.1057417392730713,0.7921484708786011,1.2542335987091064,,,
348,62799,,,,-3.6137194633483887,0.4699682593345642,0.38940364122390747,,,
348,62819,,,,,,,-2.2856857776641846,1.8740853071212769,8.996356010437012
349,62849,,,,-3.2153725624084473,0.7612998485565186,0.9744225740432739,,,
349,62899,,,,-2.7364308834075928,1.2370476722717285,2.9355480670928955,,,
349,62949,,,,-3.290379047393799,0.5948768258094788,0.8198630809783936,,,
349,62999,,,,-3.0324878692626953,0.9006758332252502,1.4846773147583008,,,
349,62999,,,,,,,-2.3211429119110107,1.9455649852752686,8.088916778564453
350,63049,,,,-2.8041248321533203,1.1979663372039795,2.511857271194458,,,
350,63099,,,,-2.7458014488220215,1.1529958248138428,2.8728864192962646,,,
350,63149,,,,-3.043161392211914,0.8640647530555725,1.4486346244812012,,,
350,63179,,,,,,,-2.3678932189941406,2.0077672004699707,7.352673530578613
351,63199,,,,-2.514897108078003,1.548533320426941,4.889034748077393,,,
351,63249,,,,-2.3334004878997803,2.2415056228637695,7.4253926277160645,,,
351,63299,,,,-2.6940231323242188,1.3265600204467773,3.236659049987793,,,
351,63349,,,,-2.7566020488739014,1.227003574371338,2.8023221492767334,,,
351,63359,,,,,,,-2.541931629180908,1.5309029817581177,5.305572986602783
352,63399,,,,-2.9661202430725098,0.8854180574417114,1.7298166751861572,,,
352,63449,,,,-3.006704330444336,0.8311970829963684,1.575491189956665,,,
352,63499,,,,-2.777147054672241,1.442002534866333,2.672842025756836,,,
352,63539,,,,,,,-2.3747332096099854,1.8630183935165405,7.443702220916748
353,63549,,,,-2.5244381427764893,1.4119024276733398,4.782796859741211,,,
353,63599,,,,-2.166710138320923,2.7746214866638184,10.899582862854004,,,
353,63649,,,,-2.6839754581451416,1.2020912170410156,3.312413454055786,,,
353,63699,,,,-2.0081613063812256,2.640526294708252,15.702127456665039,,,
353,63719,,,,,,,-2.2773704528808594,2.175717830657959,8.835295677185059
354,63749,,,,-2.4786880016326904,1.8506090641021729,5.314128398895264,,,
354,63799,,,,-2.7219033241271973,1.205059289932251,3.035404920578003,,,
354,63849,,,,-2.8634824752807617,1.1072819232940674,2.190974235534668,,,
354,63899,,,,-2.4527485370635986,1.6437135934829712,5.641199111938477,,,
354,63899,,,,,,,-2.1410305500030518,2.465782642364502,12.169418334960938
355,63949,,,,-2.7330708503723145,1.322919487953186,2.958348512649536,,,
355,63999,,,,-2.6762757301330566,1.1610594987869263,3.371664524078369,,,
355,64049,,,,-2.9078948497772217,0.7997742891311646,1.9779936075210571,,,
355,64079,,,,,,,-2.480147361755371,1.5355932712554932,6.028738021850586
356,64099,,,,-2.9758477210998535,0.8707423210144043,1.691501259803772,,,
356,64149,,,,-2.76638126373291,1.0855962038040161,2.739924430847168,,,
356,64199,,,,-2.813852071762085,1.1472880840301514,2.4562249183654785,,,
356,64249,,,,-2.775678873062134,1.1622271537780762,2.6818904876708984,,,
356,64259,,,,,,,-2.695305347442627,1.1211515665054321,3.896172046661377
357,64299,,,,-2.9448466300964355,0.8093408346176147,1.816659688949585,,,
357,64349,,,,-3.691516399383545,0.4536951780319214,0.325539767742157,,,
357,64399,,,,-2.4923765659332275,1.7394287586212158,5.149243354797363,,,
357,64439,,,,,,,-2.539072036743164,1.3879483938217163,5.143106937408447
358,64449,,,,-2.7902913093566895,1.2622852325439453,2.5931551456451416,,,
358,64499,,,,-2.6667919158935547,1.3467029333114624,3.446101188659668,,,
358,64549,,,,-3.0721986293792725,0.6938399076461792,1.3549447059631348,,,
358,64599,,,,-3.065748691558838,0.8957025408744812,1.375218152999878,,,
358,64619,,,,,,,-2.5441997051239014,1.3987908363342285,5.275845050811768
359,64649,,,,-3.1710286140441895,0.7394362688064575,1.07917320728302,,,
359,64699,,,,-2.7033467292785645,1.1759214401245117,3.1679158210754395,,,
359,64749,,,,-2.849015235900879,1.0206456184387207,2.2651920318603516,,,
359,64799,,,,-3.29736065864563,0.6872755885124207,0.8067877888679504,,,
359,64799,,,,,,,-2.3566551208496094,1.6909172534942627,7.567386627197266
360,64849,,,,-2.863926649093628,1.018982172012329,2.1887359619140625,,,
360,64899,,,,-3.331751585006714,0.5748041868209839,0.7453634738922119,,,
360,64949,,,,-3.1872925758361816,0.727371335029602,1.0395069122314453,,,
360,64979,,,,,,,-2.4714438915252686,1.5438083410263062,5.921328544616699
361,64999,,,,-1.9135196208953857,3.898439407348633,19.52542495727539,,,
361,65049,,,,-2.5700390338897705,1.1459946632385254,4.306067943572998,,,
361,65099,,,,-2.715414524078369,0.9249247908592224,3.0810976028442383,,,
361,65149,,,,-3.169952154159546,0.7025497555732727,1.081852674484253,,,
361,65159,,,,,,,-2.5510239601135254,1.3766177892684937,4.969590187072754
362,65199,,,,-2.994442939758301,0.9191928505897522,1.6206040382385254,,,
362,65249,,,,-3.2557148933410645,0.6858927607536316,0.8879842758178711,,,
362,65299,,,,-2.6605610847473145,1.3586673736572266,3.4958999156951904,,,
362,65339,,,,,,,-2.568260908126831,1.4852782487869263,4.945544242858887
363,65349,,,,-2.9708809852600098,0.8859459757804871,1.7109575271606445,,,
363,65399,,,,-2.4672281742095947,1.6207740306854248,5.456221580505371,,,
363,65449,,,,-2.87410044670105,0.9990431666374207,2.1380579471588135,,,
363,65499,,,,-2.7493536472320557,1.107999324798584,2.849484443664551,,,
363,65519,,,,,,,-2.4131217002868652,1.6337924003601074,6.723762512207031
364,65549,,,,-3.208742141723633,0.7253937125205994,0.9894137978553772,,,
364,65599,,,,-2.7594659328460693,0.8494699597358704,2.7839043140411377,,,
364,65649,,,,-2.5018370151519775,1.7397558689117432,5.038290500640869,,,
364,65699,,,,-2.553706169128418,1.8200163841247559,4.471094608306885,,,
364,65699,,,,,,,-2.3944289684295654,1.8424090147018433,7.108490467071533
365,65749,,,,-2.236879825592041,2.2766239643096924,9.27342700958252,,,
365,65799,,,,-2.0870630741119385,2.166995048522949,13.093534469604492,,,
365,65849,,,,-2.9175424575805664,0.979712724685669,1.9345394372940063,,,
365,65879,,,,,,,-2.642720937728882,1.2073112726211548,4.420115947723389
366,65899,,,,-2.7277352809906006,1.178223729133606,2.9949162006378174,,,
366,65949,,,,-2.645613431930542,1.3292359113693237,3.618319034576416,,,
366,65999,,,,-3.241892099380493,0.6914408802986145,0.9167023301124573,,,
366,66049,,,,-2.953589916229248,0.8546233177185059,1.7804516553878784,,,
366,66059,,,,,,,-2.4744114875793457,1.542725682258606,5.823663234710693
367,66099,,,,-3.1664061546325684,0.7004860043525696,1.090721845626831,,,
367,66149,,,,-2.645629405975342,1.2346935272216797,3.6181836128234863,,,
367,66199,,,,-2.741269111633301,1.1771838665008545,2.903024673461914,,,
367,66239,,,,,,,-2.6157641410827637,1.315686583518982,4.454350471496582
368,66249,,,,-3.2138609886169434,0.7983853220939636,0.9778201580047607,,,
368,66299,,,,-2.49746036529541,1.8792479038238525,5.089321136474609,,,
368,66349,,,,-2.7273716926574707,1.2670462131500244,2.9974241256713867,,,
368,66399,,,,-3.0653278827667236,0.7332751154899597,1.3765510320663452,,,
368,66419,,,,,,,-1.8500354290008545,3.529714822769165,24.585006713867188
369,66449,,,,-3.236936092376709,0.6540560722351074,0.9272220134735107,,,
369,66499,,,,-3.2185964584350586,0.7618033289909363,0.9672163724899292,,,
369,66549,,,,-2.8556346893310547,1.1410273313522339,2.230926513671875,,,
369,66599,,,,-2.499021053314209,1.1216840744018555,5.071061611175537,,,
369,66599,,,,,,,-2.175821304321289,2.083505392074585,11.473139762878418
370,66649,,,,-3.111612319946289,0.6975448727607727,1.2373929023742676,,,
370,66699,,,,-2.4827334880828857,1.8420387506484985,5.264856338500977,,,
370,66749,,,,-2.8274807929992676,1.149324655532837,2.3803412914276123,,,
370,66779,,,,,,,-2.6611814498901367,1.2497330904006958,4.08502197265625
371,66799,,,,-2.849776029586792,1.1314940452575684,2.2612268924713135,,,
371,66849,,,,-2.8819711208343506,1.0770354270935059,2.0996603965759277,,,
371,66899,,,,-3.3785929679870605,0.5598872900009155,0.6691555380821228,,,
371,66949,,,,-2.671558141708374,1.2976785898208618,3.4084887504577637,,,
371,66959,,,,,,,-2.6572959423065186,1.1814333200454712,4.286184310913086
372,66999,,,,-2.790959596633911,1.1829564571380615,2.589170217514038,,,
372,67049,,,,-2.360305070877075,2.005039691925049,6.979353904724121,,,
372,67099,,,,-3.2262792587280273,0.6248356699943542,0.9502558708190918,,,
372,67139,,,,,,,-2.4577488899230957,1.615355372428894,6.049705982208252
373,67149,,,,-2.906334638595581,0.9293178915977478,1.9851148128509521,,,
373,67199,,,,-2.9942386150360107,0.9036332368850708,1.6213674545288086,,,
373,67249,,,,-2.2719974517822266,2.512728691101074,8.553084373474121,,,
373,67299,,,,-2.5503132343292236,1.468745470046997,4.506162643432617,,,
373,67319,,,,,,,-2.102982759475708,2.7382562160491943,13.59078598022461
374,67349,,,,-3.021589756011963,0.9615770578384399,1.5224053859710693,,,
374,67399,,,,-2.738912582397461,1.2290496826171875,2.9188215732574463,,,
374,67449,,,,-2.2100579738616943,2.424084186553955,9.864202499389648,,,
374,67499,,,,-2.9637982845306396,0.8685972094535828,1.7390906810760498,,,
374,67499,,,,,,,-2.667731761932373,1.2247772216796875,4.07086706161499
375,67549,,,,-2.881460428237915,1.004615306854248,2.102130174636841,,,
375,67599,,,,-2.3574156761169434,2.0919101238250732,7.025937080383301,,,
375,67649,,,,-2.256401538848877,1.6137614250183105,8.865805625915527,,,
375,67679,,,,,,,-2.6125783920288086,1.3116755485534668,4.635834693908691
376,67699,,,,-3.3246850967407227,0.6557928323745728,0.7575904130935669,,,
376,67749,,,,-2.888200283050537,1.0463612079620361,2.0697593688964844,,,
376,67799,,,,-2.9215428829193115,0.9419434070587158,1.9168026447296143,,,
376,67849,,,,-3.191368818283081,0.8568094968795776,1.0297960042953491,,,
376,67859,,,,,,,-2.355226755142212,1.845231533050537,7.493536472320557
377,67899,,,,-3.2012412548065186,0.7558722496032715,1.0066509246826172,,,
377,67949,,,,-2.71136212348938,1.3705943822860718,3.1099822521209717,,,
377,67999,,,,-2.589479684829712,1.3023569583892822,4.117563724517822,,,
377,68039,,,,,,,-2.3149027824401855,1.8100329637527466,8.29317569732666
378,68049,,,,-3.1827168464660645,0.8167769908905029,1.050517201423645,,,
378,68099,,,,-2.678699016571045,1.1542541980743408,3.3529036045074463,,,
378,68149,,,,-2.8386600017547607,1.04391610622406,2.3198506832122803,,,
378,68199,,,,-3.0473835468292236,0.7926360964775085,1.4346193075180054,,,
378,68219,,,,,,,-2.415287494659424,1.7348246574401855,6.557933807373047
379,68249,,,,-2.7289295196533203,1.2472772598266602,2.986692428588867,,,
379,68299,,,,-3.242762565612793,0.638144314289093,0.9148654937744141,,,
379,68349,,,,-2.882416009902954,1.1331095695495605,2.0975098609924316,,,
379,68399,,,,-2.9877116680145264,0.793599009513855,1.645918369293213,,,
379,68399,,,,,,,-2.697331190109253,1.1364803314208984,3.8684990406036377
380,68449,,,,-3.1916494369506836,0.7301663160324097,1.0291311740875244,,,
380,68499,,,,-2.7936909198760986,1.20625638961792,2.572935104370117,,,
380,68549,,,,-2.738022804260254,1.351893663406372,2.9248061180114746,,,
380,68579,,,,,,,-2.5368740558624268,1.6031427383422852,5.30866813659668
381,68599,,,,-2.702056884765625,1.5170974731445312,3.1773345470428467,,,
381,68649,,,,-2.887125253677368,1.0628235340118408,2.074887752532959,,,
381,68699,,,,-2.896217107772827,0.9090765714645386,2.0319037437438965,,,
381,68749,,,,-2.5379903316497803,1.6526432037353516,4.635851860046387,,,
381,68759,,,,,,,-2.434239387512207,1.695128083229065,6.347747802734375
382,68799,,,,-3.0075783729553223,0.7605161070823669,1.5723228454589844,,,
382,68849,,,,-2.706512689590454,1.089201807975769,3.1449050903320312,,,
382,68899,,,,-3.1367416381835938,0.7308377027511597,1.1678264141082764,,,
382,68939,,,,,,,-2.673743724822998,1.2005983591079712,4.0542826652526855
383,68949,,,,-3.155078649520874,0.7031509876251221,1.119544506072998,,,
383,68999,,,,-3.168705701828003,0.8369057774543762,1.0849617719650269,,,
383,69049,,,,-2.9176323413848877,1.0027837753295898,1.9341392517089844,,,
383,69099,,,,-2.9291460514068604,1.0440893173217773,1.8835362195968628,,,
383,69119,,,,,,,-2.6688504219055176,1.17145836353302,4.110420227050781
384,69149,,,,-3.2211098670959473,0.7026286125183105,0.9616344571113586,,,
384,69199,,,,-3.2416627407073975,0.7629760503768921,0.9171863794326782,,,
384,69249,,,,-2.993607997894287,0.9638165831565857,1.6237237453460693,,,
384,69299,,,,-2.4499382972717285,1.859375,5.677824020385742,,,
384,69299,,,,,,,-2.201108694076538,2.307166814804077,10.576491355895996
385,69349,,,,-3.150374174118042,0.8849981427192688,1.1317384243011475,,,
385,69399,,,,-3.354104518890381,0.6919649839401245,0.7079709768295288,,,
385,69449,,,,-2.5470659732818604,1.2592477798461914,4.539981365203857,,,
385,69479,,,,,,,-2.6137382984161377,1.2787004709243774,4.5052056312561035
386,69499,,,,-3.044283390045166,0.7457195520401001,1.444896936416626,,,
386,69549,,,,-3.1248369216918945,0.8526449203491211,1.2002817392349243,,,
386,69599,,,,-3.2426512241363525,0.7362420558929443,0.9151003360748291,,,
386,69649,,,,-2.9752025604248047,0.9253391027450562,1.6940158605575562,,,
386,69659,,,,,,,-2.311753988265991,1.8161989450454712,8.41592025756836
387,69699,,,,-2.8475794792175293,1.060434103012085,2.2726917266845703,,,
387,69749,,,,-2.8586442470550537,1.23649001121521,2.2155203819274902,,,
387,69799,,,,-2.994842052459717,0.9300193786621094,1.6191164255142212,,,
387,69839,,,,,,,-2.5855467319488525,1.4499269723892212,4.769423961639404
388,69849,,,,-3.0997207164764404,0.7149994969367981,1.271742582321167,,,
388,69899,,,,-2.573931932449341,1.6130409240722656,4.267641544342041,,,
388,69949,,,,-2.7521557807922363,1.0839259624481201,2.831159830093384,,,
388,69999,,,,-3.0115389823913574,0.9298441410064697,1.5580480098724365,,,
388,70019,,,,,,,-2.0224385261535645,2.6154227256774902,16.488637924194336
389,70049,,,,-2.8577263355255127,1.1785929203033447,2.2202088832855225,,,
389,70099,,,,-2.739088296890259,1.2653522491455078,2.9176411628723145,,,
389,70149,,,,-2.646451711654663,1.5363496541976929,3.6113388538360596,,,
389,70199,,,,-2.5625696182250977,1.5427100658416748,4.380769729614258,,,
389,70199,,,,,,,-2.3507843017578125,2.0131137371063232,7.760854244232178
390,70249,,,,-2.5860986709594727,1.6061310768127441,4.149745941162109,,,
390,70299,,,,-2.1336746215820312,2.0322790145874023,11.761030197143555,,,
390,70349,,,,-2.3981876373291016,1.7141990661621094,6.396355152130127,,,
390,70379,,,,,,,-2.477771520614624,1.6796319484710693,6.031007766723633
391,70399,,,,-2.463939666748047,1.750558853149414,5.4976935386657715,,,
391,70449,,,,-2.3089427947998047,1.8125426769256592,7.855557441711426,,,
391,70499,,,,-3.2900452613830566,0.6735050678253174,0.8204930424690247,,,
391,70549,,,,-2.3163630962371826,2.2382407188415527,7.7224836349487305,,,
391,70559,,,,,,,-2.6731295585632324,1.1570061445236206,4.027479648590088
392,70599,,,,-2.980544328689575,1.1002042293548584,1.673306941986084,,,
392,70649,,,,-3.114635705947876,0.8952170014381409,1.2288093566894531,,,
392,70699,,,,-2.4382436275482178,1.8951263427734375,5.832788467407227,,,
392,70739,,,,,,,-2.6188290119171143,1.2613919973373413,4.4430832862854
393,70749,,,,-3.0139172077178955,0.9339374899864197,1.5495394468307495,,,
393,70799,,,,-3.117527961730957,0.9220618009567261,1.2206528186798096,,,
393,70849,,,,-2.811162233352661,1.291021466255188,2.471484899520874,,,
393,70899,,,,-3.1545250415802,0.8409217000007629,1.120972752571106,,,
393,70919,,,,,,,-2.6631784439086914,1.18350350856781,4.089215278625488
394,70949,,,,-3.285698413848877,0.7270434498786926,0.8287461996078491,,,
394,70999,,,,-3.0933921337127686,0.7835069298744202,1.2904105186462402,,,
394,71049,,,,-2.56012225151062,1.572279930114746,4.405526161193848,,,
394,71099,,,,-2.690180778503418,1.1697505712509155,3.2654216289520264,,,
394,71099,,,,,,,-2.41825532913208,1.7305645942687988,6.68206787109375
395,71149,,,,-2.6901602745056152,1.1878180503845215,3.265575647354126,,,
395,71199,,,,-3.130173683166504,0.8477029800415039,1.1856224536895752,,,
395,71249,,,,-3.268794059753418,0.6899865865707397,0.8616403341293335,,,
395,71279,,,,,,,-2.6432056427001953,1.2011932134628296,4.252425670623779
396,71299,,,,-2.779601812362671,1.0790002346038818,2.6577775478363037,,,
396,71349,,,,-2.415717363357544,1.6047942638397217,6.143313884735107,,,
396,71399,,,,-2.998368263244629,0.8886928558349609,1.6060245037078857,,,
396,71449,,,,-2.951488733291626,0.8907807469367981,1.7890863418579102,,,
396,71459,,,,,,,-2.574662923812866,1.3771394491195679,5.0147318840026855
397,71499,,,,-3.203239917755127,0.6761294603347778,1.002028465270996,,,
397,71549,,,,-3.1905062198638916,0.7655652165412903,1.0318431854248047,,,
397,71599,,,,-2.79876971244812,1.396324872970581,2.543022632598877,,,
397,71639,,,,,,,-2.4676079750061035,1.7754327058792114,6.007058620452881
398,71649,,,,-2.702681303024292,1.400230884552002,3.172771453857422,,,
398,71699,,,,-3.011448860168457,0.9606562852859497,1.558371663093567,,,
398,71749,,,,-2.443233013153076,1.7098174095153809,5.766164302825928,,,
398,71799,,,,-2.7256481647491455,1.1503106355667114,3.009343385696411,,,
398,71819,,,,,,,-2.68298077583313,1.1599018573760986,3.9683096408843994
399,71849,,,,-2.8306682109832764,0.9975377917289734,2.3629355430603027,,,
399,71899,,,,-3.0355374813079834,0.7954807281494141,1.4742884635925293,,,
399,71949,,,,-2.903064489364624,1.0248655080795288,2.0001187324523926,,,
399,71999,,,,-2.964374542236328,0.9351502060890198,1.7367823123931885,,,
399,71999,,,,,,,-2.6704909801483154,1.1939016580581665,4.150829315185547
400,72049,,,,-2.7475059032440186,1.3579883575439453,2.86163330078125,,,
400,72099,,,,-2.8639748096466064,0.7057564854621887,2.1884942054748535,,,
400,72149,,,,-3.096437454223633,0.9195317029953003,1.2813942432403564,,,
400,72179,,,,,,,-2.6686859130859375,1.1877124309539795,4.066914081573486
401,72199,,,,-3.0022804737091064,0.9241065382957458,1.5916204452514648,,,
401,72249,,,,-2.9761741161346436,1.0369789600372314,1.6902302503585815,,,
401,72299,,,,-2.45816969871521,2.057558059692383,5.571222305297852,,,
401,72349,,,,-2.877779006958008,1.1081023216247559,2.1200246810913086,,,
401,72359,,,,,,,-2.694974422454834,1.0907174348831177,3.990067958831787
402,72399,,,,-3.2486557960510254,0.6869060397148132,0.9025365114212036,,,
402,72449,,,,-2.5049188137054443,1.7007691860198975,5.0026631355285645,,,
402,72499,,,,-2.7457656860351562,1.2325844764709473,2.8731234073638916,,,
402,72539,,,,,,,-2.585476875305176,1.441745638847351,4.838786602020264
403,72549,,,,-3.194401979446411,0.7018641233444214,1.022628903388977,,,
403,72599,,,,-2.7878222465515137,1.0620429515838623,2.607940912246704,,,
403,72649,,,,-3.3126988410949707,0.716955304145813,0.7787914276123047,,,
403,72699,,,,-3.181130886077881,0.7192394137382507,1.0543606281280518,,,
403,72719,,,,,,,-2.558641195297241,1.4628785848617554,4.928419589996338
404,72749,,,,-2.7988171577453613,1.1250581741333008,2.5427448749542236,,,
404,72799,,,,-2.3144898414611816,2.2015318870544434,7.755860805511475,,,
404,72849,,,,-2.643296003341675,1.3920924663543701,3.6376757621765137,,,
404,72899,,,,-3.281682252883911,0.6196984648704529,0.8364461660385132,,,
404,72899,,,,,,,-2.6437606811523438,1.1866000890731812,4.4000244140625
405,72949,,,,-2.782519578933716,0.9413614273071289,2.6399786472320557,,,
405,72999,,,,-2.767237901687622,1.167360782623291,2.7345285415649414,,,
405,73049,,,,-3.2341365814208984,0.7011522054672241,0.9332185983657837,,,
405,73079,,,,,,,-2.1922054290771484,2.3242411613464355,11.37389850616455
406,73099,,,,-2.946925163269043,1.1231091022491455,1.8079850673675537,,,
406,73149,,,,-3.1319422721862793,0.8849160671234131,1.1808037757873535,,,
406,73199,,,,-3.019659996032715,0.8483181595802307,1.5291849374771118,,,
406,73249,,,,-2.5338258743286133,1.8685839176177979,4.680518627166748,,,
406,73259,,,,,,,-2.579773426055908,1.4814122915267944,4.858153343200684
407,73299,,,,-3.1041419506073,0.7696832418441772,1.2588627338409424,,,
407,73349,,,,-3.260308027267456,0.6830053925514221,0.878642201423645,,,
407,73399,,,,-2.8960793018341064,1.0587321519851685,2.0325469970703125,,,
407,73439,,,,,,,-2.663909673690796,1.2418231964111328,4.161770343780518
408,73449,,,,-3.3998591899871826,0.5695058703422546,0.6371780633926392,,,
408,73499,,,,-2.6390199661254883,1.218658447265625,3.673670530319214,,,
408,73549,,,,-2.8087780475616455,1.0807855129241943,2.4850897789001465,,,
408,73599,,,,-3.1428914070129395,0.7762848734855652,1.1514062881469727,,,
408,73619,,,,,,,-2.565927743911743,1.447654128074646,4.919525146484375
409,73649,,,,-3.227182626724243,0.7121767401695251,0.9482823610305786,,,
409,73699,,,,-2.8655614852905273,1.2678557634353638,2.180513620376587,,,
409,73749,,,,-2.8796918392181396,0.9275692105293274,2.1107077598571777,,,
409,73799,,,,-2.8656816482543945,0.8906373977661133,2.1799094676971436,,,
409,73799,,,,,,,-2.6822586059570312,1.1610126495361328,4.09822940826416
410,73849,,,,-2.5553903579711914,1.4692020416259766,4.453788757324219,,,
410,73899,,,,-2.5966618061065674,1.4563100337982178,4.050029277801514,,,
410,73949,,,,-3.224764347076416,0.7574613690376282,0.9535762071609497,,,
410,73979,,,,,,,-2.5360348224639893,1.5754657983779907,5.321751117706299
411,73999,,,,-3.260183095932007,0.7223097085952759,0.8788948655128479,,,
411,74049,,,,-3.0744638442993164,0.9289319515228271,1.3478946685791016,,,
411,74099,,,,-2.9780709743499756,0.9146158695220947,1.6828651428222656,,,
411,74149,,,,-2.6290717124938965,1.5231401920318604,3.7587928771972656,,,
411,74159,,,,,,,-2.5015313625335693,1.4504120349884033,5.518581867218018
412,74199,,,,-3.3137598037719727,0.6858426332473755,0.7768905162811279,,,
412,74249,,,,-2.6402928829193115,1.3461097478866577,3.662919521331787,,,
412,74299,,,,-2.642332077026367,1.6345075368881226,3.6457600593566895,,,
412,74339,,,,,,,-2.604928970336914,1.2445858716964722,4.645830154418945
413,74349,,,,-2.6831233501434326,1.3464512825012207,3.3189198970794678,,,
413,74399,,,,-3.3058393001556396,0.5967616438865662,0.7911898493766785,,,
413,74449,,,,-2.662696123123169,1.0911486148834229,3.478755235671997,,,
413,74499,,,,-2.789422035217285,0.8390835523605347,2.59835147857666,,,
413,74519,,,,,,,-2.6422314643859863,1.1916388273239136,4.322410583496094
414,74549,,,,-2.4619674682617188,1.5011436939239502,5.522714138031006,,,
414,74599,,,,-2.8628602027893066,1.1638314723968506,2.1941165924072266,,,
414,74649,,,,-2.5202114582061768,1.840449333190918,4.829571723937988,,,
414,74699,,,,-3.060004949569702,0.7773442268371582,1.3935256004333496,,,
414,74699,,,,,,,-2.708561420440674,1.0917917490005493,3.8163506984710693
415,74749,,,,-2.4468486309051514,1.7637746334075928,5.718356609344482,,,
415,74799,,,,-3.3230104446411133,0.5632072687149048,0.7605181932449341,,,
415,74849,,,,-2.7427542209625244,1.065627098083496,2.8931150436401367,,,
415,74879,,,,,,,-2.547820806503296,1.3905798196792603,5.09133768081665
416,74899,,,,-3.232717990875244,0.6658776998519897,0.9362717270851135,,,
416,74949,,,,-2.5470893383026123,1.6382369995117188,4.539737224578857,,,
416,74999,,,,-2.422229290008545,2.2688374519348145,6.051885604858398,,,
416,75049,,,,-3.3467934131622314,0.580436646938324,0.7199900150299072,,,
416,75059,,,,,,,-2.6489901542663574,1.1603753566741943,4.318100452423096
417,75099,,,,-3.3920044898986816,0.5743934512138367,0.648807168006897,,,
417,75149,,,,-1.7888317108154297,3.816190242767334,26.018856048583984,,,
417,75199,,,,-2.9738123416900635,0.937258243560791,1.6994478702545166,,,
417,75239,,,,,,,-2.642199993133545,1.302011251449585,4.239090919494629
418,75249,,,,-3.000955581665039,0.9024806618690491,1.5964834690093994,,,
418,75299,,,,-2.6208982467651367,1.4936089515686035,3.830203056335449,,,
418,75349,,,,-2.849630117416382,0.9951735734939575,2.26198673248291,,,
418,75399,,,,-3.357403039932251,0.7048976421356201,0.7026146054267883,,,
418,75419,,,,,,,-2.5758910179138184,1.2699114084243774,4.931454181671143
419,75449,,,,-2.937516212463379,0.9387308955192566,1.8475836515426636,,,
419,75499,,,,-3.073660373687744,0.858961284160614,1.3503916263580322,,,
419,75549,,,,-2.8330678939819336,1.0685783624649048,2.349915027618408,,,
419,75599,,,,-3.2032978534698486,0.8275519609451294,1.0018947124481201,,,
419,75599,,,,,,,-2.555173397064209,1.3278908729553223,5.048796653747559
420,75649,,,,-3.4345920085906982,0.5425571799278259,0.5882035493850708,,,
420,75699,,,,-3.2419252395629883,0.6923497319221497,0.9166318774223328,,,
420,75749,,,,-2.805544853210449,1.078426718711853,2.503657102584839,,,
420,75779,,,,,,,-2.6228206157684326,1.3636982440948486,4.335799217224121
421,75799,,,,-3.270470380783081,0.7484371066093445,0.8583203554153442,,,
421,75849,,,,-3.152245044708252,0.7612633109092712,1.126873254776001,,,
421,75899,,,,-3.1303930282592773,0.7734334468841553,1.185023307800293,,,
421,75949,,,,-3.106829881668091,0.7940779328346252,1.251094102859497,,,
421,75959,,,,,,,-2.311692476272583,1.9790312051773071,8.539849281311035
422,75999,,,,-3.2473385334014893,0.7354784607887268,0.905276894569397,,,
422,76049,,,,-2.9295060634613037,1.0012625455856323,1.8819760084152222,,,
422,76099,,,,-2.842512369155884,1.0400913953781128,2.299363374710083,,,
422,76139,,,,,,,-2.2279350757598877,1.944234848022461,10.315435409545898
423,76149,,,,-2.9068799018859863,1.1099343299865723,1.9826217889785767,,,
423,76199,,,,-2.6686856746673584,0.9136806726455688,3.431110143661499,,,
423,76249,,,,-2.8840830326080322,0.904728889465332,2.089475393295288,,,
423,76299,,,,-2.5792782306671143,1.7588512897491455,4.2154316902160645,,,
423,76319,,,,,,,-2.6368632316589355,1.2692930698394775,4.3126349449157715
424,76349,,,,-2.7201895713806152,1.0332887172698975,3.0474066734313965,,,
424,76399,,,,-2.924604654312134,1.0522842407226562,1.9033352136611938,,,
424,76449,,,,-2.7259793281555176,1.276650309562683,3.007049798965454,,,
424,76499,,,,-3.3263256549835205,0.5708692669868469,0.7547352313995361,,,
424,76499,,,,,,,-2.7094578742980957,1.0803499221801758,3.7949860095977783
425,76549,,,,-2.7420172691345215,1.175246000289917,2.8980300426483154,,,
425,76599,,,,-2.9361095428466797,0.9102288484573364,1.8535772562026978,,,
425,76649,,,,-3.5311501026153564,0.5103287696838379,0.47094449400901794,,,
425,76679,,,,,,,-2.7124667167663574,1.080281138420105,3.8008151054382324
426,76699,,,,-2.8722193241119385,0.9349939227104187,2.1473405361175537,,,
426,76749,,,,-2.9974992275238037,1.0045474767684937,1.6092400550842285,,,
426,76799,,,,-2.7401721477508545,1.2243332862854004,2.910367488861084,,,
426,76849,,,,-2.7966811656951904,1.0431873798370361,2.555283546447754,,,
426,76859,,,,,,,-2.678776502609253,1.1545380353927612,4.027324199676514
427,76899,,,,-2.40749454498291,2.0194554328918457,6.260740280151367,,,
427,76949,,,,-3.189729928970337,0.7539767026901245,1.0336889028549194,,,
427,76999,,,,-3.3516249656677246,0.5551589727401733,0.7120251655578613,,,
427,77039,,,,,,,-2.583981990814209,1.4119935035705566,4.624105453491211
428,77049,,,,-2.9821577072143555,1.0220947265625,1.6671032905578613,,,
428,77099,,,,-3.1823580265045166,0.7116039395332336,1.0513856410980225,,,
428,77149,,,,-3.4739646911621094,0.5839607119560242,0.5372240543365479,,,
428,77199,,,,-3.0729103088378906,0.7685956954956055,1.3527262210845947,,,
428,77219,,,,,,,-2.4575092792510986,1.76638925075531,6.165444850921631
429,77249,,,,-2.8151657581329346,0.880037248134613,2.4488048553466797,,,
429,77299,,,,-3.0622825622558594,0.9834634065628052,1.3862359523773193,,,
429,77349,,,,-2.7908904552459717,1.016831636428833,2.5895819664001465,,,
429,77399,,,,-2.997549533843994,0.9374520778656006,1.6090530157089233,,,
429,77399,,,,,,,-2.540712356567383,1.6926465034484863,5.084187984466553
430,77449,,,,-3.677922010421753,0.4563112258911133,0.33589109778404236,,,
430,77499,,,,-3.0267837047576904,0.8505198955535889,1.5043056011199951,,,
430,77549,,,,-3.1467599868774414,0.7937010526657104,1.1411949396133423,,,
430,77579,,,,,,,-2.2614974975585938,1.9714597463607788,9.422718048095703
431,77599,,,,-2.6541695594787598,1.510228157043457,3.5477304458618164,,,
431,77649,,,,-3.429264783859253,0.6255193948745728,0.595463752746582,,,
431,77699,,,,-2.818244695663452,1.200321912765503,2.4315054416656494,,,
431,77749,,,,-3.034027576446533,0.8163914680480957,1.4794235229492188,,,
431,77759,,,,,,,-2.457519054412842,1.647207260131836,6.232375144958496
432,77799,,,,-2.8817801475524902,1.140001893043518,2.1005842685699463,,,
432,77849,,,,-2.2738685607910156,2.4434142112731934,8.516307830810547,,,
432,77899,,,,-3.1282167434692383,0.8752223253250122,1.1909773349761963,,,
432,77939,,,,,,,-2.5281941890716553,1.3463385105133057,5.282205104827881
433,77949,,,,-3.341243267059326,0.5878234505653381,0.729250967502594,,,
433,77999,,,,-2.921642303466797,0.8566383719444275,1.916363000869751,,,
433,78049,,,,-3.085923433303833,0.8689719438552856,1.3127940893173218,,,
433,78099,,,,-3.3646645545959473,0.5621516108512878,0.6909641623497009,,,
433,78119,,,,,,,-2.6942520141601562,1.1159459352493286,3.8706040382385254
434,78149,,,,-2.308743476867676,2.234616279602051,7.859171390533447,,,
434,78199,,,,-2.545806646347046,1.6906156539916992,4.553165435791016,,,
434,78249,,,,-3.5680813789367676,0.5087306499481201,0.43255239725112915,,,
434,78299,,,,-3.1377487182617188,0.7017310857772827,1.1651219129562378,,,
434,78299,,,,,,,-2.6006951332092285,1.2564212083816528,4.562196254730225
435,78349,,,,-3.582432508468628,0.5177143216133118,0.41849231719970703,,,
435,78399,,,,-3.212517261505127,0.6965085864067078,0.9808505773544312,,,
435,78449,,,,-2.9519190788269043,0.8778996467590332,1.7873141765594482,,,
435,78479,,,,,,,-2.203064441680908,2.051572561264038,11.316484451293945
436,78499,,,,-2.3463525772094727,1.4526211023330688,7.207213878631592,,,
436,78549,,,,-2.3782944679260254,1.449345588684082,6.6961517333984375,,,
436,78599,,,,-2.4975225925445557,1.686112880706787,5.088591575622559,,,
436,78649,,,,-2.585648536682129,1.3923132419586182,4.154045581817627,,,
436,78659,,,,,,,-2.5406904220581055,1.5516107082366943,5.105170249938965
437,78699,,,,-3.568669080734253,0.5006123185157776,0.4319671392440796,,,
437,78749,,,,-3.2360215187072754,0.7542569637298584,0.9291772842407227,,,
437,78799,,,,-3.1086976528167725,0.864080011844635,1.2457263469696045,,,
437,78839,,,,,,,-2.670603036880493,1.1920742988586426,4.024932861328125
438,78849,,,,-3.2990119457244873,0.7505716681480408,0.8037257194519043,,,
438,78899,,,,-2.8059399127960205,1.3941092491149902,2.5013842582702637,,,
438,78949,,,,-2.642388105392456,1.4089324474334717,3.6452882289886475,,,
438,78999,,,,-3.1544036865234375,0.9169835448265076,1.1212857961654663,,,
438,79019,,,,,,,-2.560081720352173,1.5183578729629517,4.884499549865723
439,79049,,,,-3.660521984100342,0.4086575508117676,0.34962135553359985,,,
439,79099,,,,-3.0436630249023438,0.9219958186149597,1.4469614028930664,,,
439,79149,,,,-2.5034193992614746,1.6811877489089966,5.019963264465332,,,
439,79199,,,,-3.1709482669830322,0.8104872703552246,1.0793728828430176,,,
439,79199,,,,,,,-2.599773645401001,1.4326072931289673,4.598247528076172
440,79249,,,,-2.9450109004974365,0.9966307282447815,1.8159728050231934,,,
440,79299,,,,-3.432455062866211,0.5629753470420837,0.5911059379577637,,,
440,79349,,,,-3.0884382724761963,0.8717616200447083,1.3052139282226562,,,
440,79379,,,,,,,-2.704683780670166,1.0821011066436768,3.9256582260131836
441,79399,,,,-2.8099124431610107,0.9548565745353699,2.478606939315796,,,
441,79449,,,,-2.3749454021453857,1.8043787479400635,6.747991561889648,,,
441,79499,,,,-3.1350507736206055,0.7138741612434387,1.1723823547363281,,,
441,79549,,,,-2.48472261428833,1.688717007637024,5.240796089172363,,,
441,79559,,,,,,,-2.6222004890441895,1.3931177854537964,4.439722537994385
442,79599,,,,-2.824523448944092,1.1737743616104126,2.3966073989868164,,,
442,79649,,,,-3.1866931915283203,0.6880040168762207,1.0409431457519531,,,
442,79699,,,,-3.1628687381744385,0.6608890295028687,1.099642276763916,,,
442,79739,,,,,,,-2.1493444442749023,2.4244537353515625,12.11164665222168
443,79749,,,,-3.094581365585327,0.7915696501731873,1.286881923675537,,,
443,79799,,,,-2.5818288326263428,1.662876844406128,4.190744876861572,,,
443,79849,,,,-3.109009027481079,0.8955317139625549,1.2448334693908691,,,
443,79899,,,,-3.0271177291870117,0.8622599244117737,1.5031507015228271,,,
443,79919,,,,,,,-2.6963696479797363,1.1185898780822754,3.8743250370025635
444,79949,,,,-3.6000657081604004,0.45495349168777466,0.40184104442596436,,,
444,79999,,,,-3.2220664024353027,0.7457406520843506,0.9595194458961487,,,
444,80049,,,,-3.0370187759399414,0.8983766436576843,1.469269037246704,,,
444,80099,,,,-2.8644521236419678,1.224564790725708,2.186089515686035,,,
444,80099,,,,,,,-2.5635173320770264,1.4909336566925049,4.9723219871521
445,80149,,,,-3.5946764945983887,0.4667571187019348,0.4068583846092224,,,
445,80199,,,,-2.7620673179626465,1.1566650867462158,2.7672781944274902,,,
445,80249,,,,-2.906705856323242,0.9019520878791809,1.9834178686141968,,,
445,80279,,,,,,,-2.5213513374328613,1.4548438787460327,5.3269453048706055
446,80299,,,,-2.952536106109619,0.8663992881774902,1.7847754955291748,,,
446,80349,,,,-2.9604620933532715,1.1793506145477295,1.7524991035461426,,,
446,80399,,,,-3.287665605545044,0.8068277835845947,0.8250011205673218,,,
446,80449,,,,-3.173907995223999,0.8249038457870483,1.0720423460006714,,,
446,80459,,,,,,,-2.6379330158233643,1.3701057434082031,4.4316229820251465
447,80499,,,,-3.2229464054107666,0.6832457184791565,0.9575766921043396,,,
447,80549,,,,-2.5122523307800293,0.9772375226020813,4.918896198272705,,,
447,80599,,,,-3.2718091011047363,0.6792306303977966,0.8556798696517944,,,
447,80639,,,,,,,-2.657247304916382,1.1732195615768433,4.173856735229492
448,80649,,,,-3.062870740890503,0.910380482673645,1.3843610286712646,,,
448,80699,,,,-2.706965684890747,1.0481280088424683,3.1416234970092773,,,
448,80749,,,,-2.775397300720215,1.2803723812103271,2.683631181716919,,,
448,80799,,,,-3.034834623336792,0.9902486801147461,1.4766767024993896,,,
448,80819,,,,,,,-2.470825672149658,1.547575831413269,5.875612258911133
449,80849,,,,-3.0739171504974365,0.8950443267822266,1.349593162536621,,,
449,80899,,,,-3.2504642009735107,0.8030761480331421,0.8987842798233032,,,
449,80949,,,,-3.07258677482605,0.9220008850097656,1.3537324666976929,,,
449,80999,,,,-2.726226806640625,1.197016954421997,3.005338191986084,,,
449,80999,,,,,,,-2.365980386734009,1.8914061784744263,7.337918758392334
450,81049,,,,-3.172398805618286,0.8232872486114502,1.075774908065796,,,
450,81099,,,,-3.281938314437866,0.7865094542503357,0.8359524011611938,,,
450,81149,,,,-3.0820133686065674,0.8897709250450134,1.3246667385101318,,,
450,81179,,,,,,,-2.3201310634613037,1.8935472965240479,8.1679048538208
451,81199,,,,-3.7355663776397705,0.44467413425445557,0.2941398620605469,,,
451,81249,,,,-3.1666228771209717,0.7850765585899353,1.090177297592163,,,
451,81299,,,,-3.0334463119506836,0.9190212488174438,1.481404423713684,,,
451,81349,,,,-2.1286654472351074,2.368589401245117,11.897467613220215,,,
451,81359,,,,,,,-2.1340508460998535,2.4758055210113525,12.61288070678711
452,81399,,,,-2.7817132472991943,1.0134410858154297,2.644885301589966,,,
452,81449,,,,-2.611766815185547,1.5546252727508545,3.911588191986084,,,
452,81499,,,,-3.257404327392578,0.6790638566017151,0.884536623954773,,,
452,81539,,,,,,,-2.65663480758667,1.200838327407837,4.106081962585449
453,81549,,,,-2.965367078781128,0.8436188697814941,1.732817530632019,,,
453,81599,,,,-2.9062721729278564,0.8675391674041748,1.9853994846343994,,,
453,81649,,,,-2.681945323944092,1.293574333190918,3.3279342651367188,,,
453,81699,,,,-2.85793137550354,1.0198681354522705,2.219160318374634,,,
453,81719,,,,,,,-2.618581533432007,1.2565885782241821,4.673088550567627
454,81749,,,,-3.1543521881103516,0.7901155948638916,1.1214189529418945,,,
454,81799,,,,-3.0373013019561768,1.1075825691223145,1.4683126211166382,,,
454,81849,,,,-3.124974012374878,0.8067304491996765,1.1999025344848633,,,
454,81899,,,,-2.948059558868408,0.9865661859512329,1.803268551826477,,,
454,81899,,,,,,,-2.644742488861084,1.2203108072280884,4.172730445861816
455,81949,,,,-3.4282219409942627,0.598676860332489,0.5968958735466003,,,
455,81999,,,,-3.3754329681396484,0.5445011854171753,0.674041748046875,,,
455,82049,,,,-2.8377525806427,1.0894951820373535,2.3247017860412598,,,
455,82079,,,,,,,-2.6371750831604004,1.211838960647583,4.416441440582275
456,82099,,,,-3.106930732727051,1.0020301342010498,1.2508033514022827,,,
456,82149,,,,-2.8052656650543213,1.1838432550430298,2.5052709579467773,,,
456,82199,,,,-2.668138027191162,1.5146934986114502,3.4354360103607178,,,
456,82249,,,,-3.401257276535034,0.5588533878326416,0.6351304054260254,,,
456,82259,,,,,,,-2.3665413856506348,1.9691388607025146,7.623405933380127
457,82299,,,,-2.85183048248291,1.1583027839660645,2.2505548000335693,,,
457,82349,,,,-3.1149420738220215,0.810375452041626,1.2279422283172607,,,
457,82399,,,,-2.8371870517730713,1.2015891075134277,2.327730655670166,,,
457,82439,,,,,,,-2.466724157333374,1.7121434211730957,6.204305648803711
458,82449,,,,-2.6722657680511475,1.3740911483764648,3.4029407501220703,,,
458,82499,,,,-3.569234848022461,0.509209394454956,0.4314049482345581,,,
458,82549,,,,-3.025381088256836,0.8726475834846497,1.509173035621643,,,
458,82599,,,,-2.7303011417388916,1.1784791946411133,2.9772772789001465,,,
458,82619,,,,,,,-2.517935276031494,1.3752305507659912,5.457855224609375
459,82649,,,,-3.1890676021575928,0.8229721784591675,1.0352675914764404,,,
459,82699,,,,-2.742060899734497,1.4613103866577148,2.8977386951446533,,,
459,82749,,,,-2.5610594749450684,1.8878709077835083,4.396030902862549,,,
459,82799,,,,-3.094038486480713,0.7920733690261841,1.288491129875183,,,
459,82799,,,,,,,-2.5835392475128174,1.28862726688385,4.938773155212402
460,82849,,,,-3.6221067905426025,0.4634225368499756,0.3819560408592224,,,
460,82899,,,,-3.3577218055725098,0.6405537128448486,0.7020987272262573,,,
460,82949,,,,-2.9877114295959473,1.0170693397521973,1.6459206342697144,,,
460,82979,,,,,,,-2.7181365489959717,1.1065621376037598,3.744978666305542
461,82999,,,,-3.7488858699798584,0.401858925819397,0.2852553427219391,,,
461,83049,,,,-2.1897261142730713,2.3874881267547607,10.336982727050781,,,
461,83099,,,,-3.2287139892578125,0.7906691431999207,0.9449440240859985,,,
461,83149,,,,-2.998394250869751,0.8563746809959412,1.6059274673461914,,,
461,83159,,,,,,,-2.631481647491455,1.1577738523483276,4.365339756011963
462,83199,,,,-3.2158868312835693,0.6266010403633118,0.9732695817947388,,,
462,83249,,,,-2.6883773803710938,1.0202503204345703,3.2790088653564453,,,
462,83299,,,,-3.4947707653045654,0.5413400530815125,0.5120937824249268,,,
462,83339,,,,,,,-2.2994437217712402,1.9793015718460083,8.639226913452148
463,83349,,,,-2.6753859519958496,1.4747042655944824,3.37857985496521,,,
463,83399,,,,-3.309720039367676,0.6429912447929382,0.7841508388519287,,,
463,83449,,,,-3.1382763385772705,0.8347382545471191,1.1637072563171387,,,
463,83499,,,,-3.396737575531006,0.6116524338722229,0.6417746543884277,,,
463,83519,,,,,,,-2.465772867202759,1.8261961936950684,5.90779447555542
464,83549,,,,-3.156390428543091,0.9261749982833862,1.116167664527893,,,
464,83599,,,,-2.580911159515381,1.56809663772583,4.199609756469727,,,
464,83649,,,,-2.9742729663848877,0.9792313575744629,1.6976460218429565,,,
464,83699,,,,-3.0230929851531982,0.9701688289642334,1.5171451568603516,,,
464,83699,,,,,,,-2.6967475414276123,1.143187165260315,3.8894426822662354
465,83749,,,,-2.876605749130249,1.2908209562301636,2.1257615089416504,,,
465,83799,,,,-2.7871570587158203,1.3108818531036377,2.6119396686553955,,,
465,83849,,,,-3.299682855606079,0.6867326498031616,0.8024854063987732,,,
465,83879,,,,,,,-2.573155641555786,1.4236605167388916,5.029635429382324
466,83899,,,,-2.9610848426818848,1.0428414344787598,1.7499885559082031,,,
466,83949,,,,-2.5186269283294678,1.7768526077270508,4.847224235534668,,,
466,83999,,,,-2.9750051498413086,0.8573355078697205,1.6947853565216064,,,
466,84049,,,,-3.167952060699463,0.7591618895530701,1.0868457555770874,,,
466,84059,,,,,,,-2.6103951930999756,1.2401142120361328,4.597390174865723
467,84099,,,,-3.0933220386505127,0.6577693223953247,1.2906180620193481,,,
467,84149,,,,-3.363849401473999,0.6006836295127869,0.6922626495361328,,,
467,84199,,,,-3.150846481323242,0.6797137260437012,1.1305078268051147,,,
467,84239,,,,,,,-2.5542099475860596,1.5927799940109253,4.968106269836426
468,84249,,,,-2.852246046066284,1.2498173713684082,2.248401641845703,,,
468,84299,,,,-2.8638699054718018,1.3593441247940063,2.1890225410461426,,,
468,84349,,,,-3.2397825717926025,0.7363573908805847,0.9211646914482117,,,
468,84399,,,,-3.4375476837158203,0.43919920921325684,0.5842149257659912,,,
468,84419,,,,,,,-2.714456796646118,1.1327872276306152,3.8611338138580322
469,84449,,,,-3.000702381134033,0.9485585689544678,1.5974147319793701,,,
469,84499,,,,-2.9184021949768066,1.0418579578399658,1.930713415145874,,,
469,84549,,,,-3.7890987396240234,0.40250104665756226,0.2600286602973938,,,
469,84599,,,,-2.9572787284851074,0.8706099987030029,1.7653930187225342,,,
469,84599,,,,,,,-2.6396751403808594,1.2500404119491577,4.430234909057617
470,84649,,,,-3.143054485321045,0.7398669123649597,1.1509740352630615,,,
470,84699,,,,-2.879356861114502,1.120760202407837,2.112338066101074,,,
470,84749,,,,-3.077713966369629,0.763957142829895,1.337845802307129,,,
470,84779,,,,,,,-2.6598262786865234,1.1828032732009888,4.154613494873047
471,84799,,,,-3.3604164123535156,0.6281038522720337,0.6977559328079224,,,
471,84849,,,,-2.6497974395751953,1.3479909896850586,3.5836262702941895,,,
471,84899,,,,-3.193593978881836,0.6513895988464355,1.0245330333709717,,,
471,84949,,,,-2.6225574016571045,1.5697300434112549,3.8155975341796875,,,
471,84959,,,,,,,-2.38867449760437,1.959935188293457,7.173093795776367
472,84999,,,,-3.3592212200164795,0.6273742914199829,0.6996789574623108,,,
472,85049,,,,-3.006901741027832,1.1209068298339844,1.574775218963623,,,
472,85099,,,,-2.917915105819702,1.2208359241485596,1.932880163192749,,,
472,85139,,,,,,,-2.5580480098724365,1.379389762878418,5.106581211090088
473,85149,,,,-2.7898964881896973,1.181215524673462,2.595515251159668,,,
473,85199,,,,-2.73699688911438,1.1691114902496338,2.9317264556884766,,,
473,85249,,,,-3.2452409267425537,0.8111564517021179,0.9096595048904419,,,
473,85299,,,,-2.7992560863494873,1.1476672887802124,2.540177822113037,,,
473,85319,,,,,,,-2.5595157146453857,1.4654704332351685,5.183452606201172
474,85349,,,,-3.0145866870880127,0.8258543610572815,1.5471525192260742,,,
474,85399,,,,-3.578110933303833,0.45962899923324585,0.4226776361465454,,,
474,85449,,,,-2.9856653213500977,0.8153718113899231,1.6536921262741089,,,
474,85499,,,,-3.339113473892212,0.7236166596412659,0.7328352928161621,,,
474,85499,,,,,,,-2.6803181171417236,1.1553632020950317,4.04176664352417
475,85549,,,,-3.0932321548461914,0.7940844893455505,1.290886402130127,,,
475,85599,,,,-3.35624098777771,0.6192624568939209,0.7044968605041504,,,
475,85649,,,,-3.085106611251831,0.7715104818344116,1.3152662515640259,,,
475,85679,,,,,,,-2.6539223194122314,1.3053338527679443,4.038036823272705
476,85699,,,,-3.11088228225708,0.7450806498527527,1.2394752502441406,,,
476,85749,,,,-3.583892822265625,0.4514698386192322,0.41708701848983765,,,
476,85799,,,,-3.2964184284210205,0.7071489691734314,0.8085400462150574,,,
476,85849,,,,-3.4481561183929443,0.5912498831748962,0.5701172351837158,,,
476,85859,,,,,,,-2.629122257232666,1.1841988563537598,4.263413429260254
477,85899,,,,-3.048438310623169,0.953521728515625,1.4311389923095703,,,
477,85949,,,,-3.184572219848633,0.7196108102798462,1.0460386276245117,,,
477,85999,,,,-3.335418462753296,0.4919643998146057,0.739097535610199,,,
477,86039,,,,,,,-2.362802267074585,1.7530863285064697,7.491551399230957
478,86049,,,,-3.2254300117492676,0.6422589421272278,0.9521167278289795,,,
478,86099,,,,-2.9498112201690674,1.0763070583343506,1.796010971069336,,,
478,86149,,,,-2.4535696506500244,1.9791972637176514,5.6305437088012695,,,
478,86199,,,,-3.274700880050659,0.7555256485939026,0.8500004410743713,,,
478,86219,,,,,,,-2.670398473739624,1.1475166082382202,3.984189987182617
479,86249,,,,-3.2419075965881348,0.5752633810043335,0.9166685938835144,,,
479,86299,,,,-3.2035274505615234,0.8949095606803894,1.0013651847839355,,,
479,86349,,,,-3.6608715057373047,0.46527206897735596,0.34934020042419434,,,
479,86399,,,,-3.1471383571624756,0.8649982213973999,1.1402015686035156,,,
479,86399,,,,,,,-2.726670742034912,1.066318154335022,3.6724979877471924
480,86449,,,,-3.43111515045166,0.6422363519668579,0.5929317474365234,,,
480,86499,,,,-3.435858964920044,0.5253078937530518,0.5864906907081604,,,
480,86549,,,,-3.2849082946777344,0.6113472580909729,0.8302560448646545,,,
480,86579,,,,,,,-2.355936050415039,1.8815605640411377,7.535615921020508
481,86599,,,,-3.152012348175049,0.6979631781578064,1.127476453781128,,,
481,86649,,,,-2.436410665512085,1.5391548871994019,5.857460975646973,,,
481,86699,,,,-3.167210578918457,0.8493611812591553,1.0887024402618408,,,
481,86749,,,,-3.031707286834717,0.8826384544372559,1.487348198890686,,,
481,86759,,,,,,,-2.4663586616516113,1.5629161596298218,6.246330738067627
482,86799,,,,-3.3075928688049316,0.544410765171051,0.7880020141601562,,,
482,86849,,,,-2.9452433586120605,0.9917651414871216,1.8150005340576172,,,
482,86899,,,,-3.2949702739715576,0.745356023311615,0.8112406730651855,,,
482,86939,,,,,,,-2.710968494415283,1.1028310060501099,3.8008413314819336
483,86949,,,,-3.1077239513397217,0.9261844158172607,1.2485222816467285,,,
483,86999,,,,-2.9086198806762695,1.02838933467865,1.9746954441070557,,,
483,87049,,,,-3.23872447013855,0.6591266393661499,0.9234117269515991,,,
483,87099,,,,-2.97110652923584,1.1045613288879395,1.710068702697754,,,
483,87119,,,,,,,-2.5172183513641357,1.581408143043518,5.77345085144043
484,87149,,,,-2.4326236248016357,1.8239200115203857,5.908759117126465,,,
484,87199,,,,-3.138295888900757,0.8612840175628662,1.1636548042297363,,,
484,87249,,,,-3.0336344242095947,0.8794528841972351,1.4807640314102173,,,
484,87299,,,,-3.054358959197998,0.8759189248085022,1.411760926246643,,,
484,87299,,,,,,,-2.6855103969573975,1.1098642349243164,3.9307916164398193
485,87349,,,,-2.2938778400421143,1.9019086360931396,8.132835388183594,,,
485,87399,,,,-3.3419008255004883,0.5177714824676514,0.728147029876709,,,
485,87449,,,,-3.617734909057617,0.4608083963394165,0.38582026958465576,,,
485,87479,,,,,,,-2.640256643295288,1.2452592849731445,4.204290390014648
486,87499,,,,-2.3931095600128174,1.506481647491455,6.471579551696777,,,
486,87549,,,,-3.3122568130493164,0.5766768455505371,0.7795845866203308,,,
486,87599,,,,-2.9303886890411377,1.1192939281463623,1.8781558275222778,,,
486,87649,,,,-3.669656753540039,0.41599607467651367,0.34234464168548584,,,
486,87659,,,,,,,-2.3200740814208984,1.8945626020431519,8.352182388305664
487,87699,,,,-3.0074081420898438,0.9791952967643738,1.572940468788147,,,
487,87749,,,,-2.9880168437957764,0.9443285465240479,1.6447629928588867,,,
487,87799,,,,-2.8067524433135986,1.2622907161712646,2.49670672416687,,,
487,87839,,,,,,,-2.286057710647583,2.2188973426818848,8.72826099395752
488,87849,,,,-2.9855284690856934,1.002100944519043,1.654212474822998,,,
488,87899,,,,-3.4069390296936035,0.613825261592865,0.6268751621246338,,,
488,87949,,,,-3.1297781467437744,0.8781351447105408,1.1867022514343262,,,
488,87999,,,,-2.467890977859497,1.8523592948913574,5.447896957397461,,,
488,88019,,,,,,,-2.6830270290374756,1.1277846097946167,4.003892421722412
489,88049,,,,-3.2678353786468506,0.7697949409484863,0.863544225692749,,,
489,88099,,,,-2.79616641998291,1.2577311992645264,2.558314323425293,,,
489,88149,,,,-3.062786102294922,1.0193448066711426,1.3846302032470703,,,
489,88199,,,,-2.8811299800872803,1.1653873920440674,2.1037306785583496,,,
489,88199,,,,,,,-2.550835609436035,1.6041477918624878,5.118744850158691
490,88249,,,,-3.7557833194732666,0.40353572368621826,0.2807610332965851,,,
490,88299,,,,-3.139434337615967,0.8757496476173401,1.1606082916259766,,,
490,88349,,,,-2.8176047801971436,1.261916995048523,2.4350924491882324,,,
490,88379,,,,,,,-2.53827166557312,1.4642924070358276,5.4756269454956055
491,88399,,,,-3.433095693588257,0.5691666007041931,0.5902346968650818,,,
491,88449,,,,-2.799907684326172,1.148085594177246,2.5363690853118896,,,
491,88499,,,,-2.526407480239868,1.642298698425293,4.761158466339111,,,
491,88549,,,,-3.418375253677368,0.5866879820823669,0.6105823516845703,,,
491,88559,,,,,,,-2.6445789337158203,1.3129186630249023,4.25068998336792
492,88599,,,,-3.1990129947662354,0.7246590852737427,1.0118286609649658,,,
492,88649,,,,-2.678525686264038,1.4195802211761475,3.3542423248291016,,,
492,88699,,,,-3.514101982116699,0.48229801654815674,0.4897996187210083,,,
492,88739,,,,,,,-2.490502119064331,1.438460350036621,5.728087902069092
493,88749,,,,-2.6062211990356445,1.2519469261169434,3.961857795715332,,,
493,88799,,,,-3.347858190536499,0.6522037982940674,0.7182273268699646,,,
493,88849,,,,-3.495842933654785,0.5137636661529541,0.5108304023742676,,,
493,88899,,,,-3.513406991958618,0.5284314751625061,0.49058419466018677,,,
493,88919,,,,,,,-2.5867550373077393,1.306580662727356,4.705319881439209
494,88949,,,,-2.852191209793091,1.0781867504119873,2.2486860752105713,,,
494,88999,,,,-2.630882978439331,1.6556448936462402,3.7431488037109375,,,
494,89049,,,,-3.804725408554077,0.37425726652145386,0.25083816051483154,,,
494,89099,,,,-3.597179651260376,0.49619054794311523,0.4045203924179077,,,
494,89099,,,,,,,-2.7198243141174316,1.0526982545852661,3.7502100467681885
495,89149,,,,-2.691495418548584,1.4038527011871338,3.2555503845214844,,,
495,89199,,,,-2.883693218231201,1.0817853212356567,2.091351270675659,,,
495,89249,,,,-3.4230082035064697,0.5067220330238342,0.6041046977043152,,,
495,89279,,,,,,,-2.6614127159118652,1.2293803691864014,4.195225715637207
496,89299,,,,-3.142193555831909,0.7793888449668884,1.1532580852508545,,,
496,89349,,,,-3.147862434387207,0.6703948974609375,1.1383013725280762,,,
496,89399,,,,-3.333451509475708,0.5940162539482117,0.7424522638320923,,,
496,89449,,,,-2.9406380653381348,1.0465364456176758,1.834349513053894,,,
496,89459,,,,,,,-2.4807894229888916,1.4093968868255615,5.813571929931641
497,89499,,,,-3.2115895748138428,0.7889160513877869,0.9829480648040771,,,
497,89549,,,,-3.340402841567993,0.6897517442703247,0.7306632995605469,,,
497,89599,,,,-3.119537591934204,0.8726094961166382,1.215017318725586,,,
497,89639,,,,,,,-2.659759759902954,1.25735604763031,4.218077182769775
498,89649,,,,-2.4883220195770264,1.8636696338653564,5.197542190551758,,,
498,89699,,,,-3.1308486461639404,0.7866111397743225,1.183780550956726,,,
498,89749,,,,-2.8402373790740967,1.1935714483261108,2.3114399909973145,,,
498,89799,,,,-3.7903552055358887,0.4201021194458008,0.2592774033546448,,,
498,89819,,,,,,,-2.586754560470581,1.4430465698242188,4.731373310089111
499,89849,,,,-3.2561769485473633,0.8095616102218628,0.8870397210121155,,,
499,89899,,,,-2.8159916400909424,1.3796457052230835,2.444152355194092,,,
499,89949,,,,-3.4647696018218994,0.5717970132827759,0.5487196445465088,,,
499,89999,,,,-2.550983190536499,1.6670619249343872,4.499218463897705,,,
499,89999,,,,,,,-2.272918224334717,2.0630693435668945,9.266993522644043
500,90049,,,,-3.0460383892059326,0.9226378202438354,1.4390701055526733,,,
500,90099,,,,-3.2588822841644287,0.6235349774360657,0.8815315961837769,,,
500,90149,,,,-3.424928665161133,0.5625095963478088,0.6014382839202881,,,
500,90179,,,,,,,-2.6620144844055176,1.1603862047195435,4.317392349243164
501,90199,,,,-2.7765250205993652,1.1979128122329712,2.6766703128814697,,,
501,90249,,,,-3.231346607208252,0.6418650150299072,0.9392343163490295,,,
501,90299,,,,-3.2858567237854004,0.7527372241020203,0.8284446001052856,,,
501,90349,,,,-3.078434467315674,0.7237806916236877,1.3356289863586426,,,
501,90359,,,,,,,-2.636549711227417,1.334014654159546,4.346010208129883
502,90399,,,,-3.6187520027160645,0.4471518397331238,0.3849177956581116,,,
502,90449,,,,-2.7850470542907715,1.2209748029708862,2.6246585845947266,,,
502,90499,,,,-2.6044838428497314,1.4825154542922974,3.977736473083496,,,
502,90539,,,,,,,-2.2396159172058105,2.182769298553467,9.832564353942871
503,90549,,,,-2.841423988342285,1.2468081712722778,2.305133819580078,,,
503,90599,,,,-2.6822054386138916,1.3779232501983643,3.325939655303955,,,
503,90649,,,,-3.161734104156494,0.9159900546073914,1.1025185585021973,,,
503,90699,,,,-2.3484253883361816,1.783308744430542,7.172895431518555,,,
503,90719,,,,,,,-2.352771520614624,1.9488651752471924,7.967715740203857
504,90749,,,,-3.3252503871917725,0.5606833100318909,0.7566058039665222,,,
504,90799,,,,-2.7903289794921875,1.3652451038360596,2.592933177947998,,,
504,90849,,,,-3.1444854736328125,0.664423942565918,1.14718759059906,,,
504,90899,,,,-2.2469482421875,1.9738256931304932,9.060908317565918,,,
504,90899,,,,,,,-2.1433804035186768,2.355234146118164,12.778456687927246
505,90949,,,,-2.62579345703125,1.5054116249084473,3.78727388381958,,,
505,90999,,,,-3.4139602184295654,0.5529357194900513,0.616821825504303,,,
505,91049,,,,-3.0572707653045654,0.8307301998138428,1.4023271799087524,,,
505,91079,,,,,,,-2.5851988792419434,1.3271328210830688,4.813515663146973
506,91099,,,,-3.506601095199585,0.46544235944747925,0.4983321726322174,,,
506,91149,,,,-3.5179619789123535,0.6085422039031982,0.48546504974365234,,,
506,91199,,,,-3.2414987087249756,0.7432858347892761,0.9175317287445068,,,
506,91249,,,,-2.9617786407470703,0.9705338478088379,1.7471950054168701,,,
506,91259,,,,,,,-2.6766512393951416,1.204965353012085,4.1046061515808105
507,91299,,,,-2.97886323928833,1.1887180805206299,1.679797887802124,,,
507,91349,,,,-3.3885505199432373,0.5876771807670593,0.6539875268936157,,,
507,91399,,,,-2.2321407794952393,1.8740614652633667,9.375177383422852,,,
507,91439,,,,,,,-2.669975996017456,1.167978048324585,4.235198497772217
508,91449,,,,-2.743215799331665,1.3140448331832886,2.890042781829834,,,
508,91499,,,,-2.6373462677001953,1.516143798828125,3.687854290008545,,,
508,91549,,,,-3.6731204986572266,0.47411519289016724,0.3396253287792206,,,
508,91599,,,,-3.13873553276062,0.9649234414100647,1.1624776124954224,,,
508,91619,,,,,,,-2.4545443058013916,1.5583670139312744,6.461063861846924
509,91649,,,,-3.5006697177886963,0.5618883371353149,0.5051848888397217,,,
509,91699,,,,-2.890993595123291,1.2314107418060303,2.0564892292022705,,,
509,91749,,,,-2.8959500789642334,0.8549542427062988,2.033151626586914,,,
509,91799,,,,-3.4222168922424316,0.5879996418952942,0.6052062511444092,,,
509,91799,,,,,,,-2.6725993156433105,1.1420451402664185,4.1870036125183105
510,91849,,,,-3.065180778503418,0.6791871190071106,1.3770172595977783,,,
510,91899,,,,-3.4552483558654785,0.5371830463409424,0.5608818531036377,,,
510,91949,,,,-2.672083616256714,1.5030426979064941,3.4043662548065186,,,
510,91979,,,,,,,-2.532609224319458,1.4337912797927856,5.503925323486328
511,91999,,,,-2.623046875,1.4767212867736816,3.8113021850585938,,,
511,92049,,,,-3.8037750720977783,0.40322500467300415,0.2513881325721741,,,
511,92099,,,,-3.1116678714752197,0.7932230234146118,1.2372350692749023,,,
511,92149,,,,-2.908442974090576,0.9730676412582397,1.9754999876022339,,,
511,92159,,,,,,,-2.604857921600342,1.3208012580871582,4.656291961669922
512,92199,,,,-2.7157771587371826,1.0162734985351562,3.0785274505615234,,,
512,92249,,,,-2.94822359085083,0.9213842749595642,1.8025882244110107,,,
512,92299,,,,-3.6344423294067383,0.4323608875274658,0.3712596893310547,,,
512,92339,,,,,,,-2.3174033164978027,1.796345591545105,8.405840873718262
513,92349,,,,-2.3813276290893555,1.890129566192627,6.649553298950195,,,
513,92399,,,,-3.44707989692688,0.5876681804656982,0.5715316534042358,,,
513,92449,,,,-2.7640702724456787,0.9814415574073792,2.7545454502105713,,,
513,92499,,,,-2.6664249897003174,1.534207820892334,3.4490153789520264,,,
513,92519,,,,,,,-2.473609447479248,1.5727044343948364,6.205804824829102
514,92549,,,,-2.9944334030151367,0.8578165769577026,1.6206411123275757,,,
514,92599,,,,-3.005568742752075,0.8759250640869141,1.5796153545379639,,,
514,92649,,,,-3.4600565433502197,0.558650016784668,0.5547069311141968,,,
514,92699,,,,-3.221987724304199,0.751888632774353,0.9596931338310242,,,
514,92699,,,,,,,-2.672438383102417,1.1515679359436035,4.088980674743652
515,92749,,,,-3.160587787628174,0.6860701441764832,1.1054327487945557,,,
515,92799,,,,-3.2507612705230713,0.6846433281898499,0.898171067237854,,,
515,92849,,,,-3.2090790271759033,0.8206909894943237,0.9886469841003418,,,
515,92879,,,,,,,-2.5999534130096436,1.4273593425750732,4.60407829284668
516,92899,,,,-2.7211103439331055,1.286186695098877,3.040954351425171,,,
516,92949,,,,-3.3328497409820557,0.5888781547546387,0.7434810400009155,,,
516,92999,,,,-2.951627492904663,0.896091103553772,1.7885160446166992,,,
516,93049,,,,-3.328310489654541,0.5961323380470276,0.7512931227684021,,,
516,93059,,,,,,,-2.697953462600708,1.1789474487304688,3.8999905586242676
517,93099,,,,-3.289306640625,0.5821288228034973,0.8218894600868225,,,
517,93149,,,,-3.2386035919189453,0.6329382061958313,0.9236699342727661,,,
517,93199,,,,-3.8452401161193848,0.33765530586242676,0.22849693894386292,,,
517,93239,,,,,,,-2.7010996341705322,1.1452131271362305,3.88726806640625
518,93249,,,,-3.389315128326416,0.6102734208106995,0.6528367400169373,,,
518,93299,,,,-3.2013330459594727,0.664861798286438,1.006438136100769,,,
518,93349,,,,-2.9866182804107666,0.8979033827781677,1.6500678062438965,,,
518,93399,,,,-3.2555439472198486,0.6361544132232666,0.888333797454834,,,
518,93419,,,,,,,-2.692805767059326,1.136012077331543,4.010720252990723
519,93449,,,,-3.216399669647217,0.733440637588501,0.9721207022666931,,,
519,93499,,,,-3.206570863723755,0.8901947140693665,0.9943727254867554,,,
519,93549,,,,-2.1329972743988037,2.0544533729553223,11.779394149780273,,,
519,93599,,,,-3.123363733291626,0.6719679832458496,1.2043601274490356,,,
519,93599,,,,,,,-2.629702568054199,1.2455061674118042,4.36513090133667
520,93649,,,,-3.1766860485076904,0.767363965511322,1.06520676612854,,,
520,93699,,,,-3.109746217727661,0.8793962001800537,1.2427213191986084,,,
520,93749,,,,-3.2065987586975098,0.68179851770401,0.9943087100982666,,,
520,93779,,,,,,,-2.680610418319702,1.120656132698059,4.152243614196777
521,93799,,,,-2.7691292762756348,1.2327380180358887,2.7226436138153076,,,
521,93849,,,,-2.8389225006103516,1.156562328338623,2.3184492588043213,,,
521,93899,,,,-3.195018768310547,0.7718526721000671,1.0211774110794067,,,
521,93949,,,,-3.3764865398406982,0.5689085721969604,0.6724094152450562,,,
521,93959,,,,,,,-2.664956569671631,1.160247564315796,4.286396503448486
522,93999,,,,-3.2236576080322266,0.7990736961364746,0.9560093283653259,,,
522,94049,,,,-2.562699556350708,1.6982200145721436,4.379459857940674,,,
522,94099,,,,-2.7125394344329834,1.5968811511993408,3.1015634536743164,,,
522,94139,,,,,,,-2.6809184551239014,1.1414791345596313,4.084763526916504
523,94149,,,,-3.390333414077759,0.6414807438850403,0.6513081192970276,,,
523,94199,,,,-3.0436453819274902,0.7731227874755859,1.4470208883285522,,,
523,94249,,,,-3.360912799835205,0.5643043518066406,0.6969589591026306,,,
523,94299,,,,-4.0013933181762695,0.29545795917510986,0.15948760509490967,,,
523,94319,,,,,,,-2.5837981700897217,1.3029309511184692,4.75446891784668
524,94349,,,,-3.320608139038086,0.599221408367157,0.7647360563278198,,,
524,94399,,,,-3.067913770675659,0.7677977085113525,1.3683788776397705,,,
524,94449,,,,-3.2012381553649902,0.8576918840408325,1.006657600402832,,,
524,94499,,,,-3.4897515773773193,0.6077874898910522,0.5180462598800659,,,
524,94499,,,,,,,-2.690969467163086,1.097383975982666,3.8610739707946777
525,94549,,,,-3.176744222640991,0.7013113498687744,1.065064549446106,,,
525,94599,,,,-3.4950461387634277,0.571991503238678,0.5117688179016113,,,
525,94649,,,,-3.214033365249634,0.8630734086036682,0.977432370185852,,,
525,94679,,,,,,,-2.5391364097595215,1.3270870447158813,5.217555999755859
526,94699,,,,-3.0338687896728516,0.8961496353149414,1.4799649715423584,,,
526,94749,,,,-3.424172878265381,0.6191701889038086,0.6024870872497559,,,
526,94799,,,,-3.2966527938842773,0.637652575969696,0.8081039190292358,,,
526,94849,,,,-3.6454544067382812,0.4372805953025818,0.3619644343852997,,,
526,94859,,,,,,,-2.71096134185791,1.0790274143218994,3.813509464263916
527,94899,,,,-3.6844465732574463,0.4440850615501404,0.33088213205337524,,,
527,94949,,,,-2.754934072494507,1.1967425346374512,2.813106060028076,,,
527,94999,,,,-3.295274019241333,0.7059208154678345,0.8106740117073059,,,
527,95039,,,,,,,-2.6604039669036865,1.233189344406128,4.208609104156494
528,95049,,,,-3.220917224884033,0.7265403270721436,0.9620610475540161,,,
528,95099,,,,-3.06738543510437,0.9337320327758789,1.3700447082519531,,,
528,95149,,,,-2.575455904006958,1.6639384031295776,4.252694129943848,,,
528,95199,,,,-3.623642921447754,0.4448068141937256,0.38060736656188965,,,
528,95219,,,,,,,-2.606041669845581,1.273980975151062,4.705650806427002
529,95249,,,,-3.1345906257629395,0.8386796712875366,1.1736254692077637,,,
529,95299,,,,-3.194973945617676,0.8067130446434021,1.0212831497192383,,,
529,95349,,,,-3.24255108833313,0.7558106780052185,0.9153118133544922,,,
529,95399,,,,-3.22188401222229,0.7089330554008484,0.9599218368530273,,,
529,95399,,,,,,,-2.643674612045288,1.2195416688919067,4.416368007659912
530,95449,,,,-3.504774570465088,0.47182130813598633,0.5004317164421082,,,
530,95499,,,,-3.3105947971343994,0.6669891476631165,0.7825733423233032,,,
530,95549,,,,-3.064133882522583,1.0159058570861816,1.380340337753296,,,
530,95579,,,,,,,-2.54579496383667,1.2907568216323853,5.160378456115723
531,95599,,,,-2.7080228328704834,1.6311715841293335,3.1339852809906006,,,
531,95649,,,,-3.7280161380767822,0.383791446685791,0.29929813742637634,,,
531,95699,,,,-3.534508228302002,0.5285279750823975,0.46731728315353394,,,
531,95749,,,,-3.050647020339966,0.9088788032531738,1.4238793849945068,,,
531,95759,,,,,,,-2.63847017288208,1.2201592922210693,4.325687885284424
532,95799,,,,-2.9924731254577637,1.043303370475769,1.6279723644256592,,,
532,95849,,,,-3.379840850830078,0.6052007675170898,0.667235255241394,,,
532,95899,,,,-3.010075569152832,0.8848949670791626,1.5633081197738647,,,
532,95939,,,,,,,-2.637113332748413,1.167527437210083,4.488419532775879
533,95949,,,,-3.181976795196533,0.8058207631111145,1.0523087978363037,,,
533,95999,,,,-3.2514233589172363,0.5941093564033508,0.8968026638031006,,,
533,96049,,,,-2.9850659370422363,1.1935819387435913,1.6559765338897705,,,
533,96099,,,,-3.6746387481689453,0.49265187978744507,0.33844006061553955,,,
533,96119,,,,,,,-2.732663869857788,1.037760853767395,3.703784227371216
534,96149,,,,-2.7426445484161377,1.142174243927002,2.8938474655151367,,,
534,96199,,,,-3.047903060913086,0.7956620454788208,1.4329040050506592,,,
534,96249,,,,-3.193054437637329,0.750203549861908,1.02580726146698,,,
534,96299,,,,-3.261911392211914,0.7843441367149353,0.8754045963287354,,,
534,96299,,,,,,,-2.6108837127685547,1.2899208068847656,4.534951210021973
535,96349,,,,-2.7787668704986572,1.2530667781829834,2.6628904342651367,,,
535,96399,,,,-3.111985206604004,0.8834385871887207,1.236330509185791,,,
535,96449,,,,-3.680046558380127,0.4119389057159424,0.334251344203949,,,
535,96479,,,,,,,-2.617478132247925,1.3349065780639648,4.430642127990723
536,96499,,,,-2.906376361846924,0.8710004091262817,1.9849227666854858,,,
536,96549,,,,-3.43762469291687,0.5566079020500183,0.584111213684082,,,
536,96599,,,,-3.804720640182495,0.3733323812484741,0.25084182620048523,,,
536,96649,,,,-3.4941461086273193,0.5391451120376587,0.5128306150436401,,,
536,96659,,,,,,,-2.6800334453582764,1.0975948572158813,3.957797050476074
537,96699,,,,-3.086796998977661,0.8061705231666565,1.3101555109024048,,,
537,96749,,,,-2.997875928878784,0.7690166234970093,1.6078448295593262,,,
537,96799,,,,-3.8289954662323,0.35959571599960327,0.23720526695251465,,,
537,96839,,,,,,,-2.7047035694122314,1.0538337230682373,3.8281400203704834
538,96849,,,,-3.506356716156006,0.5414160490036011,0.4986124634742737,,,
538,96899,,,,-3.5974762439727783,0.41908323764801025,0.404244065284729,,,
538,96949,,,,-3.155290126800537,0.8390057682991028,1.1189991235733032,,,
538,96999,,,,-2.7369818687438965,1.3871915340423584,2.931826114654541,,,
538,97019,,,,,,,-2.6570048332214355,1.1905089616775513,4.210705757141113
539,97049,,,,-3.223106861114502,0.6111893057823181,0.9572224617004395,,,
539,97099,,,,-3.5304453372955322,0.5019664764404297,0.47170963883399963,,,
539,97149,,,,-3.073945999145508,0.9391366243362427,1.3495047092437744,,,
539,97199,,,,-3.5308399200439453,0.5314674973487854,0.4712814688682556,,,
539,97199,,,,,,,-2.653409481048584,1.1959067583084106,4.247213840484619
540,97249,,,,-3.112525701522827,0.8371267318725586,1.2347934246063232,,,
540,97299,,,,-2.924638509750366,0.896182119846344,1.9031860828399658,,,
540,97349,,,,-2.9301562309265137,0.9418660402297974,1.8791602849960327,,,
540,97379,,,,,,,-2.668497085571289,1.1749544143676758,3.977152109146118
541,97399,,,,-2.945706844329834,0.9766544699668884,1.8130632638931274,,,
541,97449,,,,-2.9556894302368164,1.0805199146270752,1.7718647718429565,,,
541,97499,,,,-3.3291385173797607,0.6911388635635376,0.7498626708984375,,,
541,97549,,,,-3.446622610092163,0.5599403381347656,0.5721337795257568,,,
541,97559,,,,,,,-2.5146892070770264,1.3297697305679321,5.458982467651367
542,97599,,,,-3.9438230991363525,0.32465535402297974,0.18209441006183624,,,
542,97649,,,,-3.8617923259735107,0.34420353174209595,0.21995201706886292,,,
542,97699,,,,-3.0929341316223145,0.7798125743865967,1.2917712926864624,,,
542,97739,,,,,,,-2.5644640922546387,1.3373847007751465,5.254179000854492
543,97749,,,,-2.555544853210449,1.7273874282836914,4.452203750610352,,,
543,97799,,,,-2.519296884536743,1.6697731018066406,4.839751243591309,,,
543,97849,,,,-3.2511587142944336,0.5775672197341919,0.8973489999771118,,,
543,97899,,,,-3.2797746658325195,0.7286945581436157,0.8401280641555786,,,
543,97919,,,,,,,-2.653322696685791,1.157502293586731,4.380889892578125
544,97949,,,,-3.6746225357055664,0.4746440052986145,0.3384525179862976,,,
544,97999,,,,-3.129046678543091,0.8135266304016113,1.188704252243042,,,
544,98049,,,,-3.849862813949585,0.3261134624481201,0.22607707977294922,,,
544,98099,,,,-2.7329041957855225,1.1835670471191406,2.959482192993164,,,
544,98099,,,,,,,-2.633568048477173,1.264475703239441,4.432574272155762
545,98149,,,,-3.499324083328247,0.5126135945320129,0.5067527294158936,,,
545,98199,,,,-3.0352671146392822,0.9458209276199341,1.4752060174942017,,,
545,98249,,,,-4.042019844055176,0.27726268768310547,0.14524470269680023,,,
545,98279,,,,,,,-2.672914505004883,1.1894837617874146,4.095648288726807
546,98299,,,,-3.2042555809020996,0.8553053736686707,0.9996886253356934,,,
546,98349,,,,-3.5926010608673096,0.49568313360214233,0.4088076949119568,,,
546,98399,,,,-2.6856091022491455,1.4587384462356567,3.2999789714813232,,,
546,98449,,,,-3.9062767028808594,0.3548680543899536,0.19853800535202026,,,
546,98459,,,,,,,-2.700348138809204,1.0875133275985718,3.858168840408325
547,98499,,,,-3.5018012523651123,0.49583899974823,0.5038703083992004,,,
547,98549,,,,-3.607710838317871,0.468583345413208,0.3948289752006531,,,
547,98599,,,,-2.7238779067993164,1.1527581214904785,3.0216360092163086,,,
547,98639,,,,,,,-2.622931718826294,1.2507041692733765,4.451131343841553
548,98649,,,,-3.2071962356567383,0.6603063344955444,0.9929423332214355,,,
548,98699,,,,-3.703794240951538,0.40028947591781616,0.31646522879600525,,,
548,98749,,,,-3.6348774433135986,0.5123425722122192,0.3708881139755249,,,
548,98799,,,,-3.4345104694366455,0.5135635733604431,0.5883145928382874,,,
548,98819,,,,,,,-2.690432548522949,1.1491079330444336,4.054195880889893
549,98849,,,,-3.0591838359832764,0.9654573202133179,1.396162509918213,,,
549,98899,,,,-3.5625882148742676,0.4442775845527649,0.4380578100681305,,,
549,98949,,,,-2.8168184757232666,1.0310630798339844,2.439505100250244,,,
549,98999,,,,-2.9583117961883545,0.9333367943763733,1.7611994743347168,,,
549,98999,,,,,,,-2.641850471496582,1.1890562772750854,4.424820423126221
550,99049,,,,-3.272465705871582,0.6659072637557983,0.8543866872787476,,,
550,99099,,,,-3.141477584838867,0.944884181022644,1.1551599502563477,,,
550,99149,,,,-3.165881395339966,0.8162357807159424,1.0920403003692627,,,
550,99179,,,,,,,-2.7166035175323486,1.055994987487793,3.769775629043579
551,99199,,,,-2.9591224193573,1.0489580631256104,1.7579138278961182,,,
551,99249,,,,-3.1684389114379883,0.8387131690979004,1.0856287479400635,,,
551,99299,,,,-3.1457033157348633,0.6815237998962402,1.1439751386642456,,,
551,99349,,,,-3.366532325744629,0.6471464037895203,0.6879987716674805,,,
551,99359,,,,,,,-2.623567581176758,1.2018108367919922,4.511233329772949
552,99399,,,,-2.8974506855010986,0.96915602684021,2.026139259338379,,,
552,99449,,,,-2.735795021057129,1.27489173412323,2.939850330352783,,,
552,99499,,,,-3.3122477531433105,0.7316341400146484,0.7796002626419067,,,
552,99539,,,,,,,-2.466001272201538,1.4763126373291016,6.061238765716553
553,99549,,,,-3.6321747303009033,0.4987996816635132,0.3732030391693115,,,
553,99599,,,,-3.6469523906707764,0.4922095537185669,0.3607177734375,,,
553,99649,,,,-3.775944471359253,0.4196488857269287,0.2680254280567169,,,
553,99699,,,,-3.331937551498413,0.5578962564468384,0.7450448274612427,,,
553,99719,,,,,,,-2.6010642051696777,1.295624017715454,4.6436967849731445
554,99749,,,,-2.3416712284088135,1.7912219762802124,7.28532075881958,,,
554,99799,,,,-3.376736640930176,0.6007147431373596,0.6720219254493713,,,
554,99849,,,,-3.1504392623901367,0.7131571769714355,1.131568431854248,,,
554,99899,,,,-3.5622153282165527,0.43561822175979614,0.43843477964401245,,,
554,99899,,,,,,,-2.7270424365997314,1.0493589639663696,3.7021915912628174
555,99949,,,,-3.0019779205322266,0.9913169741630554,1.5927300453186035,,,
555,99999,,,,-3.1276471614837646,0.7769872546195984,1.1925396919250488,,,
555,100049,,,,-2.2038185596466064,2.4853718280792236,10.00694465637207,,,
555,100079,,,,,,,-2.501352310180664,1.5540627241134644,5.523650169372559
556,100099,,,,-3.6549220085144043,0.4466426372528076,0.35415884852409363,,,
556,100149,,,,-3.0432052612304688,0.7482715249061584,1.4484879970550537,,,
556,100199,,,,-3.1113178730010986,0.7266785502433777,1.2382326126098633,,,
556,100249,,,,-3.04913592338562,0.9309586882591248,1.4288413524627686,,,
556,100259,,,,,,,-2.6350207328796387,1.2361998558044434,4.469780921936035
557,100299,,,,-3.723214626312256,0.4616769552230835,0.3026249408721924,,,
557,100349,,,,-3.3494913578033447,0.6475667357444763,0.7155313491821289,,,
557,100399,,,,-3.009525775909424,0.8903928399085999,1.5652881860733032,,,
557,100439,,,,,,,-2.650726318359375,1.176037073135376,4.203560829162598
558,100449,,,,-2.60467267036438,1.1861276626586914,3.976008415222168,,,
558,100499,,,,-3.634732484817505,0.4585422873497009,0.3710114359855652,,,
558,100549,,,,-3.3163444995880127,0.7790144681930542,0.7722816467285156,,,
558,100599,,,,-3.1593711376190186,0.8275099992752075,1.1085330247879028,,,
558,100619,,,,,,,-2.1175076961517334,2.6368589401245117,13.318121910095215
559,100649,,,,-3.636935234069824,0.40879756212234497,0.36913496255874634,,,
559,100699,,,,-3.429870128631592,0.5228995680809021,0.5946340560913086,,,
559,100749,,,,-2.5995752811431885,1.3861738443374634,4.022951126098633,,,
559,100799,,,,-3.691673755645752,0.43825429677963257,0.32542139291763306,,,
559,100799,,,,,,,-2.5690579414367676,1.3611226081848145,4.860510349273682
560,100849,,,,-3.4145495891571045,0.6512265801429749,0.615985631942749,,,
560,100899,,,,-3.1107351779937744,0.9722126722335815,1.239894986152649,,,
560,100949,,,,-3.694178342819214,0.43837690353393555,0.323550283908844,,,
560,100979,,,,,,,-2.519214630126953,1.5577315092086792,5.33621883392334
561,100999,,,,-2.9398276805877686,1.0031065940856934,1.8377749919891357,,,
561,101049,,,,-3.308391571044922,0.6988041996955872,0.7865541577339172,,,
561,101099,,,,-2.8248825073242188,1.087834119796753,2.394624948501587,,,
561,101149,,,,-2.544917345046997,1.6694213151931763,4.5625,,,
561,101159,,,,,,,-2.4977011680603027,1.4838272333145142,5.625746726989746
562,101199,,,,-3.1644680500030518,0.7155722379684448,1.0955994129180908,,,
562,101249,,,,-3.8013193607330322,0.38560646772384644,0.25281399488449097,,,
562,101299,,,,-3.3367037773132324,0.6152824759483337,0.7369133830070496,,,
562,101339,,,,,,,-2.736218214035034,1.013282060623169,3.6570444107055664
563,101349,,,,-3.3098676204681396,0.6413044929504395,0.7838858366012573,,,
563,101399,,,,-3.6221725940704346,0.4228500723838806,0.38189780712127686,,,
563,101449,,,,-3.558685064315796,0.44120293855667114,0.4420129060745239,,,
563,101499,,,,-3.7765495777130127,0.4173271059989929,0.26765209436416626,,,
563,101519,,,,,,,-2.6351253986358643,1.2024338245391846,4.489523887634277
564,101549,,,,-3.8423404693603516,0.3417372703552246,0.23002739250659943,,,
564,101599,,,,-3.7943131923675537,0.3940734267234802,0.25692522525787354,,,
564,101649,,,,-3.571791172027588,0.38688158988952637,0.4288734793663025,,,
564,101699,,,,-2.8208084106445312,0.9668202996253967,2.4171953201293945,,,
564,101699,,,,,,,-2.6241588592529297,1.264819860458374,4.488831520080566
565,101749,,,,-4.077893257141113,0.3124851584434509,0.13372933864593506,,,
565,101799,,,,-3.727548837661743,0.45039552450180054,0.2996205687522888,,,
565,101849,,,,-3.647759199142456,0.37160342931747437,0.3600480556488037,,,
565,101879,,,,,,,-2.6249425411224365,1.190077304840088,4.414175987243652
566,101899,,,,-3.930476665496826,0.3585324287414551,0.1877775937318802,,,
566,101949,,,,-3.2654170989990234,0.6421279907226562,0.8683657646179199,,,
566,101999,,,,-2.780306577682495,1.4024239778518677,2.6534671783447266,,,
566,102049,,,,-3.0171329975128174,1.033771276473999,1.5381087064743042,,,
566,102059,,,,,,,-2.541961431503296,1.3374894857406616,5.186580181121826
567,102099,,,,-3.2716896533966064,0.6918081045150757,0.8559143543243408,,,
567,102149,,,,-3.2866475582122803,0.5568689107894897,0.8269363641738892,,,
567,102199,,,,-3.3378686904907227,0.5921403765678406,0.7349388599395752,,,
567,102239,,,,,,,-2.579536199569702,1.3331096172332764,4.731789588928223
568,102249,,,,-3.1152424812316895,0.8128722310066223,1.2270936965942383,,,
568,102299,,,,-3.169970989227295,0.7358244061470032,1.0818055868148804,,,
568,102349,,,,-3.9736154079437256,0.333210825920105,0.17002169787883759,,,
568,102399,,,,-2.969766855239868,0.8904845118522644,1.7153531312942505,,,
568,102419,,,,,,,-2.56081485748291,1.4717596769332886,4.913552284240723
569,102449,,,,-2.971428871154785,0.8512902855873108,1.7087998390197754,,,
569,102499,,,,-2.729856491088867,1.2388476133346558,2.9803245067596436,,,
569,102549,,,,-3.129329204559326,1.008838415145874,1.1879303455352783,,,
569,102599,,,,-3.319859027862549,0.5525141358375549,0.7660571336746216,,,
569,102599,,,,,,,-2.698763132095337,1.1618518829345703,3.9354021549224854
570,102649,,,,-2.9305546283721924,1.0838515758514404,1.877436637878418,,,
570,102699,,,,-3.0427825450897217,0.9101222157478333,1.4498982429504395,,,
570,102749,,,,-2.847409248352051,0.9476212859153748,2.273582935333252,,,
570,102779,,,,,,,-2.6770260334014893,1.1996338367462158,4.061795234680176
571,102799,,,,-3.0899360179901123,0.8454617261886597,1.30072021484375,,,
571,102849,,,,-3.3128020763397217,0.5316070914268494,0.7786064147949219,,,
571,102899,,,,-2.8319144248962402,1.1024389266967773,2.356163740158081,,,
571,102949,,,,-3.441255807876587,0.44656282663345337,0.5792477130889893,,,
571,102959,,,,,,,-2.7190704345703125,1.073812484741211,3.7924914360046387
572,102999,,,,-3.453723669052124,0.4339062571525574,0.5628546476364136,,,
572,103049,,,,-3.560520648956299,0.5318393707275391,0.4401484429836273,,,
572,103099,,,,-3.197429895401001,0.719001293182373,1.0155236721038818,,,
572,103139,,,,,,,-2.703996419906616,1.1165934801101685,3.8446831703186035
573,103149,,,,-3.1747562885284424,0.6748811602592468,1.0699509382247925,,,
573,103199,,,,-2.974616765975952,0.9626970291137695,1.6963025331497192,,,
573,103249,,,,-3.3579704761505127,0.5499840974807739,0.7016964554786682,,,
573,103299,,,,-3.4533915519714355,0.44362741708755493,0.5632852911949158,,,
573,103319,,,,,,,-2.574592351913452,1.3311278820037842,4.8273539543151855
574,103349,,,,-3.1254758834838867,0.7514438629150391,1.1985174417495728,,,
574,103399,,,,-3.622459650039673,0.4516882300376892,0.3816457986831665,,,
574,103449,,,,-3.5152623653411865,0.5832887291908264,0.4884919226169586,,,
574,103499,,,,-3.5066425800323486,0.48366332054138184,0.4982847571372986,,,
574,103499,,,,,,,-2.720534563064575,1.0777174234390259,3.7341344356536865
575,103549,,,,-2.9589736461639404,0.9914125204086304,1.7585163116455078,,,
575,103599,,,,-3.4587442874908447,0.6443665027618408,0.556385338306427,,,
575,103649,,,,-2.9980883598327637,0.783469557762146,1.6070590019226074,,,
575,103679,,,,,,,-2.690627098083496,1.1465222835540771,3.9657487869262695
576,103699,,,,-3.8148770332336426,0.3600180745124817,0.24504348635673523,,,
576,103749,,,,-3.3985538482666016,0.557016134262085,0.639095664024353,,,
576,103799,,,,-3.6871278285980225,0.4941598176956177,0.3288460373878479,,,
576,103849,,,,-2.9013233184814453,0.9221554398536682,2.008153200149536,,,
576,103859,,,,,,,-2.597355842590332,1.3907043933868408,4.695070743560791
577,103899,,,,-2.8157119750976562,1.4167518615722656,2.4457285404205322,,,
577,103949,,,,-3.717355251312256,0.4185020923614502,0.306736022233963,,,
577,103999,,,,-3.4238498210906982,0.5199353098869324,0.6029348373413086,,,
577,104039,,,,,,,-2.6381514072418213,1.234036922454834,4.395340442657471
578,104049,,,,-3.2534964084625244,0.6290847063064575,0.8925315141677856,,,
578,104099,,,,-3.3487954139709473,0.7013702988624573,0.716679573059082,,,
578,104149,,,,-3.3138771057128906,0.600722074508667,0.776681125164032,,,
578,104199,,,,-3.774301767349243,0.40919560194015503,0.26904070377349854,,,
578,104219,,,,,,,-2.6241252422332764,1.1969157457351685,4.474612712860107
579,104249,,,,-2.777838945388794,1.4082883596420288,2.6685872077941895,,,
579,104299,,,,-3.2910759449005127,0.6341671943664551,0.818548321723938,,,
579,104349,,,,-2.6000678539276123,1.1250214576721191,4.0183916091918945,,,
579,104399,,,,-3.1971936225891113,0.7506070137023926,1.0160768032073975,,,
579,104399,,,,,,,-2.666168689727783,1.1576467752456665,4.072121620178223
580,104449,,,,-2.574197769165039,1.7164628505706787,4.265031814575195,,,
580,104499,,,,-2.687343120574951,1.2984598875045776,3.2868266105651855,,,
580,104549,,,,-3.2815370559692383,0.5994575023651123,0.8367253541946411,,,
580,104579,,,,,,,-2.732497453689575,1.053234577178955,3.7710120677948
581,104599,,,,-3.6659584045410156,0.5012325048446655,0.3452722728252411,,,
581,104649,,,,-3.571383237838745,0.4414318799972534,0.42927640676498413,,,
581,104699,,,,-2.7204322814941406,0.8404363989830017,3.045703887939453,,,
581,104749,,,,-3.3094849586486816,0.5644679069519043,0.7845765352249146,,,
581,104759,,,,,,,-2.677668333053589,1.1461806297302246,4.010965824127197
582,104799,,,,-3.243180751800537,0.8191750049591064,0.9139856696128845,,,
582,104849,,,,-3.740363121032715,0.3380444645881653,0.2909088730812073,,,
582,104899,,,,-3.016136884689331,1.064744472503662,1.5416414737701416,,,
582,104939,,,,,,,-2.597782850265503,1.2282239198684692,4.692831993103027
583,104949,,,,-2.925032377243042,1.0581164360046387,1.9014623165130615,,,
583,104999,,,,-3.3885490894317627,0.5740727782249451,0.6539899110794067,,,
583,105049,,,,-3.383129119873047,0.623066782951355,0.6622029542922974,,,
583,105099,,,,-3.5594964027404785,0.5111966133117676,0.44118818640708923,,,
583,105119,,,,,,,-2.747440814971924,1.032967448234558,3.6719727516174316
584,105149,,,,-3.2289938926696777,0.7972558736801147,0.9443351030349731,,,
584,105199,,,,-3.85020112991333,0.332263708114624,0.22590124607086182,,,
584,105249,,,,-3.310764789581299,0.5849575400352478,0.7822675704956055,,,
584,105299,,,,-2.9494364261627197,1.132576823234558,1.797560453414917,,,
584,105299,,,,,,,-2.476297378540039,1.495272159576416,5.861363887786865
585,105349,,,,-2.710983991622925,1.183372974395752,3.112692356109619,,,
585,105399,,,,-3.301051616668701,0.4565170407295227,0.7999603748321533,,,
585,105449,,,,-2.4175312519073486,2.106673240661621,6.117706775665283,,,
585,105479,,,,,,,-2.727353811264038,1.029520869255066,3.6833183765411377
586,105499,,,,-3.489889144897461,0.5966430306434631,0.5178819894790649,,,
586,105549,,,,-3.25081467628479,0.7158421277999878,0.8980603814125061,,,
586,105599,,,,-3.2129831314086914,0.5973156690597534,0.9797985553741455,,,
586,105649,,,,-3.3001937866210938,0.5575002431869507,0.801542341709137,,,
586,105659,,,,,,,-2.7137882709503174,1.0768153667449951,3.7972421646118164
587,105699,,,,-3.2836101055145264,0.6804007291793823,0.8327410221099854,,,
587,105749,,,,-2.754223108291626,1.192327618598938,2.817713737487793,,,
587,105799,,,,-3.0668838024139404,0.8642881512641907,1.371627926826477,,,
587,105839,,,,,,,-2.6660513877868652,1.2098596096038818,4.01143217086792
588,105849,,,,-3.6869564056396484,0.45066457986831665,0.32897576689720154,,,
588,105899,,,,-3.565669536590576,0.49696117639541626,0.43496137857437134,,,
588,105949,,,,-3.8085832595825195,0.3684844970703125,0.24862058460712433,,,
588,105999,,,,-3.7285947799682617,0.4423496127128601,0.29889973998069763,,,
588,106019,,,,,,,-2.351430892944336,2.2483935356140137,7.621882915496826
589,106049,,,,-3.0709190368652344,0.9704890847206116,1.3589425086975098,,,
589,106099,,,,-3.2024121284484863,0.7651435136795044,1.0039411783218384,,,
589,106149,,,,-3.807237148284912,0.3743162155151367,0.24939236044883728,,,
589,106199,,,,-3.0851426124572754,0.6364539265632629,1.3151557445526123,,,
589,106199,,,,,,,-2.5714528560638428,1.2420649528503418,4.938529014587402
590,106249,,,,-2.7039198875427246,1.215245008468628,3.1637353897094727,,,
590,106299,,,,-3.3664557933807373,0.673683226108551,0.6881203055381775,,,
590,106349,,,,-3.539555549621582,0.47857344150543213,0.461917519569397,,,
590,106379,,,,,,,-2.729139566421509,1.0828877687454224,3.7516326904296875
591,106399,,,,-2.8745715618133545,1.2403439283370972,2.1357388496398926,,,
591,106449,,,,-3.2633719444274902,0.621411919593811,0.8724657297134399,,,
591,106499,,,,-3.5560359954833984,0.3689902424812317,0.4447176158428192,,,
591,106549,,,,-3.2233455181121826,0.742365300655365,0.9566982984542847,,,
591,106559,,,,,,,-2.5811502933502197,1.343762993812561,5.00914192199707
592,106599,,,,-3.0202407836914062,0.9994222521781921,1.5271410942077637,,,
592,106649,,,,-2.8383383750915527,0.9235612750053406,2.3215692043304443,,,
592,106699,,,,-3.580416679382324,0.43781542778015137,0.4204394221305847,,,
592,106739,,,,,,,-2.6857681274414062,1.0773868560791016,3.9407076835632324
593,106749,,,,-3.33914852142334,0.578575611114502,0.7327768802642822,,,
593,106799,,,,-3.6306674480438232,0.39320266246795654,0.37450069189071655,,,
593,106849,,,,-3.0924530029296875,0.8544777631759644,1.293203592300415,,,
593,106899,,,,-3.7651212215423584,0.4245060086250305,0.27478864789009094,,,
593,106919,,,,,,,-2.7342700958251953,1.0117470026016235,3.7629737854003906
594,106949,,,,-3.307441473007202,0.7437201142311096,0.788276731967926,,,
594,106999,,,,-3.7564656734466553,0.362945556640625,0.28031980991363525,,,
594,107049,,,,-3.7049739360809326,0.44028276205062866,0.315606951713562,,,
594,107099,,,,-3.4598426818847656,0.5536469221115112,0.5549802184104919,,,
594,107099,,,,,,,-2.62701153755188,1.3121309280395508,4.501550674438477
595,107149,,,,-3.2839057445526123,0.7663904428482056,0.8321741819381714,,,
595,107199,,,,-3.611738681793213,0.4557088613510132,0.39118415117263794,,,
595,107249,,,,-4.392181873321533,0.20101386308670044,0.06485424935817719,,,
595,107279,,,,,,,-2.7252984046936035,1.0688669681549072,3.7142035961151123
596,107299,,,,-2.9917423725128174,0.9942657351493835,1.6307129859924316,,,
596,107349,,,,-3.5145509243011475,0.5368538498878479,0.48929327726364136,,,
596,107399,,,,-3.6038970947265625,0.4457355737686157,0.3983114957809448,,,
596,107449,,,,-3.9618823528289795,0.35704219341278076,0.17467781901359558,,,
596,107459,,,,,,,-2.748730421066284,1.0162240266799927,3.6411895751953125
597,107499,,,,-2.533133029937744,1.9514057636260986,4.6879963874816895,,,
597,107549,,,,-3.3506789207458496,0.5566208362579346,0.7135777473449707,,,
597,107599,,,,-2.4735300540924072,1.649518609046936,5.377620697021484,,,
597,107639,,,,,,,-2.6730024814605713,1.1644304990768433,4.183043956756592
598,107649,,,,-3.4806461334228516,0.5485587120056152,0.5290226936340332,,,
598,107699,,,,-3.375598192214966,0.7003010511398315,0.6737861037254333,,,
598,107749,,,,-2.9490878582000732,1.1947587728500366,1.7990047931671143,,,
598,107799,,,,-3.397622585296631,0.6588975787162781,0.6404679417610168,,,
598,107819,,,,,,,-2.709096670150757,1.1027467250823975,3.951406955718994
599,107849,,,,-2.93567156791687,0.9712305068969727,1.8554470539093018,,,
599,107899,,,,-3.804039716720581,0.3665723204612732,0.25123515725135803,,,
599,107949,,,,-3.6876323223114014,0.3711114525794983,0.3284643888473511,,,
599,107999,,,,-3.2176339626312256,0.6690893173217773,0.9693626165390015,,,
599,107999,,,,,,,-2.7107560634613037,1.0447967052459717,3.8644096851348877
600,108049,,,,-3.6605191230773926,0.39423924684524536,0.3496239483356476,,,
600,108099,,,,-3.761552572250366,0.3577457666397095,0.2770562469959259,,,
600,108149,,,,-3.1868174076080322,0.6584808230400085,1.0406451225280762,,,
600,108179,,,,,,,-2.7447216510772705,1.0596041679382324,3.604398488998413
601,108199,,,,-3.3306920528411865,0.678808867931366,0.7471851110458374,,,
601,108249,,,,-3.5774810314178467,0.5134738683700562,0.42329078912734985,,,
601,108299,,,,-3.1419565677642822,0.7171932458877563,1.153887391090393,,,
601,108349,,,,-3.001140832901001,0.9504467248916626,1.5958025455474854,,,
601,108359,,,,,,,-2.731595039367676,1.0193428993225098,3.7266361713409424
602,108399,,,,-3.5193653106689453,0.49630677700042725,0.48389923572540283,,,
602,108449,,,,-3.2688162326812744,0.5866079926490784,0.8615964651107788,,,
602,108499,,,,-3.395132541656494,0.5805956125259399,0.6441499590873718,,,
602,108539,,,,,,,-2.6451761722564697,1.252062201499939,4.366345405578613
603,108549,,,,-3.6306405067443848,0.5339430570602417,0.3745238780975342,,,
603,108599,,,,-3.1338753700256348,0.7081448435783386,1.1755595207214355,,,
603,108649,,,,-3.462244749069214,0.49767690896987915,0.5519185066223145,,,
603,108699,,,,-3.25502347946167,0.5542342662811279,0.8893989324569702,,,
603,108719,,,,,,,-2.7180745601654053,1.045261025428772,3.7653021812438965
604,108749,,,,-2.721404790878296,1.0221595764160156,3.038893222808838,,,
604,108799,,,,-3.433943748474121,0.49362391233444214,0.5890827178955078,,,
604,108849,,,,-3.370846748352051,0.5179689526557922,0.6811982989311218,,,
604,108899,,,,-3.2463538646698,0.7129725813865662,0.907331109046936,,,
604,108899,,,,,,,-2.583895444869995,1.2978025674819946,4.740719795227051
605,108949,,,,-3.166783571243286,0.793542742729187,1.0897732973098755,,,
605,108999,,,,-3.7831246852874756,0.3661919832229614,0.2636304497718811,,,
605,109049,,,,-3.167790174484253,0.6362926363945007,1.0872511863708496,,,
605,109079,,,,,,,-2.6718881130218506,1.1689515113830566,4.099188804626465
606,109099,,,,-3.7898757457733154,0.3504091501235962,0.25956428050994873,,,
606,109149,,,,-3.2014105319976807,0.6940184235572815,1.0062588453292847,,,
606,109199,,,,-3.8196189403533936,0.36955922842025757,0.24238254129886627,,,
606,109249,,,,-3.0493433475494385,0.7830345034599304,1.4281601905822754,,,
606,109259,,,,,,,-2.7253949642181396,1.0292831659317017,3.704019069671631
607,109299,,,,-3.816840171813965,0.37572503089904785,0.2439381182193756,,,
607,109349,,,,-3.8957786560058594,0.33698606491088867,0.20339569449424744,,,
607,109399,,,,-3.6187312602996826,0.44130247831344604,0.3849363923072815,,,
607,109439,,,,,,,-2.758526563644409,1.003878116607666,3.4766297340393066
608,109449,,,,-3.8721134662628174,0.3259260654449463,0.2147861123085022,,,
608,109499,,,,-3.771970510482788,0.4380958080291748,0.2704893946647644,,,
608,109549,,,,-3.2560040950775146,0.81039959192276,0.8873926401138306,,,
608,109599,,,,-3.558821201324463,0.5696348547935486,0.44187435507774353,,,
608,109619,,,,,,,-2.7184267044067383,1.0628396272659302,3.729745626449585
609,109649,,,,-3.6968166828155518,0.40113985538482666,0.3215903341770172,,,
609,109699,,,,-3.6329474449157715,0.44516050815582275,0.37253981828689575,,,
609,109749,,,,-3.84561824798584,0.31641995906829834,0.2282976508140564,,,
609,109799,,,,-2.8063297271728516,1.1942088603973389,2.499138832092285,,,
609,109799,,,,,,,-2.4346179962158203,1.5855046510696411,6.78391170501709
610,109849,,,,-3.25197696685791,0.8245783448219299,0.895659863948822,,,
610,109899,,,,-3.3944334983825684,0.5382875800132751,0.6451882123947144,,,
610,109949,,,,-3.8635385036468506,0.36710822582244873,0.2190692126750946,,,
610,109979,,,,,,,-2.6413185596466064,1.2626850605010986,4.403997421264648
611,109999,,,,-3.5179193019866943,0.5170842409133911,0.48551318049430847,,,
611,110049,,,,-3.351810932159424,0.5247412919998169,0.7117205858230591,,,
611,110099,,,,-3.6358306407928467,0.46741819381713867,0.370074599981308,,,
611,110149,,,,-3.25628924369812,0.6386329531669617,0.8868109583854675,,,
611,110159,,,,,,,-2.752129077911377,1.0008243322372437,3.6260266304016113
612,110199,,,,-2.4797911643981934,1.6900928020477295,5.300645351409912,,,
612,110249,,,,-3.0022475719451904,0.9818436503410339,1.5917413234710693,,,
612,110299,,,,-2.7358553409576416,1.050138235092163,2.939441442489624,,,
612,110339,,,,,,,-2.4719550609588623,1.5788313150405884,6.007688045501709
613,110349,,,,-3.5159270763397217,0.5101637244224548,0.487745076417923,,,
613,110399,,,,-3.393777847290039,0.6445791721343994,0.6461632251739502,,,
613,110449,,,,-2.708423137664795,1.2922173738479614,3.1310999393463135,,,
613,110499,,,,-3.3238320350646973,0.644984245300293,0.7590808868408203,,,
613,110519,,,,,,,-2.731558322906494,1.082365870475769,3.70967435836792
614,110549,,,,-3.2839624881744385,0.7624422311782837,0.8320648670196533,,,
614,110599,,,,-2.883880853652954,1.050675630569458,2.090447425842285,,,
614,110649,,,,-3.4218170642852783,0.5383121371269226,0.6057634353637695,,,
614,110699,,,,-3.228818655014038,0.6853584051132202,0.9447163939476013,,,
614,110699,,,,,,,-2.649280309677124,1.1588603258132935,4.210556983947754
615,110749,,,,-3.275642156600952,0.6124210953712463,0.8481602668762207,,,
615,110799,,,,-3.312727689743042,0.6898787617683411,0.7787403464317322,,,
615,110849,,,,-3.296049118041992,0.6209859848022461,0.8092284202575684,,,
615,110879,,,,,,,-2.559797763824463,1.296464204788208,5.074832439422607
616,110899,,,,-3.678401231765747,0.4247744679450989,0.3355204164981842,,,
616,110949,,,,-3.3665413856506348,0.6986722946166992,0.6879844665527344,,,
616,110999,,,,-2.934927463531494,0.9110028743743896,1.8586270809173584,,,
616,111049,,,,-2.679121732711792,1.278732419013977,3.349639892578125,,,
616,111059,,,,,,,-2.710886001586914,1.0354784727096558,3.8474621772766113
617,111099,,,,-3.06453537940979,1.0288684368133545,1.379064679145813,,,
617,111149,,,,-3.5289599895477295,0.4891604781150818,0.47332581877708435,,,
617,111199,,,,-3.0484883785247803,0.8571359515190125,1.4309725761413574,,,
617,111239,,,,,,,-2.542790651321411,1.456513524055481,5.291265964508057
618,111249,,,,-3.113739013671875,0.9065539240837097,1.2313480377197266,,,
618,111299,,,,-3.5294106006622314,0.4955236315727234,0.4728347659111023,,,
618,111349,,,,-3.121765375137329,0.6938037872314453,1.2088005542755127,,,
618,111399,,,,-3.4088046550750732,0.5949532389640808,0.6241872310638428,,,
618,111419,,,,,,,-2.7399511337280273,1.0302335023880005,3.7441515922546387
619,111449,,,,-3.576477527618408,0.49054771661758423,0.4242700934410095,,,
619,111499,,,,-3.2662365436553955,0.7676064968109131,0.8667295575141907,,,
619,111549,,,,-3.6196179389953613,0.44360315799713135,0.3841509521007538,,,
619,111599,,,,-3.284414768218994,0.5944916009902954,0.8311994075775146,,,
619,111599,,,,,,,-2.70458984375,1.0306134223937988,3.8392717838287354
620,111649,,,,-3.670342206954956,0.357316792011261,0.34180426597595215,,,
620,111699,,,,-3.6992850303649902,0.42822277545928955,0.31976795196533203,,,
620,111749,,,,-3.166883707046509,0.8459439873695374,1.0895229578018188,,,
620,111779,,,,,,,-2.383718967437744,1.7118803262710571,7.201696395874023
621,111799,,,,-2.7362000942230225,1.3559117317199707,2.9371066093444824,,,
621,111849,,,,-3.070894241333008,0.9858822226524353,1.3590192794799805,,,
621,111899,,,,-3.6224684715270996,0.5519817471504211,0.3816379904747009,,,
621,111949,,,,-3.2143938541412354,0.7894470691680908,0.9766203761100769,,,
621,111959,,,,,,,-2.6719911098480225,1.2783722877502441,4.16859769821167
622,111999,,,,-2.7462241649627686,0.9724307656288147,2.870090961456299,,,
622,112049,,,,-3.1681690216064453,0.6805537939071655,1.0863035917282104,,,
622,112099,,,,-3.3558526039123535,0.575114369392395,0.7051267027854919,,,
622,112139,,,,,,,-2.4314756393432617,1.7991114854812622,6.365889072418213
623,112149,,,,-3.304490327835083,0.5760741829872131,0.7936517596244812,,,
623,112199,,,,-3.3678996562957764,0.5612037181854248,0.6858367919921875,,,
623,112249,,,,-3.522490978240967,0.474406898021698,0.48042917251586914,,,
623,112299,,,,-2.7172980308532715,1.5465383529663086,3.067765712738037,,,
623,112319,,,,,,,-2.602910041809082,1.2766376733779907,4.536078929901123
624,112349,,,,-3.3654558658599854,0.7587926983833313,0.6897058486938477,,,
624,112399,,,,-3.4261584281921387,0.5032879710197449,0.5997380018234253,,,
624,112449,,,,-3.2549593448638916,0.5184786915779114,0.8895297646522522,,,
624,112499,,,,-3.932748317718506,0.3715173602104187,0.18679764866828918,,,
624,112499,,,,,,,-2.6889941692352295,1.0637718439102173,3.963710308074951
625,112549,,,,-3.118950843811035,0.7149296998977661,1.2166603803634644,,,
625,112599,,,,-3.9759974479675293,0.3032258152961731,0.16909191012382507,,,
625,112649,,,,-3.4271528720855713,0.5314763188362122,0.5983662605285645,,,
625,112679,,,,,,,-2.6601881980895996,1.1534518003463745,4.2926130294799805
626,112699,,,,-2.720226287841797,1.5088306665420532,3.0471503734588623,,,
626,112749,,,,-3.6638669967651367,0.33629900217056274,0.346938818693161,,,
626,112799,,,,-3.7002601623535156,0.44443076848983765,0.3190511167049408,,,
626,112849,,,,-3.9083266258239746,0.33288389444351196,0.1976029872894287,,,
626,112859,,,,,,,-2.7002058029174805,1.0951508283615112,3.9125356674194336
627,112899,,,,-3.5373308658599854,0.6118234395980835,0.46428969502449036,,,
627,112949,,,,-3.3693385124206543,0.6002823114395142,0.6835672855377197,,,
627,112999,,,,-3.21711802482605,0.649976372718811,0.9705145359039307,,,
627,113039,,,,,,,-2.750912666320801,0.9952996373176575,3.6133596897125244
628,113049,,,,-3.4967339038848877,0.5202136039733887,0.5097844004631042,,,
628,113099,,,,-3.180257797241211,0.7265133261680603,1.0564830303192139,,,
628,113149,,,,-3.8042778968811035,0.43264198303222656,0.25109735131263733,,,
628,113199,,,,-3.3408820629119873,0.5134817361831665,0.7298570275306702,,,
628,113219,,,,,,,-2.5163960456848145,1.6865849494934082,5.5443196296691895
629,113249,,,,-3.8916778564453125,0.3176835775375366,0.2053251713514328,,,
629,113299,,,,-3.8605198860168457,0.3711216449737549,0.22059741616249084,,,
629,113349,,,,-4.201483249664307,0.23862963914871216,0.10060903429985046,,,
629,113399,,,,-3.160396099090576,0.5822300314903259,1.1059212684631348,,,
629,113399,,,,,,,-2.7121827602386475,1.1648437976837158,3.912046432495117
630,113449,,,,-2.9378442764282227,0.9911284446716309,1.846186876296997,,,
630,113499,,,,-3.3750720024108887,0.7023809552192688,0.6746030449867249,,,
630,113549,,,,-3.2487289905548096,0.699612021446228,0.9023829102516174,,,
630,113579,,,,,,,-2.572348117828369,1.277626395225525,5.20021390914917
631,113599,,,,-3.249011993408203,0.6564151048660278,0.9017953276634216,,,
631,113649,,,,-3.14496111869812,0.7314046621322632,1.1459317207336426,,,
631,113699,,,,-2.6954588890075684,1.5680261850357056,3.2259764671325684,,,
631,113749,,,,-3.448671579360962,0.5692294836044312,0.5694406032562256,,,
631,113759,,,,,,,-2.5077364444732666,1.4855010509490967,5.498967170715332
632,113799,,,,-3.4317970275878906,0.5898037552833557,0.5920020341873169,,,
632,113849,,,,-3.2826731204986572,0.6316443085670471,0.8345395922660828,,,
632,113899,,,,-3.3232274055480957,0.5740960836410522,0.7601385712623596,,,
632,113939,,,,,,,-2.7134270668029785,1.0625702142715454,4.037854194641113
633,113949,,,,-3.2165019512176514,0.6491594314575195,0.9718927145004272,,,
633,113999,,,,-3.3715591430664062,0.6032352447509766,0.6800812482833862,,,
633,114049,,,,-3.1537351608276367,0.7885482311248779,1.1230130195617676,,,
633,114099,,,,-2.961451292037964,0.9106629490852356,1.7485119104385376,,,
633,114119,,,,,,,-2.5562989711761475,1.2492475509643555,5.174764156341553
634,114149,,,,-3.611640691757202,0.488461971282959,0.3912723660469055,,,
634,114199,,,,-3.0114219188690186,1.0123717784881592,1.5584666728973389,,,
634,114249,,,,-3.0695807933807373,0.9360768795013428,1.363136887550354,,,
634,114299,,,,-3.4820992946624756,0.5473915338516235,0.527254581451416,,,
634,114299,,,,,,,-2.7163445949554443,1.0632550716400146,3.794010877609253
635,114349,,,,-3.418339490890503,0.5582984685897827,0.6106330156326294,,,
635,114399,,,,-3.26104736328125,0.8250872492790222,0.8771467208862305,,,
635,114449,,,,-3.2307353019714355,0.7014462947845459,0.9405561685562134,,,
635,114479,,,,,,,-2.56459903717041,1.372281789779663,5.072500228881836
636,114499,,,,-3.635648250579834,0.4869205951690674,0.37022995948791504,,,
636,114549,,,,-3.5907399654388428,0.48822450637817383,0.41056299209594727,,,
636,114599,,,,-3.1808648109436035,0.8120449781417847,1.0550060272216797,,,
636,114649,,,,-3.6115164756774902,0.45942527055740356,0.3913843333721161,,,
636,114659,,,,,,,-2.6985418796539307,1.1962748765945435,4.063046932220459
637,114699,,,,-3.202727794647217,0.7939271330833435,1.003211498260498,,,
637,114749,,,,-3.4724178314208984,0.5544343590736389,0.539141058921814,,,
637,114799,,,,-2.9652438163757324,0.9147014617919922,1.733310580253601,,,
637,114839,,,,,,,-2.739771604537964,1.0219372510910034,3.7373063564300537
638,114849,,,,-2.6064672470092773,1.4874117374420166,3.95961332321167,,,
638,114899,,,,-3.8852038383483887,0.3773868680000305,0.20840907096862793,,,
638,114949,,,,-3.543853282928467,0.4599927067756653,0.4573694169521332,,,
638,114999,,,,-3.8180909156799316,0.3874261975288391,0.24323639273643494,,,
638,115019,,,,,,,-2.7537178993225098,1.0019885301589966,3.676133394241333
639,115049,,,,-3.9515938758850098,0.3017483353614807,0.1788654774427414,,,
639,115099,,,,-3.4521725177764893,0.560941219329834,0.5648690462112427,,,
639,115149,,,,-2.243507146835327,2.110344171524048,9.132987976074219,,,
639,115199,,,,-3.113377809524536,0.5930827260017395,1.232372522354126,,,
639,115199,,,,,,,-2.683596134185791,1.0758049488067627,4.16316556930542
640,115249,,,,-3.3312132358551025,0.75789874792099,0.7462888360023499,,,
640,115299,,,,-3.1693999767303467,0.7315165996551514,1.0832288265228271,,,
640,115349,,,,-2.6443848609924316,1.3019065856933594,3.6285672187805176,,,
640,115379,,,,,,,-2.4496421813964844,1.7113174200057983,6.259552001953125
641,115399,,,,-2.9779040813446045,0.9252033829689026,1.6835100650787354,,,
641,115449,,,,-3.385152816772461,0.40240156650543213,0.6591243147850037,,,
641,115499,,,,-3.8123464584350586,0.4174763560295105,0.24647563695907593,,,
641,115549,,,,-3.3582587242126465,0.6232603192329407,0.7012314796447754,,,
641,115559,,,,,,,-2.5389084815979004,1.3754808902740479,5.242796421051025
642,115599,,,,-3.3555214405059814,0.5855334401130676,0.7056642770767212,,,
642,115649,,,,-3.5759403705596924,0.4692147970199585,0.42479532957077026,,,
642,115699,,,,-3.2867448329925537,0.7105363607406616,0.8267520070075989,,,
642,115739,,,,,,,-2.74546217918396,1.044954538345337,3.5782060623168945
643,115749,,,,-3.309575080871582,0.6775445342063904,0.7844138145446777,,,
643,115799,,,,-3.1268367767333984,0.816996693611145,1.1947662830352783,,,
643,115849,,,,-3.124990224838257,0.8310051560401917,1.1998581886291504,,,
643,115899,,,,-3.4893181324005127,0.5475709438323975,0.5185636878013611,,,
643,115919,,,,,,,-2.6078572273254395,1.2040663957595825,4.573394298553467
644,115949,,,,-3.5198614597320557,0.6247060298919678,0.4833466112613678,,,
644,115999,,,,-3.2450778484344482,0.5963796377182007,0.910001277923584,,,
644,116049,,,,-3.6867239475250244,0.45111405849456787,0.3291521668434143,,,
644,116099,,,,-3.605743885040283,0.4670911431312561,0.39662081003189087,,,
644,116099,,,,,,,-2.6761062145233154,1.1040343046188354,4.0080156326293945
645,116149,,,,-3.4416542053222656,0.6139670610427856,0.5787167549133301,,,
645,116199,,,,-3.4309825897216797,0.6340051293373108,0.5931125283241272,,,
645,116249,,,,-2.463062047958374,2.029700756072998,5.508810043334961,,,
645,116279,,,,,,,-2.6902523040771484,1.20755136013031,4.039710521697998
646,116299,,,,-3.7817790508270264,0.3639873266220093,0.2644486725330353,,,
646,116349,,,,-3.659996747970581,0.40563392639160156,0.35004496574401855,,,
646,116399,,,,-2.3697354793548584,1.4740798473358154,6.829434871673584,,,
646,116449,,,,-3.787236452102661,0.3693002462387085,0.26114600896835327,,,
646,116459,,,,,,,-2.707768201828003,1.11034095287323,3.9150924682617188
647,116499,,,,-3.025315999984741,1.032657265663147,1.5093998908996582,,,
647,116549,,,,-3.725444793701172,0.3346417546272278,0.30107569694519043,,,
647,116599,,,,-3.501798391342163,0.5137804746627808,0.5038738250732422,,,
647,116639,,,,,,,-2.75713849067688,0.9986528158187866,3.598268508911133
648,116649,,,,-3.6980433464050293,0.44877558946609497,0.3206835985183716,,,
648,116699,,,,-4.039239406585693,0.29438042640686035,0.14617767930030823,,,
648,116749,,,,-3.0693774223327637,0.8997063636779785,1.3637750148773193,,,
648,116799,,,,-3.3579225540161133,0.6644706726074219,0.7017748951911926,,,
648,116819,,,,,,,-2.415743112564087,1.6810011863708496,6.870230674743652
649,116849,,,,-2.7671055793762207,0.9711973071098328,2.7353594303131104,,,
649,116899,,,,-2.8328709602355957,1.2489376068115234,2.350980758666992,,,
649,116949,,,,-3.077497959136963,0.7923194766044617,1.33851158618927,,,
649,116999,,,,-3.2679741382598877,0.6228795051574707,0.8632685542106628,,,
649,116999,,,,,,,-2.718247175216675,1.1540731191635132,3.6681623458862305
650,117049,,,,-3.114013195037842,0.9531794786453247,1.2305712699890137,,,
650,117099,,,,-3.0832667350769043,1.0105738639831543,1.3208500146865845,,,
650,117149,,,,-3.034008502960205,1.0149264335632324,1.4794890880584717,,,
650,117179,,,,,,,-2.526174306869507,1.5802613496780396,5.575265884399414
651,117199,,,,-2.9655990600585938,0.9010576009750366,1.7318930625915527,,,
651,117249,,,,-3.5982723236083984,0.43224531412124634,0.40350422263145447,,,
651,117299,,,,-3.3453266620635986,0.5871405005455017,0.7224259376525879,,,
651,117349,,,,-2.495845317840576,1.828228235244751,5.108282089233398,,,
651,117359,,,,,,,-2.3318049907684326,2.0614876747131348,7.88633918762207
652,117399,,,,-3.7306737899780273,0.39213478565216064,0.29747214913368225,,,
652,117449,,,,-3.4349405765533447,0.5518167614936829,0.5877326130867004,,,
652,117499,,,,-3.2996835708618164,0.6312509179115295,0.8024841547012329,,,
652,117539,,,,,,,-2.5457842350006104,1.460422158241272,5.382081031799316
653,117549,,,,-4.02562141418457,0.281436562538147,0.15083400905132294,,,
653,117599,,,,-3.1345088481903076,0.9699993133544922,1.1738464832305908,,,
653,117649,,,,-2.730889081954956,1.1575243473052979,2.9732465744018555,,,
653,117699,,,,-3.842772960662842,0.32399487495422363,0.22979840636253357,,,
653,117719,,,,,,,-2.683323860168457,1.1397638320922852,4.039129257202148
654,117749,,,,-3.1906638145446777,0.6876125931739807,1.0314686298370361,,,
654,117799,,,,-3.542478322982788,0.4195128083229065,0.4588196575641632,,,
654,117849,,,,-3.7610158920288086,0.35294169187545776,0.2773984670639038,,,
654,117899,,,,-3.7330400943756104,0.4312446713447571,0.2958560287952423,,,
654,117899,,,,,,,-2.706449270248413,1.1692136526107788,3.7961153984069824
655,117949,,,,-2.9713292121887207,0.8743253946304321,1.7091927528381348,,,
655,117999,,,,-3.430983543395996,0.55589759349823,0.5931119918823242,,,
655,118049,,,,-3.869631052017212,0.36389589309692383,0.2160179316997528,,,
655,118079,,,,,,,-2.732306718826294,1.08788001537323,3.7335093021392822
656,118099,,,,-3.108832359313965,0.855686604976654,1.245339035987854,,,
656,118149,,,,-3.9328320026397705,0.2986096143722534,0.18676182627677917,,,
656,118199,,,,-2.578052520751953,1.8051612377166748,4.22734260559082,,,
656,118249,,,,-2.8233916759490967,1.2061176300048828,2.402859687805176,,,
656,118259,,,,,,,-2.637143135070801,1.264593482017517,4.52962064743042
657,118299,,,,-3.3808553218841553,0.4654579162597656,0.6656790971755981,,,
657,118349,,,,-3.2322733402252197,0.7280858159065247,0.937231183052063,,,
657,118399,,,,-3.994682550430298,0.3027220368385315,0.16197103261947632,,,
657,118439,,,,,,,-2.602011203765869,1.2816311120986938,4.612060070037842
658,118449,,,,-4.052944183349609,0.2679756283760071,0.1416367143392563,,,
658,118499,,,,-4.220897197723389,0.2423769235610962,0.0962105244398117,,,
658,118549,,,,-3.9022324085235596,0.3268735408782959,0.20039522647857666,,,
658,118599,,,,-3.888486385345459,0.3225501775741577,0.20683959126472473,,,
658,118619,,,,,,,-2.6316874027252197,1.2189127206802368,4.343956470489502
659,118649,,,,-3.7825915813446045,0.3585430979728699,0.2639542818069458,,,
659,118699,,,,-3.8961071968078613,0.34942901134490967,0.2032417356967926,,,
659,118749,,,,-3.117281198501587,0.8550278544425964,1.2213467359542847,,,
659,118799,,,,-3.5081546306610107,0.5544089078903198,0.49655264616012573,,,
659,118799,,,,,,,-2.516226291656494,1.3354809284210205,5.622320652008057
660,118849,,,,-3.359332323074341,0.5449244379997253,0.699499785900116,,,
660,118899,,,,-3.341794490814209,0.65765780210495,0.728325366973877,,,
660,118949,,,,-3.0626330375671387,0.8775371313095093,1.3851186037063599,,,
660,118979,,,,,,,-2.4688355922698975,1.4213218688964844,6.134354114532471
661,118999,,,,-3.091697931289673,0.9287908673286438,1.295454502105713,,,
661,119049,,,,-3.4922871589660645,0.5922960042953491,0.5150301456451416,,,
661,119099,,,,-3.550328254699707,0.44008901715278625,0.45060068368911743,,,
661,119149,,,,-3.652839422225952,0.4180201292037964,0.3558613359928131,,,
661,119159,,,,,,,-2.6676063537597656,1.1292458772659302,4.212671756744385
662,119199,,,,-3.2355105876922607,0.7102988958358765,0.9302709102630615,,,
662,119249,,,,-3.4991893768310547,0.6159542798995972,0.5069092512130737,,,
662,119299,,,,-3.381516695022583,0.5951446294784546,0.6646664142608643,,,
662,119339,,,,,,,-2.5068295001983643,1.4716230630874634,5.813273906707764
663,119349,,,,-3.4315409660339355,0.6076934337615967,0.592350423336029,,,
663,119399,,,,-3.223508834838867,0.7085704207420349,0.9563378095626831,,,
663,119449,,,,-3.5722947120666504,0.453063428401947,0.4283756911754608,,,
663,119499,,,,-3.674816131591797,0.513133704662323,0.3383014500141144,,,
663,119519,,,,,,,-2.743319511413574,1.0247986316680908,3.729586124420166
664,119549,,,,-3.3430593013763428,0.7729806303977966,0.7262078523635864,,,
664,119599,,,,-3.1418700218200684,0.9330657124519348,1.1541175842285156,,,
664,119649,,,,-3.317340135574341,0.6650499701499939,0.7705130577087402,,,
664,119699,,,,-3.8611693382263184,0.3220340609550476,0.2202678620815277,,,
664,119699,,,,,,,-2.759577751159668,1.001043438911438,3.622713088989258
665,119749,,,,-3.1704862117767334,0.8720744252204895,1.080523133277893,,,
665,119799,,,,-3.2194647789001465,0.8910120129585266,0.9652847051620483,,,
665,119849,,,,-3.7277393341064453,0.4160655736923218,0.2994891107082367,,,
665,119879,,,,,,,-2.5933382511138916,1.395956039428711,4.882132530212402
666,119899,,,,-2.7094459533691406,1.2919386625289917,3.1237337589263916,,,
666,119949,,,,-3.713249444961548,0.4230220317840576,0.3096494972705841,,,
666,119999,,,,-2.752500295639038,1.2573935985565186,2.8289151191711426,,,
666,120049,,,,-3.501032590866089,0.5785389542579651,0.5047628879547119,,,
666,120059,,,,,,,-2.7347002029418945,1.0422948598861694,3.690124750137329
667,120099,,,,-3.3985936641693115,0.7073459625244141,0.6390378475189209,,,
667,120149,,,,-3.2107770442962646,0.7688428163528442,0.984789252281189,,,
667,120199,,,,-3.1665918827056885,0.8518996238708496,1.0902551412582397,,,
667,120239,,,,,,,-2.712115526199341,1.069407343864441,3.827235698699951
668,120249,,,,-3.678208589553833,0.458914577960968,0.33566874265670776,,,
668,120299,,,,-3.5762972831726074,0.5110607743263245,0.42444610595703125,,,
668,120349,,,,-3.5883963108062744,0.435139536857605,0.4127845764160156,,,
668,120399,,,,-3.2795324325561523,0.6815038919448853,0.8405969142913818,,,
668,120419,,,,,,,-2.6975016593933105,1.164038062095642,3.9144489765167236
669,120449,,,,-3.2859015464782715,0.7016313076019287,0.8283593654632568,,,
669,120499,,,,-3.596893072128296,0.400437593460083,0.4047881066799164,,,
669,120549,,,,-3.381946086883545,0.6480852961540222,0.664008617401123,,,
669,120599,,,,-3.1780507564544678,0.7040476202964783,1.0618658065795898,,,
669,120599,,,,,,,-2.588660717010498,1.2675503492355347,5.05821418762207
670,120649,,,,-3.876727342605591,0.31246310472488403,0.21251630783081055,,,
670,120699,,,,-3.860602855682373,0.3680723309516907,0.22055532038211823,,,
670,120749,,,,-3.95412278175354,0.2941529154777527,0.1778266727924347,,,
670,120779,,,,,,,-2.7575762271881104,0.9830135703086853,3.607469320297241
671,120799,,,,-3.554694414138794,0.4534100890159607,0.44609320163726807,,,
671,120849,,,,-2.984210729598999,0.8337035775184631,1.6592400074005127,,,
671,120899,,,,-3.8868870735168457,0.3478895425796509,0.20760291814804077,,,
671,120949,,,,-3.5194895267486572,0.6431330442428589,0.48376044631004333,,,
671,120959,,,,,,,-2.728228807449341,1.015906810760498,3.798983097076416
672,120999,,,,-3.6632273197174072,0.36673426628112793,0.3474501967430115,,,
672,121049,,,,-3.1898252964019775,0.7585592865943909,1.0334622859954834,,,
672,121099,,,,-3.884274482727051,0.332466185092926,0.20885522663593292,,,
672,121139,,,,,,,-2.6560404300689697,1.2184702157974243,4.347426414489746
673,121149,,,,-3.294370651245117,0.6255711317062378,0.8123619556427002,,,
673,121199,,,,-3.3875083923339844,0.5908648371696472,0.6555585265159607,,,
673,121249,,,,-3.3307528495788574,0.7428136467933655,0.7470797300338745,,,
673,121299,,,,-3.503180503845215,0.49631261825561523,0.5022727847099304,,,
673,121319,,,,,,,-2.7024412155151367,1.1537859439849854,3.991663932800293
674,121349,,,,-2.8659799098968506,1.3464769124984741,2.1784114837646484,,,
674,121399,,,,-3.7918474674224854,0.34638166427612305,0.25838810205459595,,,
674,121449,,,,-3.188061237335205,0.7207286357879639,1.0376684665679932,,,
674,121499,,,,-3.514752149581909,0.5011669993400574,0.48906609416007996,,,
674,121499,,,,,,,-2.719085931777954,1.0654431581497192,3.808210849761963
675,121549,,,,-3.523381471633911,0.5112482309341431,0.47944527864456177,,,
675,121599,,,,-3.663846969604492,0.45655858516693115,0.346954882144928,,,
675,121649,,,,-3.945432424545288,0.3258652687072754,0.18142077326774597,,,
675,121679,,,,,,,-2.6060266494750977,1.2207213640213013,4.6455888748168945
676,121699,,,,-3.402818202972412,0.5610613822937012,0.6328517198562622,,,
676,121749,,,,-2.97564959526062,0.9019789695739746,1.6922743320465088,,,
676,121799,,,,-2.8821399211883545,1.223129391670227,2.098844289779663,,,
676,121849,,,,-3.1495659351348877,0.8526273965835571,1.1338462829589844,,,
676,121859,,,,,,,-2.699678659439087,1.1572165489196777,4.047802448272705
677,121899,,,,-3.1052029132843018,0.8272655606269836,1.2557897567749023,,,
677,121949,,,,-2.9627113342285156,0.8524059057235718,1.7434468269348145,,,
677,121999,,,,-3.3898611068725586,0.6617416143417358,0.6520169377326965,,,
677,122039,,,,,,,-2.669102191925049,1.11153244972229,4.1716437339782715
678,122049,,,,-3.4828884601593018,0.5003503561019897,0.5262975096702576,,,
678,122099,,,,-3.4766387939453125,0.5982024669647217,0.5339263677597046,,,
678,122149,,,,-3.8096578121185303,0.39326590299606323,0.24800580739974976,,,
678,122199,,,,-3.263746500015259,0.7316527962684631,0.8717132806777954,,,
678,122219,,,,,,,-2.6793298721313477,1.1489499807357788,3.9906697273254395
679,122249,,,,-3.5976009368896484,0.41459178924560547,0.40412837266921997,,,
679,122299,,,,-3.3237130641937256,0.7880775332450867,0.7592885494232178,,,
679,122349,,,,-3.1302738189697266,0.8707369565963745,1.1853487491607666,,,
679,122399,,,,-2.887207269668579,1.179915189743042,2.0744967460632324,,,
679,122399,,,,,,,-2.5666146278381348,1.3442771434783936,4.982483863830566
680,122449,,,,-3.6854727268218994,0.4463613033294678,0.33010125160217285,,,
680,122499,,,,-3.72420072555542,0.401186466217041,0.3019390106201172,,,
680,122549,,,,-2.9738643169403076,1.0202112197875977,1.699243426322937,,,
680,122579,,,,,,,-2.7666921615600586,0.959610104560852,3.477341413497925
681,122599,,,,-3.032898187637329,0.8991520404815674,1.4832758903503418,,,
681,122649,,,,-3.4796996116638184,0.43724167346954346,0.5301764011383057,,,
681,122699,,,,-3.798290967941284,0.34702765941619873,0.25458258390426636,,,
681,122749,,,,-3.5212910175323486,0.5161201357841492,0.4817582964897156,,,
681,122759,,,,,,,-2.70316481590271,1.0796864032745361,3.984550952911377
682,122799,,,,-3.858367443084717,0.300825297832489,0.22169330716133118,,,
682,122849,,,,-3.726152181625366,0.36501580476760864,0.30058497190475464,,,
682,122899,,,,-3.1549150943756104,0.8667071461677551,1.1199660301208496,,,
682,122939,,,,,,,-2.657571792602539,1.1220002174377441,4.165683269500732
683,122949,,,,-3.669473171234131,0.4734407663345337,0.34248924255371094,,,
683,122999,,,,-3.308903932571411,0.770767867565155,0.7856259942054749,,,
683,123049,,,,-2.7188720703125,1.3226525783538818,3.0566673278808594,,,
683,123099,,,,-3.6246862411499023,0.5032933354377747,0.3796941936016083,,,
683,123119,,,,,,,-2.696725606918335,1.103006362915039,3.9031200408935547
684,123149,,,,-3.2770657539367676,0.6406847238540649,0.8453842997550964,,,
684,123199,,,,-3.7173099517822266,0.47566455602645874,0.30676838755607605,,,
684,123249,,,,-3.122469425201416,0.6830052733421326,1.2068428993225098,,,
684,123299,,,,-3.3806231021881104,0.5479449033737183,0.6660350561141968,,,
684,123299,,,,,,,-2.7316901683807373,1.0673727989196777,3.7972869873046875
685,123349,,,,-3.140704393386841,0.8029107451438904,1.1572191715240479,,,
685,123399,,,,-3.8710083961486816,0.36113375425338745,0.21533384919166565,,,
685,123449,,,,-3.2904369831085205,0.7222148180007935,0.8197530508041382,,,
685,123479,,,,,,,-2.6873223781585693,1.1081739664077759,4.0053887367248535
686,123499,,,,-3.8798375129699707,0.29305559396743774,0.21100014448165894,,,
686,123549,,,,-3.291651725769043,0.7356188297271729,0.8174636363983154,,,
686,123599,,,,-3.918226480484009,0.32520169019699097,0.1931496262550354,,,
686,123649,,,,-3.3229477405548096,0.6868211627006531,0.7606287002563477,,,
686,123659,,,,,,,-2.760424852371216,1.0290167331695557,3.6104238033294678
687,123699,,,,-3.602440118789673,0.5280423164367676,0.3996504843235016,,,
687,123749,,,,-3.9062530994415283,0.31583476066589355,0.19854836165905,,,
687,123799,,,,-3.6113126277923584,0.40758293867111206,0.3915681838989258,,,
687,123839,,,,,,,-2.7469749450683594,0.9794239401817322,3.6122841835021973
688,123849,,,,-3.4613139629364014,0.4922950863838196,0.5531032085418701,,,
688,123899,,,,-2.83029842376709,1.081784963607788,2.3649463653564453,,,
688,123949,,,,-2.4774105548858643,1.3037924766540527,5.32978630065918,,,
688,123999,,,,-3.626408576965332,0.43312180042266846,0.37819144129753113,,,
688,124019,,,,,,,-2.756502389907837,1.0073561668395996,3.520975351333618
689,124049,,,,-3.056509017944336,0.8280839323997498,1.4047877788543701,,,
689,124099,,,,-3.3675014972686768,0.6621572971343994,0.6864649653434753,,,
689,124149,,,,-3.6934759616851807,0.36264413595199585,0.3240737318992615,,,
689,124199,,,,-3.330493211746216,0.5995492339134216,0.7475265264511108,,,
689,124199,,,,,,,-2.7196712493896484,1.0433415174484253,3.7396957874298096
690,124249,,,,-4.194538116455078,0.2715500593185425,0.10223092883825302,,,
690,124299,,,,-3.240892171859741,0.7609138488769531,0.9188141822814941,,,
690,124349,,,,-3.035935878753662,0.8051532506942749,1.4729368686676025,,,
690,124379,,,,,,,-2.661527395248413,1.1913214921951294,4.321105003356934
691,124399,,,,-3.4426355361938477,0.5472681522369385,0.5774106979370117,,,
691,124449,,,,-3.754194974899292,0.37350380420684814,0.2817898392677307,,,
691,124499,,,,-3.4674649238586426,0.5713263154029846,0.5453249216079712,,,
691,124549,,,,-4.080738067626953,0.2728821039199829,0.13285620510578156,,,
691,124559,,,,,,,-2.6156790256500244,1.3531544208526611,4.657387733459473
692,124599,,,,-4.114591121673584,0.2912047505378723,0.12289348244667053,,,
692,124649,,,,-3.7513442039489746,0.3876986503601074,0.2836456894874573,,,
692,124699,,,,-3.372192144393921,0.6118634343147278,0.6790912747383118,,,
692,124739,,,,,,,-2.458855628967285,1.7372578382492065,6.231447696685791
693,124749,,,,-3.2716786861419678,0.5948287844657898,0.8559358716011047,,,
693,124799,,,,-3.822322130203247,0.38208210468292236,0.24087846279144287,,,
693,124849,,,,-3.5969913005828857,0.4655352234840393,0.40469595789909363,,,
693,124899,,,,-3.032433032989502,1.0520622730255127,1.484865427017212,,,
693,124919,,,,,,,-2.4957430362701416,1.7478013038635254,5.691528797149658
694,124949,,,,-3.062804937362671,0.9447229504585266,1.3845707178115845,,,
694,124999,,,,-3.713787078857422,0.4416170120239258,0.30926698446273804,,,
694,125049,,,,-3.607423782348633,0.5049042105674744,0.3950905203819275,,,
694,125099,,,,-3.4870316982269287,0.6009573340415955,0.5213008522987366,,,
694,125099,,,,,,,-2.6986708641052246,1.0812844038009644,3.9070181846618652
695,125149,,,,-3.406970500946045,0.5129671692848206,0.6268293857574463,,,
695,125199,,,,-3.2290523052215576,0.6937573552131653,0.9442074298858643,,,
695,125249,,,,-3.16505765914917,0.9155575037002563,1.0941135883331299,,,
695,125279,,,,,,,-2.717496156692505,1.0360780954360962,3.729853391647339
696,125299,,,,-3.817265033721924,0.3472438454627991,0.24369949102401733,,,
696,125349,,,,-3.551547050476074,0.5207675695419312,0.44933801889419556,,,
696,125399,,,,-3.0667967796325684,0.9824760556221008,1.371903419494629,,,
696,125449,,,,-2.905150890350342,1.008018970489502,1.990532398223877,,,
696,125459,,,,,,,-2.7642033100128174,1.0313383340835571,3.4706459045410156
697,125499,,,,-3.7866644859313965,0.35419541597366333,0.26149046421051025,,,
697,125549,,,,-3.3525257110595703,0.7000160813331604,0.7105494737625122,,,
697,125599,,,,-3.4289889335632324,0.5960085391998291,0.5958423614501953,,,
697,125639,,,,,,,-2.329369306564331,1.935449242591858,8.457710266113281
698,125649,,,,-2.932673454284668,1.0205960273742676,1.8683000802993774,,,
698,125699,,,,-3.077782392501831,0.813348650932312,1.337634801864624,,,
698,125749,,,,-3.228743076324463,0.7842941880226135,0.944881021976471,,,
698,125799,,,,-3.4449801445007324,0.5298246145248413,0.5743016004562378,,,
698,125819,,,,,,,-2.7181499004364014,1.0770341157913208,3.8038909435272217
699,125849,,,,-3.2089314460754395,0.8689691424369812,0.9889826774597168,,,
699,125899,,,,-3.017092227935791,0.889386773109436,1.5382530689239502,,,
699,125949,,,,-3.428025960922241,0.5569312572479248,0.5971646904945374,,,
699,125999,,,,-3.380247116088867,0.6023884415626526,0.6666120290756226,,,
699,125999,,,,,,,-2.493004322052002,1.4977933168411255,5.7406697273254395
700,126049,,,,-3.5066657066345215,0.5786951780319214,0.4982585906982422,,,
700,126099,,,,-3.479633331298828,0.5426006317138672,0.5302571654319763,,,
700,126149,,,,-3.266242027282715,0.6447743773460388,0.8667178750038147,,,
700,126179,,,,,,,-2.695971965789795,1.1222922801971436,3.925733804702759
701,126199,,,,-3.6638457775115967,0.45976102352142334,0.3469558358192444,,,
701,126249,,,,-2.89125657081604,0.9327449202537537,2.055243492126465,,,
701,126299,,,,-3.598156690597534,0.48217910528182983,0.4036110043525696,,,
701,126349,,,,-3.372926712036133,0.5756513476371765,0.677943229675293,,,
701,126359,,,,,,,-2.713416337966919,1.1042821407318115,3.861875534057617
702,126399,,,,-3.619906425476074,0.4903601408004761,0.3838961720466614,,,
702,126449,,,,-3.756099224090576,0.45686662197113037,0.2805568277835846,,,
702,126499,,,,-3.3661203384399414,0.5729773044586182,0.6886519193649292,,,
702,126539,,,,,,,-2.710587739944458,1.044540286064148,3.9101295471191406
703,126549,,,,-3.1480753421783447,0.6605830788612366,1.1377434730529785,,,
703,126599,,,,-3.7978994846343994,0.3576756715774536,0.2548123598098755,,,
703,126649,,,,-3.643756151199341,0.3927119970321655,0.36338213086128235,,,
703,126699,,,,-3.522289752960205,0.5382176041603088,0.4806515872478485,,,
703,126719,,,,,,,-2.4656591415405273,1.6124718189239502,6.093649864196777
704,126749,,,,-3.793025016784668,0.37902146577835083,0.2576885521411896,,,
704,126799,,,,-2.4914309978485107,1.703957200050354,5.160468101501465,,,
704,126849,,,,-3.7514965534210205,0.4367692470550537,0.28354591131210327,,,
704,126899,,,,-3.67281174659729,0.4376543164253235,0.33986663818359375,,,
704,126899,,,,,,,-2.674262285232544,1.103179931640625,4.143545150756836
705,126949,,,,-3.204106569290161,0.6696600317955017,1.000030279159546,,,
705,126999,,,,-3.4788241386413574,0.5651227235794067,0.5312466621398926,,,
705,127049,,,,-3.323221206665039,0.7115689516067505,0.7601492404937744,,,
705,127079,,,,,,,-2.7486977577209473,1.059715747833252,3.6012825965881348
706,127099,,,,-3.0085177421569824,0.8623269200325012,1.5689246654510498,,,
706,127149,,,,-2.542717218399048,1.6280817985534668,4.5856709480285645,,,
706,127199,,,,-2.8691561222076416,1.0509247779846191,2.1625399589538574,,,
706,127249,,,,-3.942483901977539,0.3112122416496277,0.18265677988529205,,,
706,127259,,,,,,,-2.774273157119751,0.9742043018341064,3.4833521842956543
707,127299,,,,-3.167132616043091,0.729264497756958,1.0888991355895996,,,
707,127349,,,,-3.4981586933135986,0.5814566016197205,0.5081148147583008,,,
707,127399,,,,-3.431637763977051,0.6640697121620178,0.592218816280365,,,
707,127439,,,,,,,-2.751556396484375,0.9817294478416443,3.6265971660614014
708,127449,,,,-3.991511583328247,0.345403254032135,0.16315780580043793,,,
708,127499,,,,-3.237818956375122,0.789939284324646,0.9253386855125427,,,
708,127549,,,,-3.1597819328308105,0.5862022638320923,1.1074860095977783,,,
708,127599,,,,-3.0353286266326904,0.6119686961174011,1.474998950958252,,,
708,127619,,,,,,,-2.701171875,1.0879952907562256,3.9706153869628906
709,127649,,,,-3.134725332260132,0.7074518799781799,1.173261284828186,,,
709,127699,,,,-3.49263596534729,0.529630184173584,0.5146166086196899,,,
709,127749,,,,-3.218451738357544,0.6669145226478577,0.9675377607345581,,,
709,127799,,,,-3.724485158920288,0.49471765756607056,0.3017415404319763,,,
709,127799,,,,,,,-2.748338222503662,1.0875025987625122,3.618450164794922
710,127849,,,,-3.2764036655426025,0.6867145299911499,0.8466740846633911,,,
710,127899,,,,-3.2557713985443115,0.7641433477401733,0.8878682255744934,,,
710,127949,,,,-3.970656156539917,0.2844802141189575,0.1711842268705368,,,
710,127979,,,,,,,-2.373417615890503,1.7944531440734863,7.272086143493652
711,127999,,,,-3.3618345260620117,0.5711184144020081,0.6954807043075562,,,
711,128049,,,,-3.6357157230377197,0.3956644535064697,0.3701727092266083,,,
711,128099,,,,-3.4635908603668213,0.5509066581726074,0.5502110719680786,,,
711,128149,,,,-3.430321455001831,0.64296555519104,0.5940167903900146,,,
711,128159,,,,,,,-2.569830894470215,1.5586498975753784,5.090418815612793
712,128199,,,,-3.2333643436431885,0.6641022562980652,0.9348793029785156,,,
712,128249,,,,-2.9641478061676025,0.95257568359375,1.7376899719238281,,,
712,128299,,,,-3.1973116397857666,0.8106733560562134,1.0157997608184814,,,
712,128339,,,,,,,-2.6950342655181885,1.2800495624542236,4.012658596038818
713,128349,,,,-2.6973459720611572,1.0495243072509766,3.211989164352417,,,
713,128399,,,,-3.4840071201324463,0.5644088387489319,0.5249435901641846,,,
713,128449,,,,-3.426464319229126,0.5460469126701355,0.5993156433105469,,,
713,128499,,,,-3.757456064224243,0.2927621006965637,0.27968183159828186,,,
713,128519,,,,,,,-2.759916067123413,0.9648656845092773,3.5317540168762207
714,128549,,,,-3.664677143096924,0.37903910875320435,0.34629252552986145,,,
714,128599,,,,-3.7736644744873047,0.36707741022109985,0.26943618059158325,,,
714,128649,,,,-3.6870524883270264,0.4283527731895447,0.3289030194282532,,,
714,128699,,,,-3.4067366123199463,0.5855571031570435,0.6271672248840332,,,
714,128699,,,,,,,-2.779283285140991,0.943901538848877,3.474858045578003
715,128749,,,,-3.4324958324432373,0.5324680209159851,0.5910496115684509,,,
715,128799,,,,-3.3865981101989746,0.5949752926826477,0.6569346189498901,,,
715,128849,,,,-2.8809292316436768,1.1415138244628906,2.104703903198242,,,
715,128879,,,,,,,-2.656789541244507,1.2538278102874756,4.314002990722656
716,128899,,,,-3.527367115020752,0.6032830476760864,0.4750649929046631,,,
716,128949,,,,-2.735673189163208,1.1367905139923096,2.940674066543579,,,
716,128999,,,,-3.789566993713379,0.3928876221179962,0.2597482204437256,,,
716,129049,,,,-3.387428045272827,0.6657320261001587,0.6556800603866577,,,
716,129059,,,,,,,-2.7626614570617676,0.9935246109962463,3.525635242462158
717,129099,,,,-3.641655206680298,0.44438332319259644,0.36514461040496826,,,
717,129149,,,,-3.4164769649505615,0.4342588782310486,0.6132577657699585,,,
717,129199,,,,-3.4807581901550293,0.5773607492446899,0.5288859605789185,,,
717,129239,,,,,,,-2.701552629470825,1.124533772468567,3.9756922721862793
718,129249,,,,-3.4211606979370117,0.4480045437812805,0.606679379940033,,,
718,129299,,,,-3.806612491607666,0.337782084941864,0.2497512549161911,,,
718,129349,,,,-3.3778042793273926,0.6851291656494141,0.670372724533081,,,
718,129399,,,,-3.3273890018463135,0.651332676410675,0.7528891563415527,,,
718,129419,,,,,,,-2.6831750869750977,1.084275722503662,4.078319072723389
719,129449,,,,-3.384695291519165,0.649995744228363,0.6598197221755981,,,
719,129499,,,,-3.8300817012786865,0.365101158618927,0.23661264777183533,,,
719,129549,,,,-3.5862457752227783,0.422105610370636,0.41483378410339355,,,
719,129599,,,,-3.5749356746673584,0.4281626343727112,0.42577871680259705,,,
719,129599,,,,,,,-2.74914813041687,0.9923414587974548,3.7164113521575928
720,129649,,,,-3.685338258743286,0.44328033924102783,0.3302036225795746,,,
720,129699,,,,-3.0035693645477295,0.950619101524353,1.5869035720825195,,,
720,129749,,,,-3.348904609680176,0.6880958080291748,0.7164986729621887,,,
720,129779,,,,,,,-2.5708625316619873,1.316843867301941,5.094526290893555
721,129799,,,,-3.656508684158325,0.43685436248779297,0.35286763310432434,,,
721,129849,,,,-2.81561279296875,0.991783082485199,2.44628643989563,,,
721,129899,,,,-3.4421331882476807,0.6661040186882019,0.5780783295631409,,,
721,129949,,,,-3.5275087356567383,0.4553593397140503,0.4749101996421814,,,
721,129959,,,,,,,-2.6709165573120117,1.1331956386566162,4.114487648010254
722,129999,,,,-2.8762876987457275,1.226440668106079,2.12731671333313,,,
722,130049,,,,-4.246640205383301,0.2504521608352661,0.09067327529191971,,,
722,130099,,,,-3.168508768081665,0.7326598167419434,1.085452914237976,,,
722,130139,,,,,,,-2.7128312587738037,1.1422775983810425,3.910623788833618
723,130149,,,,-3.6899425983428955,0.481403648853302,0.32672151923179626,,,
723,130199,,,,-3.8714985847473145,0.3583863377571106,0.21509088575839996,,,
723,130249,,,,-3.2707607746124268,0.7524601817131042,0.8577471971511841,,,
723,130299,,,,-3.1327056884765625,0.6848388314247131,1.1787302494049072,,,
723,130319,,,,,,,-2.7561140060424805,0.999722957611084,3.60274338722229
724,130349,,,,-3.8622212409973145,0.34037649631500244,0.21973484754562378,,,
724,130399,,,,-3.6295242309570312,0.4489545226097107,0.37548795342445374,,,
724,130449,,,,-3.23337984085083,0.7552079558372498,0.9348465204238892,,,
724,130499,,,,-3.4659008979797363,0.6633506417274475,0.5472921133041382,,,
724,130499,,,,,,,-2.7184090614318848,1.1328390836715698,3.749480962753296
725,130549,,,,-3.717703104019165,0.4984325170516968,0.30649060010910034,,,
725,130599,,,,-3.5428249835968018,0.49496299028396606,0.4584534764289856,,,
725,130649,,,,-3.6332762241363525,0.4187585115432739,0.37225741147994995,,,
725,130679,,,,,,,-2.584552764892578,1.282382607460022,4.771199703216553
726,130699,,,,-3.115229368209839,0.626846432685852,1.2271310091018677,,,
726,130749,,,,-3.3896028995513916,0.6597124338150024,0.6524044275283813,,,
726,130799,,,,-4.021241664886475,0.25700491666793823,0.1523626297712326,,,
726,130849,,,,-3.797837734222412,0.37620818614959717,0.25484877824783325,,,
726,130859,,,,,,,-2.7599964141845703,0.9725030064582825,3.5803041458129883
727,130899,,,,-3.17063570022583,0.6596885919570923,1.0801506042480469,,,
727,130949,,,,-2.7328836917877197,1.2879230976104736,2.959622859954834,,,
727,130999,,,,-3.543048620223999,0.49477213621139526,0.4582175016403198,,,
727,131039,,,,,,,-2.664607048034668,1.2093199491500854,4.1507182121276855
728,131049,,,,-3.365601062774658,0.5501812696456909,0.6894756555557251,,,
728,131099,,,,-3.859872579574585,0.3242763876914978,0.22092659771442413,,,
728,131149,,,,-3.645460844039917,0.38089412450790405,0.3619585633277893,,,
728,131199,,,,-3.204585075378418,0.6623135805130005,0.9989305138587952,,,
728,131219,,,,,,,-2.700805902481079,1.0934033393859863,4.0766520500183105
729,131249,,,,-3.53836727142334,0.5508828163146973,0.46318334341049194,,,
729,131299,,,,-3.576587677001953,0.4993424415588379,0.4241625964641571,,,
729,131349,,,,-2.701489210128784,1.0932347774505615,3.1814918518066406,,,
729,131399,,,,-3.898312568664551,0.3518788814544678,0.20221221446990967,,,
729,131399,,,,,,,-2.714186668395996,1.0816402435302734,3.8052499294281006
730,131449,,,,-3.106313943862915,0.885628342628479,1.2525813579559326,,,
730,131499,,,,-3.837212085723877,0.35537827014923096,0.23275989294052124,,,
730,131549,,,,-3.5244367122650146,0.48773467540740967,0.4782812297344208,,,
730,131579,,,,,,,-2.7626683712005615,0.9836898446083069,3.561224937438965
731,131599,,,,-3.634779453277588,0.39974337816238403,0.3709719777107239,,,
731,131649,,,,-3.213923931121826,0.6966238021850586,0.9776784181594849,,,
731,131699,,,,-3.3274545669555664,0.5776447057723999,0.7527759075164795,,,
731,131749,,,,-3.297689437866211,0.6540145874023438,0.8061782121658325,,,
731,131759,,,,,,,-2.7397496700286865,1.056950330734253,3.695371627807617
732,131799,,,,-4.023954391479492,0.2604300379753113,0.15141397714614868,,,
732,131849,,,,-3.454153060913086,0.5725188255310059,0.5622990131378174,,,
732,131899,,,,-3.531090021133423,0.4557844400405884,0.4710097014904022,,,
732,131939,,,,,,,-2.7715377807617188,0.9568057656288147,3.5381898880004883
733,131949,,,,-3.8193163871765137,0.42944926023483276,0.2425510585308075,,,
733,131999,,,,-3.7584497928619385,0.3110511898994446,0.27904269099235535,,,
733,132049,,,,-4.448581218719482,0.19007372856140137,0.0569559708237648,,,
733,132099,,,,-3.019326686859131,0.7560911178588867,1.5303585529327393,,,
733,132119,,,,,,,-2.617138624191284,1.1696189641952515,4.618497848510742
734,132149,,,,-4.01644229888916,0.3093201518058777,0.15405553579330444,,,
734,132199,,,,-4.0405073165893555,0.27603209018707275,0.14575126767158508,,,
734,132249,,,,-3.506890296936035,0.6087512969970703,0.4980000853538513,,,
734,132299,,,,-3.5036232471466064,0.43101805448532104,0.5017603635787964,,,
734,132299,,,,,,,-2.7045795917510986,1.165271282196045,3.8541455268859863
735,132349,,,,-2.7323155403137207,1.4544684886932373,2.9634952545166016,,,
735,132399,,,,-3.497905969619751,0.5259078145027161,0.5084101557731628,,,
735,132449,,,,-3.3132388591766357,0.7664070129394531,0.7778233885765076,,,
735,132479,,,,,,,-2.7156307697296143,1.1461200714111328,3.7885074615478516
736,132499,,,,-3.926684856414795,0.2935248613357544,0.18942400813102722,,,
736,132549,,,,-3.305792808532715,0.5626474618911743,0.7912740111351013,,,
736,132599,,,,-3.327582359313965,0.5845475792884827,0.7525543570518494,,,
736,132649,,,,-3.486119270324707,0.6648018956184387,0.522397518157959,,,
736,132659,,,,,,,-2.3631956577301025,1.6140671968460083,7.6604204177856445
737,132699,,,,-3.729774236679077,0.35870641469955444,0.29808878898620605,,,
737,132749,,,,-4.063730716705322,0.29599881172180176,0.13816231489181519,,,
737,132799,,,,-3.7660329341888428,0.3999524712562561,0.2742123603820801,,,
737,132839,,,,,,,-2.6737353801727295,1.0805763006210327,4.110228538513184
738,132849,,,,-3.6938986778259277,0.48108112812042236,0.3237585425376892,,,
738,132899,,,,-3.3381361961364746,0.648739755153656,0.73448646068573,,,
738,132949,,,,-4.324575424194336,0.19694364070892334,0.07577837258577347,,,
738,132999,,,,-2.974759578704834,0.9624573588371277,1.695744514465332,,,
738,133019,,,,,,,-2.6601316928863525,1.130769968032837,4.401029586791992
739,133049,,,,-3.530087471008301,0.43054187297821045,0.47209829092025757,,,
739,133099,,,,-3.8193840980529785,0.35936588048934937,0.24251383543014526,,,
739,133149,,,,-3.9352786540985107,0.28029096126556396,0.1857127845287323,,,
739,133199,,,,-3.727428674697876,0.3317055106163025,0.29970309138298035,,,
739,133199,,,,,,,-2.704913854598999,1.034164547920227,3.9204213619232178
740,133249,,,,-3.7491025924682617,0.3763669729232788,0.28511327505111694,,,
740,133299,,,,-3.438498020172119,0.4528297781944275,0.5829372406005859,,,
740,133349,,,,-2.8661723136901855,1.008329153060913,2.177448034286499,,,
740,133379,,,,,,,-2.6362719535827637,1.211748719215393,4.379142761230469
741,133399,,,,-3.3298959732055664,0.616491436958313,0.7485562562942505,,,
741,133449,,,,-3.3700342178344727,0.6493508815765381,0.6824738383293152,,,
741,133499,,,,-2.688671350479126,1.402195930480957,3.276789665222168,,,
741,133549,,,,-3.4967856407165527,0.4894261360168457,0.5097233057022095,,,
741,133559,,,,,,,-2.7420263290405273,0.9981361627578735,3.6930923461914062
742,133599,,,,-3.7705304622650146,0.3820433020591736,0.2713874876499176,,,
742,133649,,,,-3.5444581508636475,0.45563948154449463,0.45673292875289917,,,
742,133699,,,,-3.283937454223633,0.6869236826896667,0.8321130275726318,,,
742,133739,,,,,,,-2.5439839363098145,1.4077262878417969,5.227475643157959
743,133749,,,,-3.0227208137512207,1.0109474658966064,1.5184457302093506,,,
743,133799,,,,-3.3292038440704346,0.7069032788276672,0.7497496604919434,,,
743,133849,,,,-3.0381975173950195,0.7368124127388,1.4652873277664185,,,
743,133899,,,,-3.2341487407684326,0.6339165568351746,0.9331927299499512,,,
743,133919,,,,,,,-2.674903154373169,1.1963918209075928,4.042997360229492
744,133949,,,,-3.427057981491089,0.5740883946418762,0.5984975695610046,,,
744,133999,,,,-3.209537982940674,0.7100276947021484,0.9876022338867188,,,
744,134049,,,,-2.767207622528076,1.3584784269332886,2.734717607498169,,,
744,134099,,,,-3.7346723079681396,0.4133775234222412,0.2947460412979126,,,
744,134099,,,,,,,-2.6319944858551025,1.2572662830352783,4.304539203643799
745,134149,,,,-3.5967345237731934,0.4912412762641907,0.40493547916412354,,,
745,134199,,,,-3.5972166061401367,0.5191365480422974,0.4044860303401947,,,
745,134249,,,,-3.161771059036255,0.8667851686477661,1.1024253368377686,,,
745,134279,,,,,,,-2.754366159439087,0.9998539686203003,3.6194536685943604
746,134299,,,,-3.0669591426849365,0.9741621017456055,1.371389389038086,,,
746,134349,,,,-3.629507303237915,0.4764423370361328,0.375502347946167,,,
746,134399,,,,-2.7242913246154785,1.0455875396728516,3.0187602043151855,,,
746,134449,,,,-3.430539608001709,0.5037515759468079,0.5937179327011108,,,
746,134459,,,,,,,-2.7504091262817383,1.0256524085998535,3.674536943435669
747,134499,,,,-3.7485926151275635,0.4642185568809509,0.2854485511779785,,,
747,134549,,,,-3.6965415477752686,0.39861178398132324,0.3217948377132416,,,
747,134599,,,,-3.4854989051818848,0.49362945556640625,0.5231443643569946,,,
747,134639,,,,,,,-2.530324935913086,1.2536120414733887,5.374919414520264
748,134649,,,,-3.7391138076782227,0.38181406259536743,0.2917468547821045,,,
748,134699,,,,-3.435621738433838,0.6752366423606873,0.5868109464645386,,,
748,134749,,,,-3.761141061782837,0.325686514377594,0.2773183286190033,,,
748,134799,,,,-3.698988199234009,0.3701080083847046,0.31998658180236816,,,
748,134819,,,,,,,-2.773545026779175,0.9677295684814453,3.5670876502990723
749,134849,,,,-3.470914602279663,0.5289463996887207,0.5410107970237732,,,
749,134899,,,,-3.018864154815674,0.7658846974372864,1.5319911241531372,,,
749,134949,,,,-3.388240098953247,0.6065861582756042,0.6544556021690369,,,
749,134999,,,,-4.062407493591309,0.23755592107772827,0.13858380913734436,,,
749,134999,,,,,,,-2.7533817291259766,0.9848749041557312,3.6419742107391357
750,135049,,,,-4.018434047698975,0.33585530519485474,0.15335088968276978,,,
750,135099,,,,-2.8919453620910645,1.063789963722229,2.051987648010254,,,
750,135149,,,,-3.4835050106048584,0.5386981964111328,0.5255509614944458,,,
750,135179,,,,,,,-2.6144168376922607,1.3199727535247803,4.708792209625244
751,135199,,,,-3.8533570766448975,0.3437821865081787,0.22426557540893555,,,
751,135249,,,,-3.18117618560791,0.7576366662979126,1.0542504787445068,,,
751,135299,,,,-3.6216256618499756,0.43533778190612793,0.3823796212673187,,,
751,135349,,,,-4.019697666168213,0.28762197494506836,0.1529051512479782,,,
751,135359,,,,,,,-2.7194626331329346,1.0363845825195312,3.8836216926574707
752,135399,,,,-3.6821539402008057,0.3629268407821655,0.3326334059238434,,,
752,135449,,,,-2.8802759647369385,1.059216022491455,2.1078720092773438,,,
752,135499,,,,-4.112945556640625,0.26750320196151733,0.12336009740829468,,,
752,135539,,,,,,,-2.7213356494903564,1.0337492227554321,3.7803454399108887
753,135549,,,,-4.0108795166015625,0.3043217062950134,0.15604162216186523,,,
753,135599,,,,-3.8848485946655273,0.3241083025932312,0.20857958495616913,,,
753,135649,,,,-3.816429615020752,0.37985318899154663,0.24416890740394592,,,
753,135699,,,,-4.12235689163208,0.2685520648956299,0.12071529030799866,,,
753,135719,,,,,,,-2.76134991645813,0.9960827827453613,3.6189661026000977
754,135749,,,,-3.1137783527374268,0.8332321047782898,1.2312359809875488,,,
754,135799,,,,-3.3797128200531006,0.5778688192367554,0.6674322485923767,,,
754,135849,,,,-3.4530344009399414,0.5672724843025208,0.5637482404708862,,,
754,135899,,,,-3.624295234680176,0.42589086294174194,0.38003605604171753,,,
754,135899,,,,,,,-2.730926752090454,1.055458903312683,3.7737913131713867
755,135949,,,,-3.225193500518799,0.6432896256446838,0.9526346921920776,,,
755,135999,,,,-3.2457058429718018,0.6897060871124268,0.9086874127388,,,
755,136049,,,,-3.283097505569458,0.5463472604751587,0.8337247371673584,,,
755,136079,,,,,,,-2.6225926876068115,1.3659658432006836,4.474379539489746
756,136099,,,,-3.486741542816162,0.5888494849205017,0.5216495394706726,,,
756,136149,,,,-3.0499658584594727,0.9781391024589539,1.4261140823364258,,,
756,136199,,,,-3.6662497520446777,0.38754332065582275,0.3450409770011902,,,
756,136249,,,,-3.2575442790985107,0.5980393290519714,0.8842514157295227,,,
756,136259,,,,,,,-2.6968088150024414,1.1402959823608398,3.8712944984436035
757,136299,,,,-2.5452628135681152,1.6405456066131592,4.558871746063232,,,
757,136349,,,,-3.9286322593688965,0.31619399785995483,0.1885765790939331,,,
757,136399,,,,-3.4372763633728027,0.621097981929779,0.5845803022384644,,,
757,136439,,,,,,,-2.6084814071655273,1.187515377998352,4.80768346786499
758,136449,,,,-3.203660726547241,0.7022252678871155,1.0010586977005005,,,
758,136499,,,,-2.851041316986084,0.9767773151397705,2.254648208618164,,,
758,136549,,,,-3.404179573059082,0.6149325370788574,0.6308705806732178,,,
758,136599,,,,-4.017120361328125,0.31684476137161255,0.15381543338298798,,,
758,136619,,,,,,,-2.7293646335601807,1.0250120162963867,3.7022173404693604
759,136649,,,,-3.3665390014648438,0.6566168069839478,0.6879886388778687,,,
759,136699,,,,-3.7124481201171875,0.42777949571609497,0.3102215528488159,,,
759,136749,,,,-3.5267436504364014,0.5016815662384033,0.47574740648269653,,,
759,136799,,,,-3.3955790996551514,0.7113931179046631,0.6434885859489441,,,
759,136799,,,,,,,-2.488332748413086,1.5161741971969604,5.7887701988220215
760,136849,,,,-3.91875958442688,0.3539801836013794,0.19291254878044128,,,
760,136899,,,,-3.658937454223633,0.47517746686935425,0.35089898109436035,,,
760,136949,,,,-3.578211784362793,0.5186890959739685,0.42257967591285706,,,
760,136979,,,,,,,-2.73189640045166,1.0693700313568115,3.7617645263671875
761,136999,,,,-3.9711461067199707,0.3441331386566162,0.17099112272262573,,,
761,137049,,,,-3.402362823486328,0.5665754675865173,0.6335153579711914,,,
761,137099,,,,-3.8118414878845215,0.4308210611343384,0.24676218628883362,,,
761,137149,,,,-3.4182403087615967,0.6829096674919128,0.6107730865478516,,,
761,137159,,,,,,,-2.6929714679718018,1.073532223701477,3.8919308185577393
762,137199,,,,-3.980679750442505,0.3047192096710205,0.16727858781814575,,,
762,137249,,,,-3.3241353034973145,0.7368181347846985,0.7585507035255432,,,
762,137299,,,,-3.7921276092529297,0.36140966415405273,0.2582215964794159,,,
762,137339,,,,,,,-2.761775493621826,0.9762055277824402,3.6039955615997314
763,137349,,,,-3.3410890102386475,0.6302277445793152,0.7295098304748535,,,
763,137399,,,,-3.598485231399536,0.4692844748497009,0.4033066928386688,,,
763,137449,,,,-3.8852195739746094,0.3710993528366089,0.20840150117874146,,,
763,137499,,,,-3.8447625637054443,0.3702765703201294,0.2287484109401703,,,
763,137519,,,,,,,-2.751101016998291,0.9834219217300415,3.7157251834869385
764,137549,,,,-3.8715600967407227,0.32114964723587036,0.2150602638721466,,,
764,137599,,,,-3.7725155353546143,0.3885459303855896,0.27014976739883423,,,
764,137649,,,,-2.9673776626586914,0.979495108127594,1.724815011024475,,,
764,137699,,,,-3.064192056655884,0.7550228238105774,1.3801562786102295,,,
764,137699,,,,,,,-2.7241804599761963,0.9955073595046997,3.732123851776123
765,137749,,,,-3.2605912685394287,0.6355297565460205,0.878069281578064,,,
765,137799,,,,-3.7063164710998535,0.4914829134941101,0.31463223695755005,,,
765,137849,,,,-3.25585675239563,0.612456202507019,0.8876936435699463,,,
765,137879,,,,,,,-2.341359853744507,1.7816790342330933,7.962125778198242
766,137899,,,,-3.3588054180145264,0.7202860713005066,0.7003496289253235,,,
766,137949,,,,-3.6877620220184326,0.41368383169174194,0.3283664584159851,,,
766,137999,,,,-3.7179338932037354,0.3147454857826233,0.3063276410102844,,,
766,138049,,,,-3.681912899017334,0.4822724461555481,0.33281853795051575,,,
766,138059,,,,,,,-2.7890079021453857,0.941300094127655,3.4163167476654053
767,138099,,,,-3.6306400299072266,0.37604832649230957,0.37452393770217896,,,
767,138149,,,,-3.940430164337158,0.2610411047935486,0.18352271616458893,,,
767,138199,,,,-3.5771870613098145,0.5738644599914551,0.42357751727104187,,,
767,138239,,,,,,,-2.7384424209594727,1.0074881315231323,3.6565134525299072
768,138249,,,,-3.137242317199707,0.810901939868927,1.166480541229248,,,
768,138299,,,,-3.6348423957824707,0.4512856602668762,0.3709182143211365,,,
768,138349,,,,-3.473229169845581,0.5987916588783264,0.5381344556808472,,,
768,138399,,,,-3.6795496940612793,0.4500117897987366,0.3346344232559204,,,
768,138419,,,,,,,-2.771198034286499,0.9550801515579224,3.5115315914154053
769,138449,,,,-4.266986846923828,0.22355419397354126,0.08652348071336746,,,
769,138499,,,,-3.722682237625122,0.4663464426994324,0.302996426820755,,,
769,138549,,,,-3.77958345413208,0.40635013580322266,0.26578858494758606,,,
769,138599,,,,-3.2837541103363037,0.583263635635376,0.8324652314186096,,,
769,138599,,,,,,,-2.6951327323913574,1.0561437606811523,3.8957560062408447
770,138649,,,,-3.7082102298736572,0.4229643940925598,0.3132636249065399,,,
770,138699,,,,-3.4091267585754395,0.5846058130264282,0.623725175857544,,,
770,138749,,,,-3.3923757076263428,0.6278092265129089,0.6482524871826172,,,
770,138779,,,,,,,-2.745636224746704,0.9886837601661682,3.6194651126861572
771,138799,,,,-3.4538140296936035,0.6420735716819763,0.5627377033233643,,,
771,138849,,,,-3.47794508934021,0.6539062261581421,0.5323225855827332,,,
771,138899,,,,-3.5177035331726074,0.3658962845802307,0.4857538640499115,,,
771,138949,,,,-3.3675880432128906,0.6680260896682739,0.6863281726837158,,,
771,138959,,,,,,,-2.7644097805023193,0.9850380420684814,3.571814775466919
772,138999,,,,-4.134314060211182,0.26215797662734985,0.11743742227554321,,,
772,139049,,,,-3.371190071105957,0.5616270303726196,0.6806598901748657,,,
772,139099,,,,-4.23541784286499,0.23488575220108032,0.09304696321487427,,,
772,139139,,,,,,,-2.7199177742004395,1.0450865030288696,3.76304292678833
773,139149,,,,-3.471698760986328,0.5686090588569641,0.5400338172912598,,,
773,139199,,,,-3.9618515968322754,0.31906622648239136,0.17468982934951782,,,
773,139249,,,,-3.525538206100464,0.5394256114959717,0.4770694375038147,,,
773,139299,,,,-2.5502421855926514,1.3951748609542847,4.506899833679199,,,
773,139319,,,,,,,-2.650160312652588,1.1805894374847412,4.406337261199951
774,139349,,,,-3.550671100616455,0.5327631831169128,0.45024487376213074,,,
774,139399,,,,-3.190990924835205,0.8251579403877258,1.0306923389434814,,,
774,139449,,,,-3.622004985809326,0.4928017258644104,0.3820454478263855,,,
774,139499,,,,-3.8526668548583984,0.35070115327835083,0.22462248802185059,,,
774,139499,,,,,,,-2.6603970527648926,1.1257280111312866,4.173656463623047
775,139549,,,,-3.1778054237365723,0.7997094392776489,1.0624651908874512,,,
775,139599,,,,-3.6086370944976807,0.5703319311141968,0.3939882516860962,,,
775,139649,,,,-2.8861641883850098,1.0064154863357544,2.0794849395751953,,,
775,139679,,,,,,,-2.760197401046753,0.9801821112632751,3.6125645637512207
776,139699,,,,-3.451148271560669,0.5013560652732849,0.566203236579895,,,
776,139749,,,,-3.1469228267669678,0.7938411831855774,1.14076828956604,,,
776,139799,,,,-3.96977162361145,0.3081728219985962,0.171533465385437,,,
776,139849,,,,-3.973842144012451,0.3341338038444519,0.1699332743883133,,,
776,139859,,,,,,,-2.715378999710083,1.108365535736084,3.9649739265441895
777,139899,,,,-3.7546327114105225,0.4390980005264282,0.281505823135376,,,
777,139949,,,,-3.4707319736480713,0.6461519002914429,0.5412373542785645,,,
777,139999,,,,-3.0052218437194824,1.1156017780303955,1.5808782577514648,,,
777,140039,,,,,,,-2.7294507026672363,1.0446677207946777,3.764258623123169
778,140049,,,,-3.4604620933532715,0.5779891014099121,0.5541889071464539,,,
778,140099,,,,-3.6988472938537598,0.4121049642562866,0.3200901448726654,,,
778,140149,,,,-3.779888153076172,0.4061688780784607,0.26560211181640625,,,
778,140199,,,,-3.658010959625244,0.46560031175613403,0.3516487181186676,,,
778,140219,,,,,,,-2.7236409187316895,1.079827070236206,3.9137158393859863
779,140249,,,,-3.0780320167541504,0.7121226787567139,1.3368654251098633,,,
779,140299,,,,-3.4570772647857666,0.4695618152618408,0.5585256218910217,,,
779,140349,,,,-3.6963143348693848,0.45714378356933594,0.32196304202079773,,,
779,140399,,,,-3.3073081970214844,0.5387207269668579,0.7885189652442932,,,
779,140399,,,,,,,-2.7252795696258545,1.0635085105895996,3.9930262565612793
780,140449,,,,-3.5465500354766846,0.5655462145805359,0.4545373320579529,,,
780,140499,,,,-3.429182529449463,0.6564711332321167,0.5955766439437866,,,
780,140549,,,,-3.8158316612243652,0.34277212619781494,0.24450552463531494,,,
780,140579,,,,,,,-2.650371551513672,1.2901222705841064,4.295795440673828
781,140599,,,,-3.599703311920166,0.49005359411239624,0.4021763503551483,,,
781,140649,,,,-3.485294818878174,0.6141565442085266,0.5233898162841797,,,
781,140699,,,,-3.642261505126953,0.41129863262176514,0.36463531851768494,,,
781,140749,,,,-4.059066295623779,0.26130104064941406,0.13965417444705963,,,
781,140759,,,,,,,-2.7028117179870605,1.1399561166763306,3.9020280838012695
782,140799,,,,-3.139185905456543,0.7670196890830994,1.1612721681594849,,,
782,140849,,,,-3.455667734146118,0.5969741344451904,0.5603411793708801,,,
782,140899,,,,-4.128510475158691,0.2736569046974182,0.11901718378067017,,,
782,140939,,,,,,,-2.7207274436950684,1.0389097929000854,3.7890005111694336
783,140949,,,,-3.5758402347564697,0.49974799156188965,0.4248933792114258,,,
783,140999,,,,-3.1278584003448486,0.8677407503128052,1.191959261894226,,,
783,141049,,,,-3.0229713916778564,0.7621784806251526,1.5175695419311523,,,
783,141099,,,,-3.4515862464904785,0.46141761541366577,0.5656323432922363,,,
783,141119,,,,,,,-2.7000699043273926,1.1455427408218384,4.066105365753174
784,141149,,,,-3.4742729663848877,0.5169965028762817,0.5368425846099854,,,
784,141199,,,,-3.3676507472991943,0.5667288899421692,0.6862295866012573,,,
784,141249,,,,-2.5279524326324463,1.7711176872253418,4.744248867034912,,,
784,141299,,,,-3.3458995819091797,0.7316256165504456,0.7214733362197876,,,
784,141299,,,,,,,-2.6640567779541016,1.2814562320709229,4.117741584777832
785,141349,,,,-3.7412521839141846,0.2927020192146301,0.2903135418891907,,,
785,141399,,,,-3.5734307765960693,0.4791562557220459,0.42725715041160583,,,
785,141449,,,,-3.808004856109619,0.3827627897262573,0.24895186722278595,,,
785,141479,,,,,,,-2.7435381412506104,1.0039201974868774,3.5434741973876953
786,141499,,,,-4.0271830558776855,0.29208433628082275,0.15029236674308777,,,
786,141549,,,,-3.4938101768493652,0.5402106642723083,0.5132273435592651,,,
786,141599,,,,-3.3756844997406006,0.6846920251846313,0.6736524105072021,,,
786,141649,,,,-3.2895171642303467,0.6558558940887451,0.8214914798736572,,,
786,141659,,,,,,,-2.548957586288452,1.3655706644058228,5.099668025970459
787,141699,,,,-3.7370247840881348,0.45689380168914795,0.29315370321273804,,,
787,141749,,,,-4.110174179077148,0.2700175642967224,0.12414978444576263,,,
787,141799,,,,-3.665468454360962,0.4358421564102173,0.345661997795105,,,
787,141839,,,,,,,-2.6418912410736084,1.1855740547180176,4.310416221618652
788,141849,,,,-3.993070602416992,0.31421178579330444,0.16257354617118835,,,
788,141899,,,,-3.0445165634155273,0.767367959022522,1.4441213607788086,,,
788,141949,,,,-3.830519914627075,0.39100122451782227,0.23637454211711884,,,
788,141999,,,,-3.2460060119628906,0.8088483214378357,0.9080592393875122,,,
788,142019,,,,,,,-2.736659288406372,1.0254677534103394,3.7213282585144043
789,142049,,,,-3.1211800575256348,0.9656969904899597,1.2104313373565674,,,
789,142099,,,,-3.464796304702759,0.5455412268638611,0.5486857891082764,,,
789,142149,,,,-3.6606802940368652,0.42157989740371704,0.34949401021003723,,,
789,142199,,,,-4.060377597808838,0.31424200534820557,0.13923290371894836,,,
789,142199,,,,,,,-2.6944727897644043,1.0475831031799316,3.88887619972229
790,142249,,,,-3.6851298809051514,0.4829092025756836,0.3303619623184204,,,
790,142299,,,,-2.9677393436431885,0.9165725111961365,1.7233777046203613,,,
790,142349,,,,-3.992953062057495,0.3155006766319275,0.16261723637580872,,,
790,142379,,,,,,,-2.737791061401367,0.9976086616516113,3.7996978759765625
791,142399,,,,-3.4408376216888428,0.6749890446662903,0.5798059701919556,,,
791,142449,,,,-3.4249424934387207,0.48512935638427734,0.6014199256896973,,,
791,142499,,,,-3.640286684036255,0.49548518657684326,0.36629682779312134,,,
791,142549,,,,-3.1798315048217773,0.8011369109153748,1.057520866394043,,,
791,142559,,,,,,,-2.6866629123687744,1.0856729745864868,4.024328708648682
792,142599,,,,-2.9978930950164795,0.8266746997833252,1.6077829599380493,,,
792,142649,,,,-3.089965343475342,0.7853023409843445,1.3006327152252197,,,
792,142699,,,,-3.188506841659546,0.892248809337616,1.036604881286621,,,
792,142739,,,,,,,-2.662972927093506,1.1769195795059204,4.096315860748291
793,142749,,,,-3.714895486831665,0.36952102184295654,0.30847787857055664,,,
793,142799,,,,-3.6220450401306152,0.4239687919616699,0.3820103406906128,,,
793,142849,,,,-4.0480170249938965,0.23343902826309204,0.14325284957885742,,,
793,142899,,,,-3.4912402629852295,0.632834255695343,0.516273021697998,,,
793,142919,,,,,,,-2.7758007049560547,0.9514514803886414,3.5206990242004395
794,142949,,,,-3.8442444801330566,0.3634358048439026,0.22902068495750427,,,
794,142999,,,,-4.4179277420043945,0.21630489826202393,0.06112135946750641,,,
794,143049,,,,-4.18897819519043,0.25886815786361694,0.1035480797290802,,,
794,143099,,,,-3.6200902462005615,0.48377156257629395,0.383733868598938,,,
794,143099,,,,,,,-2.7515015602111816,0.9866301417350769,3.718024730682373
795,143149,,,,-4.114717960357666,0.2584121823310852,0.12285777181386948,,,
795,143199,,,,-4.218719005584717,0.2240237593650818,0.0966944471001625,,,
795,143249,,,,-4.31123161315918,0.2080286741256714,0.07814248651266098,,,
795,143279,,,,,,,-2.610261917114258,1.3330705165863037,4.549165725708008
796,143299,,,,-3.025578022003174,0.8151888251304626,1.508488416671753,,,
796,143349,,,,-2.967308521270752,0.9400082230567932,1.7250893115997314,,,
796,143399,,,,-3.6959621906280518,0.4447806477546692,0.3222241997718811,,,
796,143449,,,,-3.8945047855377197,0.34934288263320923,0.20399340987205505,,,
796,143459,,,,,,,-2.7241740226745605,1.151525616645813,3.7754781246185303
797,143499,,,,-3.853148937225342,0.35987550020217896,0.22437343001365662,,,
797,143549,,,,-3.831713914871216,0.388063907623291,0.23572513461112976,,,
797,143599,,,,-3.390202045440674,0.7052858471870422,0.6515052914619446,,,
797,143639,,,,,,,-2.7444698810577393,1.0719109773635864,3.678209066390991
798,143649,,,,-3.9801487922668457,0.3450637459754944,0.16748353838920593,,,
798,143699,,,,-3.7073230743408203,0.4608784317970276,0.3139041066169739,,,
798,143749,,,,-3.2488505840301514,0.6394050121307373,0.9021302461624146,,,
798,143799,,,,-3.923879623413086,0.3361785411834717,0.19065149128437042,,,
798,143819,,,,,,,-2.75429105758667,1.0162256956100464,3.743788242340088
799,143849,,,,-3.504298686981201,0.5576045513153076,0.5009810924530029,,,
799,143899,,,,-3.641164779663086,0.4340514540672302,0.36555716395378113,,,
799,143949,,,,-3.503337860107422,0.539972186088562,0.5020910501480103,,,
799,143999,,,,-3.766267776489258,0.39502406120300293,0.2740643322467804,,,
799,143999,,,,,,,-2.7523245811462402,0.9806942343711853,3.586343765258789
800,144049,,,,-2.970092535018921,1.0377981662750244,1.714066743850708,,,
800,144099,,,,-3.4659950733184814,0.5205131769180298,0.5471734404563904,,,
800,144149,,,,-3.5390512943267822,0.484602153301239,0.4624543786048889,,,
800,144179,,,,,,,-2.700387716293335,1.0859251022338867,3.9303805828094482
801,144199,,,,-3.8973007202148438,0.27534860372543335,0.20268382132053375,,,
801,144249,,,,-3.0289456844329834,1.029567003250122,1.4968352317810059,,,
801,144299,,,,-3.4975852966308594,0.5091656446456909,0.5087853670120239,,,
801,144349,,,,-3.5996668338775635,0.4672761559486389,0.4022098481655121,,,
801,144359,,,,,,,-2.76371431350708,0.9710582494735718,3.6284022331237793
802,144399,,,,-4.180062294006348,0.23926925659179688,0.10569587349891663,,,
802,144449,,,,-3.784172773361206,0.4060038924217224,0.2629947364330292,,,
802,144499,,,,-3.313615560531616,0.7938368916511536,0.7771496772766113,,,
802,144539,,,,,,,-2.7302956581115723,1.0182387828826904,3.8039050102233887
803,144549,,,,-3.687204360961914,0.4906572699546814,0.32878807187080383,,,
803,144599,,,,-3.8223979473114014,0.3037719130516052,0.24083644151687622,,,
803,144649,,,,-3.4193384647369385,0.6156595349311829,0.6092307567596436,,,
803,144699,,,,-4.622623920440674,0.14606720209121704,0.03815016523003578,,,
803,144719,,,,,,,-2.695711374282837,1.0817350149154663,3.895250082015991
804,144749,,,,-3.3940963745117188,0.6215478181838989,0.6456891298294067,,,
804,144799,,,,-4.127463340759277,0.23219501972198486,0.11930470168590546,,,
804,144849,,,,-4.157742500305176,0.2308160662651062,0.1112700030207634,,,
804,144899,,,,-3.1821227073669434,0.7414442300796509,1.0519553422927856,,,
804,144899,,,,,,,-2.707960605621338,1.1286981105804443,4.084198474884033
805,144949,,,,-3.7957465648651123,0.4023049473762512,0.25607842206954956,,,
805,144999,,,,-3.736992597579956,0.3929223418235779,0.29317551851272583,,,
805,145049,,,,-2.960016965866089,1.1657381057739258,1.7542972564697266,,,
805,145079,,,,,,,-2.713728904724121,1.1583316326141357,3.7248427867889404
806,145099,,,,-3.8416645526885986,0.30585211515426636,0.23038558661937714,,,
806,145149,,,,-3.326162099838257,0.801897406578064,0.7550190091133118,,,
806,145199,,,,-3.9252896308898926,0.3306116461753845,0.19003373384475708,,,
806,145249,,,,-3.538877487182617,0.570364236831665,0.4626392126083374,,,
806,145259,,,,,,,-2.6401772499084473,1.1836833953857422,4.299721717834473
807,145299,,,,-3.937741756439209,0.30356836318969727,0.18466220796108246,,,
807,145349,,,,-3.400663137435913,0.49905771017074585,0.6359996795654297,,,
807,145399,,,,-3.7996714115142822,0.40021461248397827,0.25377529859542847,,,
807,145439,,,,,,,-2.7338032722473145,1.0889090299606323,3.745439052581787
808,145449,,,,-4.144911289215088,0.25270503759384155,0.11460636556148529,,,
808,145499,,,,-3.707916021347046,0.40484416484832764,0.31347593665122986,,,
808,145549,,,,-3.2292449474334717,0.6760034561157227,0.9437887668609619,,,
808,145599,,,,-4.179717063903809,0.2557700276374817,0.10577982664108276,,,
808,145619,,,,,,,-2.6959328651428223,1.2181944847106934,4.007284641265869
809,145649,,,,-4.018857002258301,0.2794404625892639,0.1532016098499298,,,
809,145699,,,,-3.4617154598236084,0.4294735789299011,0.5525916218757629,,,
809,145749,,,,-3.2025258541107178,0.6843053102493286,1.0036779642105103,,,
809,145799,,,,-4.218923568725586,0.22565555572509766,0.09664900600910187,,,
809,145799,,,,,,,-2.773402452468872,0.9562502503395081,3.509648561477661
810,145849,,,,-3.6034998893737793,0.5132501125335693,0.398675799369812,,,
810,145899,,,,-3.3164215087890625,0.5660025477409363,0.7721450328826904,,,
810,145949,,,,-3.859255790710449,0.3402745723724365,0.22124052047729492,,,
810,145979,,,,,,,-2.758527994155884,0.9622677564620972,3.5986545085906982
811,145999,,,,-3.3305087089538574,0.7089060544967651,0.7475007176399231,,,
811,146049,,,,-3.5125138759613037,0.5633037090301514,0.49159330129623413,,,
811,146099,,,,-3.1326119899749756,0.7772058248519897,1.1789848804473877,,,
811,146149,,,,-3.4570226669311523,0.4901937246322632,0.5585947632789612,,,
811,146159,,,,,,,-2.682689666748047,1.249263048171997,4.021206378936768
812,146199,,,,-3.5248405933380127,0.5410656929016113,0.47783616185188293,,,
812,146249,,,,-3.060206651687622,0.8172925710678101,1.392878770828247,,,
812,146299,,,,-3.8018763065338135,0.41210561990737915,0.25248944759368896,,,
812,146339,,,,,,,-2.7734217643737793,0.9501709938049316,3.3837201595306396
813,146349,,,,-3.860835075378418,0.38421833515167236,0.22043724358081818,,,
813,146399,,,,-3.7212016582489014,0.4343518018722534,0.30403122305870056,,,
813,146449,,,,-3.267280101776123,0.6653964519500732,0.8646489977836609,,,
813,146499,,,,-4.565207481384277,0.14848381280899048,0.043542489409446716,,,
813,146519,,,,,,,-2.770209789276123,0.9556101560592651,3.5009567737579346
814,146549,,,,-3.5814123153686523,0.3912281394004822,0.41947636008262634,,,
814,146599,,,,-3.671112537384033,0.41518086194992065,0.3411988914012909,,,
814,146649,,,,-3.401430606842041,0.6529837846755981,0.6348770260810852,,,
814,146699,,,,-3.1863319873809814,0.8595821857452393,1.04180908203125,,,
814,146699,,,,,,,-2.7274699211120605,1.119305968284607,3.702465534210205
815,146749,,,,-3.3112409114837646,0.6363526582717896,0.7814098000526428,,,
815,146799,,,,-4.088721752166748,0.2895396947860718,0.1304367184638977,,,
815,146849,,,,-2.8575592041015625,1.0471274852752686,2.2210631370544434,,,
815,146879,,,,,,,-2.5855391025543213,1.389551043510437,4.973998546600342
816,146899,,,,-3.6550209522247314,0.5161020755767822,0.3540779948234558,,,
816,146949,,,,-3.9139187335968018,0.3560062050819397,0.19507454335689545,,,
816,146999,,,,-3.3651013374328613,0.4980786442756653,0.6902698278427124,,,
816,147049,,,,-2.944132089614868,0.8901864886283875,1.819650650024414,,,
816,147059,,,,,,,-2.7228031158447266,1.0284169912338257,3.7528820037841797
817,147099,,,,-3.3968701362609863,0.5482883453369141,0.6415793299674988,,,
817,147149,,,,-3.4839353561401367,0.574637770652771,0.5250308513641357,,,
817,147199,,,,-3.8313076496124268,0.3619816303253174,0.23594576120376587,,,
817,147239,,,,,,,-2.682448387145996,1.0918680429458618,3.972989082336426
818,147249,,,,-3.587041139602661,0.5147407650947571,0.41407516598701477,,,
818,147299,,,,-3.163975238800049,0.8135603070259094,1.096843957901001,,,
818,147349,,,,-3.876699686050415,0.3461056351661682,0.2125300019979477,,,
818,147399,,,,-3.8412275314331055,0.3676949739456177,0.23061791062355042,,,
818,147419,,,,,,,-2.7859904766082764,0.9576719999313354,3.398974895477295
819,147449,,,,-3.397928237915039,0.4390501379966736,0.6400172710418701,,,
819,147499,,,,-3.0890872478485107,0.9786167144775391,1.3032658100128174,,,
819,147549,,,,-3.6829335689544678,0.3648163676261902,0.33203721046447754,,,
819,147599,,,,-3.5188069343566895,0.5008840560913086,0.4845213294029236,,,
819,147599,,,,,,,-2.7423555850982666,1.0912294387817383,3.639106512069702
820,147649,,,,-3.987804651260376,0.29493987560272217,0.1645570993423462,,,
820,147699,,,,-4.080045700073242,0.2935928702354431,0.13306842744350433,,,
820,147749,,,,-3.584059476852417,0.5255722403526306,0.4169275164604187,,,
820,147779,,,,,,,-2.710298776626587,1.049564003944397,3.795790910720825
821,147799,,,,-3.1287760734558105,0.6341882944107056,1.1894434690475464,,,
821,147849,,,,-4.1748151779174805,0.23747283220291138,0.10698044300079346,,,
821,147899,,,,-4.118199348449707,0.2677740454673767,0.12187659740447998,,,
821,147949,,,,-3.4842476844787598,0.6056877374649048,0.5246533155441284,,,
821,147959,,,,,,,-2.6949658393859863,1.2732443809509277,3.885247230529785
822,147999,,,,-3.990769386291504,0.30958789587020874,0.16343723237514496,,,
822,148049,,,,-3.8785717487335205,0.31905317306518555,0.2116159349679947,,,
822,148099,,,,-3.3127684593200684,0.6944392919540405,0.7786665558815002,,,
822,148139,,,,,,,-2.7684695720672607,0.9702066779136658,3.490056276321411
823,148149,,,,-3.0698177814483643,0.8439719080924988,1.3623932600021362,,,
823,148199,,,,-3.41243052482605,0.562605082988739,0.6189982891082764,,,
823,148249,,,,-3.9779555797576904,0.3368750214576721,0.16833120584487915,,,
823,148299,,,,-4.388723850250244,0.18131428956985474,0.06537264585494995,,,
823,148319,,,,,,,-2.636814832687378,1.3122135400772095,4.407543659210205
824,148349,,,,-3.783559799194336,0.3971003293991089,0.2633664608001709,,,
824,148399,,,,-3.8173835277557373,0.36952316761016846,0.24363334476947784,,,
824,148449,,,,-4.011295318603516,0.23493415117263794,0.15589235723018646,,,
824,148499,,,,-4.213466644287109,0.26018184423446655,0.09787117689847946,,,
824,148499,,,,,,,-2.792945384979248,0.9198647141456604,3.3919825553894043
825,148549,,,,-3.9788551330566406,0.36832863092422485,0.16798296570777893,,,
825,148599,,,,-3.909025192260742,0.3580612540245056,0.19728541374206543,,,
825,148649,,,,-3.434964656829834,0.5666862726211548,0.5876994132995605,,,
825,148679,,,,,,,-2.744840621948242,0.9902964234352112,3.714479923248291
826,148699,,,,-3.976623296737671,0.337472140789032,0.16884830594062805,,,
826,148749,,,,-3.483898878097534,0.4926120638847351,0.5250750780105591,,,
826,148799,,,,-3.674312114715576,0.4622277021408081,0.33869481086730957,,,
826,148849,,,,-4.057251930236816,0.27337896823883057,0.14023879170417786,,,
826,148859,,,,,,,-2.7223050594329834,1.0498285293579102,3.7687275409698486
827,148899,,,,-3.702416181564331,0.45829129219055176,0.31747084856033325,,,
827,148949,,,,-3.591057777404785,0.48203539848327637,0.41026297211647034,,,
827,148999,,,,-3.7841944694519043,0.4294200539588928,0.26298150420188904,,,
827,149039,,,,,,,-2.7613229751586914,0.9814385175704956,3.5738298892974854
828,149049,,,,-3.723741292953491,0.4708927273750305,0.3022584915161133,,,
828,149099,,,,-3.3435628414154053,0.559116542339325,0.7253661155700684,,,
828,149149,,,,-4.0439887046813965,0.29866182804107666,0.14458808302879333,,,
828,149199,,,,-3.12972354888916,0.6973072290420532,1.186851978302002,,,
828,149219,,,,,,,-2.520542621612549,1.522735357284546,5.344212532043457
829,149249,,,,-3.4820451736450195,0.49565041065216064,0.5273212790489197,,,
829,149299,,,,-3.389591932296753,0.5373789072036743,0.6524215936660767,,,
829,149349,,,,-3.9664483070373535,0.34563779830932617,0.17285121977329254,,,
829,149399,,,,-3.9084722995758057,0.3516737222671509,0.19753676652908325,,,
829,149399,,,,,,,-2.7255213260650635,1.0223841667175293,3.7023205757141113
830,149449,,,,-3.6327714920043945,0.4503830075263977,0.37269097566604614,,,
830,149499,,,,-3.763425588607788,0.2628209590911865,0.275863915681839,,,
830,149549,,,,-3.386486768722534,0.5373354554176331,0.6571028232574463,,,
830,149579,,,,,,,-2.7618930339813232,0.9495444893836975,3.5503013134002686
831,149599,,,,-3.693711519241333,0.40513014793395996,0.323898583650589,,,
831,149649,,,,-3.5272951126098633,0.4947240352630615,0.4751438498497009,,,
831,149699,,,,-3.9326961040496826,0.3200880289077759,0.18682029843330383,,,
831,149749,,,,-3.613589286804199,0.4840790629386902,0.38952136039733887,,,
831,149759,,,,,,,-2.711132287979126,1.0525346994400024,3.7838172912597656
832,149799,,,,-3.9908692836761475,0.2787969708442688,0.16339977085590363,,,
832,149849,,,,-3.4204792976379395,0.5847309231758118,0.6076319813728333,,,
832,149899,,,,-2.8344924449920654,1.056633472442627,2.342219352722168,,,
832,149939,,,,,,,-2.7695443630218506,0.9789727330207825,3.525531053543091
833,149949,,,,-3.5179221630096436,0.5892418622970581,0.4855090081691742,,,
833,149999,,,,-3.8511016368865967,0.34953004121780396,0.22543352842330933,,,
833,150049,,,,-3.0257723331451416,0.9631423950195312,1.5078136920928955,,,
833,150099,,,,-3.2972800731658936,0.7007353901863098,0.8069376945495605,,,
833,150119,,,,,,,-2.7436108589172363,1.0561528205871582,3.701587200164795
834,150149,,,,-3.707808017730713,0.4647950530052185,0.3135538101196289,,,
834,150199,,,,-3.454557418823242,0.5320819020271301,0.5617758631706238,,,
834,150249,,,,-3.3548452854156494,0.5931912660598755,0.7067646980285645,,,
834,150299,,,,-3.3631656169891357,0.6331297755241394,0.6933534145355225,,,
834,150299,,,,,,,-2.7514710426330566,1.0846757888793945,3.7950243949890137
835,150349,,,,-2.9619438648223877,1.009616494178772,1.7465311288833618,,,
835,150399,,,,-3.6897213459014893,0.3672671318054199,0.32688742876052856,,,
835,150449,,,,-3.92038893699646,0.3177242875099182,0.19219012558460236,,,
835,150479,,,,,,,-2.5751149654388428,1.4154510498046875,4.806264400482178
836,150499,,,,-3.577256679534912,0.5421515107154846,0.42350977659225464,,,
836,150549,,,,-3.67453932762146,0.43198341131210327,0.3385173976421356,,,
836,150599,,,,-3.6643199920654297,0.39512789249420166,0.34657761454582214,,,
836,150649,,,,-3.824110507965088,0.33402878046035767,0.239888533949852,,,
836,150659,,,,,,,-2.709629535675049,1.0641740560531616,4.065466403961182
837,150699,,,,-3.7258520126342773,0.4351632595062256,0.30079343914985657,,,
837,150749,,,,-3.7136173248291016,0.4570465683937073,0.3093876242637634,,,
837,150799,,,,-2.8156898021698,0.8967954516410828,2.4458518028259277,,,
837,150839,,,,,,,-2.649075984954834,1.3846700191497803,4.465714931488037
838,150849,,,,-2.7161145210266113,1.1590924263000488,3.0761358737945557,,,
838,150899,,,,-3.7833220958709717,0.3967145085334778,0.26351070404052734,,,
838,150949,,,,-3.6946582794189453,0.47800618410110474,0.32319316267967224,,,
838,150999,,,,-3.9138596057891846,0.3310391306877136,0.19510136544704437,,,
838,151019,,,,,,,-2.6899495124816895,1.109552025794983,4.100287437438965
839,151049,,,,-3.311469316482544,0.706942081451416,0.7809995412826538,,,
839,151099,,,,-3.448105573654175,0.5060256123542786,0.5701832175254822,,,
839,151149,,,,-3.790022611618042,0.4029700756072998,0.2594756484031677,,,
839,151199,,,,-2.9448204040527344,0.880088746547699,1.816767692565918,,,
839,151199,,,,,,,-2.7069993019104004,1.0631581544876099,4.0520920753479
840,151249,,,,-3.7651755809783936,0.41029810905456543,0.27475425601005554,,,
840,151299,,,,-3.3778908252716064,0.5806711912155151,0.6702382564544678,,,
840,151349,,,,-3.107167959213257,0.8032318353652954,1.2501206398010254,,,
840,151379,,,,,,,-2.6248223781585693,1.2229646444320679,4.566927909851074
841,151399,,,,-4.073215484619141,0.277789831161499,0.1351774036884308,,,
841,151449,,,,-3.489147901535034,0.6051530838012695,0.5187667608261108,,,
841,151499,,,,-3.5474069118499756,0.5629216432571411,0.4536416530609131,,,
841,151549,,,,-3.587930679321289,0.4869493842124939,0.41322779655456543,,,
841,151559,,,,,,,-2.5956711769104004,1.2794049978256226,4.703817367553711
842,151599,,,,-2.792266368865967,0.9841452240943909,2.5813891887664795,,,
842,151649,,,,-3.3530654907226562,0.7046628594398499,0.709667444229126,,,
842,151699,,,,-3.274130344390869,0.8196337819099426,0.8511185646057129,,,
842,151739,,,,,,,-2.6808831691741943,1.0974236726760864,4.161667346954346
843,151749,,,,-3.7365455627441406,0.33923977613449097,0.29347744584083557,,,
843,151799,,,,-3.5790152549743652,0.527542233467102,0.42179834842681885,,,
843,151849,,,,-3.3339807987213135,0.679617166519165,0.7415469884872437,,,
843,151899,,,,-4.265328407287598,0.24057918787002563,0.08685433119535446,,,
843,151919,,,,,,,-2.7969250679016113,0.9288853406906128,3.497774839401245
844,151949,,,,-3.1455750465393066,0.6903043389320374,1.1443126201629639,,,
844,151999,,,,-3.697094202041626,0.3987605571746826,0.321384996175766,,,
844,152049,,,,-3.2609670162200928,0.742818295955658,0.8773099184036255,,,
844,152099,,,,-3.976979970932007,0.27775847911834717,0.1687096208333969,,,
844,152099,,,,,,,-2.752558946609497,0.9854843616485596,3.7049291133880615
845,152149,,,,-3.537874698638916,0.5493146777153015,0.46370893716812134,,,
845,152199,,,,-4.428799629211426,0.18573832511901855,0.05961015820503235,,,
845,152249,,,,-3.829512357711792,0.3100723624229431,0.2369234263896942,,,
845,152279,,,,,,,-2.7110705375671387,1.1287428140640259,4.029348850250244
846,152299,,,,-3.3683695793151855,0.452750027179718,0.6850942373275757,,,
846,152349,,,,-3.6377673149108887,0.43504559993743896,0.3684285879135132,,,
846,152399,,,,-3.761136054992676,0.3776066303253174,0.2773214876651764,,,
846,152449,,,,-4.044383525848389,0.2874276041984558,0.14445646107196808,,,
846,152459,,,,,,,-2.7306034564971924,1.1057788133621216,3.7914674282073975
847,152499,,,,-4.215224742889404,0.22421813011169434,0.09747546911239624,,,
847,152549,,,,-4.009518146514893,0.28476983308792114,0.15653149783611298,,,
847,152599,,,,-3.914048433303833,0.3031632900238037,0.19501657783985138,,,
847,152639,,,,,,,-2.723529577255249,0.9942309260368347,3.908189535140991
848,152649,,,,-3.9925425052642822,0.29829418659210205,0.16277118027210236,,,
848,152699,,,,-3.8808376789093018,0.34626418352127075,0.21051499247550964,,,
848,152749,,,,-3.6594314575195312,0.45733410120010376,0.35050010681152344,,,
848,152799,,,,-4.180639266967773,0.22926318645477295,0.1055552214384079,,,
848,152819,,,,,,,-2.690816879272461,1.0510536432266235,4.1332879066467285
849,152849,,,,-4.242652416229248,0.21614766120910645,0.09150978177785873,,,
849,152899,,,,-3.4434821605682373,0.5264198780059814,0.5762849450111389,,,
849,152949,,,,-3.9155709743499756,0.3158903121948242,0.1943345069885254,,,
849,152999,,,,-3.996633291244507,0.29458683729171753,0.16124537587165833,,,
849,152999,,,,,,,-2.73760986328125,1.0958178043365479,3.6888043880462646
850,153049,,,,-4.463174343109131,0.1888834834098816,0.05507398396730423,,,
850,153099,,,,-3.2453341484069824,0.7127577066421509,0.9094654321670532,,,
850,153149,,,,-3.618678331375122,0.5030679702758789,0.38498300313949585,,,
850,153179,,,,,,,-2.642062187194824,1.166725993156433,4.463226318359375
851,153199,,,,-3.016263484954834,0.623347818851471,1.5411916971206665,,,
851,153249,,,,-3.8149497509002686,0.31251317262649536,0.24500232934951782,,,
851,153299,,,,-3.5614209175109863,0.5075390934944153,0.43923693895339966,,,
851,153349,,,,-3.678908109664917,0.4122272729873657,0.33512887358665466,,,
851,153359,,,,,,,-2.723909616470337,1.0449950695037842,3.943110704421997
852,153399,,,,-4.295068740844727,0.22819209098815918,0.08110587298870087,,,
852,153449,,,,-3.489830732345581,0.5058289766311646,0.5179510116577148,,,
852,153499,,,,-2.9355547428131104,0.9630649089813232,1.8559449911117554,,,
852,153539,,,,,,,-2.666465997695923,1.1233093738555908,4.233030319213867
853,153549,,,,-3.231804132461548,0.7001346945762634,0.9382440447807312,,,
853,153599,,,,-3.5238304138183594,0.503743588924408,0.47894957661628723,,,
853,153649,,,,-3.1882214546203613,0.7376932501792908,1.0372860431671143,,,
853,153699,,,,-3.5683646202087402,0.44805097579956055,0.43227046728134155,,,
853,153719,,,,,,,-2.735821485519409,1.0089513063430786,3.7993006706237793
854,153749,,,,-3.513181209564209,0.41204071044921875,0.49083882570266724,,,
854,153799,,,,-3.81472110748291,0.43034374713897705,0.24513110518455505,,,
854,153849,,,,-3.483325719833374,0.5523877739906311,0.5257685780525208,,,
854,153899,,,,-3.4002695083618164,0.5507270097732544,0.6365768909454346,,,
854,153899,,,,,,,-2.5998454093933105,1.2792733907699585,4.7180304527282715
855,153949,,,,-3.561772584915161,0.4845249652862549,0.43888166546821594,,,
855,153999,,,,-3.406890630722046,0.633563220500946,0.6269446611404419,,,
855,154049,,,,-3.302147388458252,0.6225798726081848,0.7979440689086914,,,
855,154079,,,,,,,-2.7617745399475098,0.9911859631538391,3.6034560203552246
856,154099,,,,-3.2716856002807617,0.73806232213974,0.8559228181838989,,,
856,154149,,,,-3.8051869869232178,0.3855205178260803,0.2505725920200348,,,
856,154199,,,,-3.8589584827423096,0.3972034454345703,0.2213919460773468,,,
856,154249,,,,-3.3172707557678223,0.6955062747001648,0.7706366777420044,,,
856,154259,,,,,,,-2.6781508922576904,1.1538525819778442,4.055952548980713
857,154299,,,,-3.962533473968506,0.2909698486328125,0.17441639304161072,,,
857,154349,,,,-3.469064474105835,0.5583906769752502,0.5433201193809509,,,
857,154399,,,,-3.728935480117798,0.36687642335891724,0.298664927482605,,,
857,154439,,,,,,,-2.679201364517212,1.2296580076217651,4.17290735244751
858,154449,,,,-3.6565608978271484,0.484768807888031,0.3528253436088562,,,
858,154499,,,,-3.283731460571289,0.6784052848815918,0.8325086832046509,,,
858,154549,,,,-3.5252225399017334,0.5514662861824036,0.4774169325828552,,,
858,154599,,,,-4.0561041831970215,0.2692979574203491,0.1406099647283554,,,
858,154619,,,,,,,-2.772979974746704,0.9683833122253418,3.559065580368042
859,154649,,,,-3.08894681930542,0.8762876987457275,1.3036857843399048,,,
859,154699,,,,-3.4686882495880127,0.5479088425636292,0.543790340423584,,,
859,154749,,,,-3.04584002494812,0.8806130290031433,1.439726710319519,,,
859,154799,,,,-2.772373676300049,1.3717167377471924,2.7023801803588867,,,
859,154799,,,,,,,-2.49967885017395,1.5788606405258179,5.6137566566467285
860,154849,,,,-3.3849494457244873,0.6297004222869873,0.6594325304031372,,,
860,154899,,,,-3.723402500152588,0.4380916953086853,0.3024943470954895,,,
860,154949,,,,-3.649057149887085,0.44926339387893677,0.3589736223220825,,,
860,154979,,,,,,,-2.7307748794555664,1.0196795463562012,3.869663715362549
861,154999,,,,-3.305320978164673,0.5856696963310242,0.7921348810195923,,,
861,155049,,,,-3.8634660243988037,0.3671645522117615,0.2191062569618225,,,
861,155099,,,,-3.3464009761810303,0.5098307132720947,0.720641016960144,,,
861,155149,,,,-3.289991617202759,0.6708993911743164,0.8205944299697876,,,
861,155159,,,,,,,-2.7614424228668213,1.0021950006484985,3.635186195373535
862,155199,,,,-4.028048992156982,0.28538697957992554,0.14999304711818695,,,
862,155249,,,,-3.0431790351867676,0.9164663553237915,1.4485752582550049,,,
862,155299,,,,-3.38183331489563,0.5604729056358337,0.6641814708709717,,,
862,155339,,,,,,,-2.728433132171631,0.9967202544212341,3.760282278060913
863,155349,,,,-3.503868341445923,0.530553936958313,0.5014777183532715,,,
863,155399,,,,-3.7021632194519043,0.36275213956832886,0.3176553547382355,,,
863,155449,,,,-3.1133642196655273,0.9298595786094666,1.2324111461639404,,,
863,155499,,,,-3.7330374717712402,0.3915592432022095,0.2958577275276184,,,
863,155519,,,,,,,-2.7640011310577393,0.9692105054855347,3.5497939586639404
864,155549,,,,-3.4822170734405518,0.5910263061523438,0.5271117687225342,,,
864,155599,,,,-3.516021966934204,0.5123744010925293,0.48763808608055115,,,
864,155649,,,,-3.788592576980591,0.3616645932197571,0.2603320777416229,,,
864,155699,,,,-3.8993284702301025,0.3584892749786377,0.20173987746238708,,,
864,155699,,,,,,,-2.7520499229431152,0.9592992663383484,3.751162528991699
865,155749,,,,-3.5654447078704834,0.47752809524536133,0.4351869821548462,,,
865,155799,,,,-3.79732346534729,0.3306612968444824,0.25515082478523254,,,
865,155849,,,,-3.232339382171631,0.6705513596534729,0.9370888471603394,,,
865,155879,,,,,,,-2.7588346004486084,1.0457675457000732,3.6769866943359375
866,155899,,,,-3.518186569213867,0.6446356177330017,0.4852142333984375,,,
866,155949,,,,-3.727311611175537,0.46814650297164917,0.299783855676651,,,
866,155999,,,,-3.432645320892334,0.4848141670227051,0.5908472537994385,,,
866,156049,,,,-3.9585185050964355,0.3354833722114563,0.1760362684726715,,,
866,156059,,,,,,,-2.7720603942871094,0.9843023419380188,3.5568480491638184
867,156099,,,,-3.1989388465881348,0.5118348002433777,1.012001395225525,,,
867,156149,,,,-3.8323981761932373,0.39364784955978394,0.23535417020320892,,,
867,156199,,,,-3.1956326961517334,0.8504791259765625,1.0197359323501587,,,
867,156239,,,,,,,-2.7534713745117188,1.0442540645599365,3.7689855098724365
868,156249,,,,-3.5418031215667725,0.5095005631446838,0.45953360199928284,,,
868,156299,,,,-3.589294672012329,0.41128605604171753,0.4119316637516022,,,
868,156349,,,,-3.8001012802124023,0.3478860855102539,0.2535242736339569,,,
868,156399,,,,-3.8468363285064697,0.3343924283981323,0.22765862941741943,,,
868,156419,,,,,,,-2.732983350753784,0.9969671368598938,3.870408296585083
869,156449,,,,-3.013889789581299,0.7851511240005493,1.5496385097503662,,,
869,156499,,,,-4.233094215393066,0.24862390756607056,0.09354595094919205,,,
869,156549,,,,-3.7047829627990723,0.3815879225730896,0.3157455027103424,,,
869,156599,,,,-3.1697046756744385,0.9093487858772278,1.0824689865112305,,,
869,156599,,,,,,,-2.6473076343536377,1.299265742301941,4.4220476150512695
870,156649,,,,-2.9697139263153076,0.9788317680358887,1.7155603170394897,,,
870,156699,,,,-3.6709463596343994,0.4602188467979431,0.34132903814315796,,,
870,156749,,,,-4.049191474914551,0.24021387100219727,0.14286597073078156,,,
870,156779,,,,,,,-2.760009288787842,0.9695726037025452,3.527308225631714
871,156799,,,,-3.2054643630981445,0.7407289147377014,0.9969105124473572,,,
871,156849,,,,-3.3359375,0.6632924675941467,0.7382145524024963,,,
871,156899,,,,-3.508103370666504,0.5336658358573914,0.4966118037700653,,,
871,156949,,,,-3.336644411087036,0.7664125561714172,0.7370136380195618,,,
871,156959,,,,,,,-2.7446861267089844,1.0241376161575317,3.805570125579834
872,156999,,,,-3.960240602493286,0.25795257091522217,0.17533951997756958,,,
872,157049,,,,-3.5933120250701904,0.4156952500343323,0.4081389605998993,,,
872,157099,,,,-3.418671131134033,0.5266254544258118,0.6101675033569336,,,
872,157139,,,,,,,-2.6662516593933105,1.0593699216842651,4.1776814460754395
873,157149,,,,-3.816420078277588,0.3432304859161377,0.24417459964752197,,,
873,157199,,,,-3.915597915649414,0.35218244791030884,0.19432209432125092,,,
873,157249,,,,-3.7870750427246094,0.2734178304672241,0.2612435221672058,,,
873,157299,,,,-3.667198896408081,0.3924383521080017,0.3442872166633606,,,
873,157319,,,,,,,-2.713859796524048,1.141254186630249,3.8929553031921387
874,157349,,,,-4.005951881408691,0.3037925362586975,0.15782220661640167,,,
874,157399,,,,-3.234682321548462,0.5540351271629333,0.9320471286773682,,,
874,157449,,,,-3.8336713314056396,0.4229641556739807,0.23466499149799347,,,
874,157499,,,,-3.667675256729126,0.3898111581802368,0.34391018748283386,,,
874,157499,,,,,,,-2.6872029304504395,1.10126793384552,4.025928974151611
875,157549,,,,-3.413731098175049,0.6341370344161987,0.6171474456787109,,,
875,157599,,,,-3.7835612297058105,0.3989359140396118,0.26336580514907837,,,
875,157649,,,,-3.48030686378479,0.5677353739738464,0.5294355154037476,,,
875,157679,,,,,,,-2.4922072887420654,1.3773102760314941,5.9376020431518555
876,157699,,,,-2.8702633380889893,0.9860183596611023,2.1570327281951904,,,
876,157749,,,,-3.747037410736084,0.4566403031349182,0.2864722013473511,,,
876,157799,,,,-3.989630937576294,0.3344101905822754,0.16386619210243225,,,
876,157849,,,,-3.4508399963378906,0.5347040295600891,0.5666043758392334,,,
876,157859,,,,,,,-2.7480130195617676,0.9768791794776917,3.7822368144989014
877,157899,,,,-3.854462146759033,0.3487086892127991,0.22369608283042908,,,
877,157949,,,,-4.374943733215332,0.17312169075012207,0.06748008728027344,,,
877,157999,,,,-3.652679920196533,0.44388431310653687,0.35599151253700256,,,
877,158039,,,,,,,-2.6993768215179443,1.2093437910079956,3.9292404651641846
878,158049,,,,-3.297274351119995,0.7300984859466553,0.8069485425949097,,,
878,158099,,,,-3.9701499938964844,0.3236098289489746,0.17138388752937317,,,
878,158149,,,,-3.8966591358184814,0.3155894875526428,0.20298364758491516,,,
878,158199,,,,-4.176519870758057,0.2056593894958496,0.10656170547008514,,,
878,158219,,,,,,,-2.654045820236206,1.2392867803573608,4.329154968261719
879,158249,,,,-3.2794055938720703,0.8049545288085938,0.8408414721488953,,,
879,158299,,,,-3.1737754344940186,0.8635866045951843,1.0723693370819092,,,
879,158349,,,,-3.8054797649383545,0.38556015491485596,0.2504037022590637,,,
879,158399,,,,-4.048226356506348,0.28800487518310547,0.14318370819091797,,,
879,158399,,,,,,,-2.743462085723877,1.0287307500839233,3.834955930709839
880,158449,,,,-4.0783185958862305,0.2985811233520508,0.13359856605529785,,,
880,158499,,,,-3.631491184234619,0.43063318729400635,0.37379127740859985,,,
880,158549,,,,-3.115966558456421,0.8121899962425232,1.2250486612319946,,,
880,158579,,,,,,,-2.530564546585083,1.4986765384674072,5.319538593292236
881,158599,,,,-2.983062982559204,0.9482774138450623,1.6636321544647217,,,
881,158649,,,,-3.901613235473633,0.31934821605682373,0.20068144798278809,,,
881,158699,,,,-3.0336670875549316,0.8711147308349609,1.480651617050171,,,
881,158749,,,,-3.915147066116333,0.2743387818336487,0.19452375173568726,,,
881,158759,,,,,,,-2.708854913711548,1.1273117065429688,3.929844856262207
882,158799,,,,-3.8425827026367188,0.41622626781463623,0.22989867627620697,,,
882,158849,,,,-3.1632657051086426,0.9066187143325806,1.0986371040344238,,,
882,158899,,,,-3.8581082820892334,0.3433275818824768,0.22182586789131165,,,
882,158939,,,,,,,-2.7514278888702393,0.9724679589271545,3.7610650062561035
883,158949,,,,-3.5464375019073486,0.43370020389556885,0.45465540885925293,,,
883,158999,,,,-3.130415678024292,0.6506338715553284,1.1849620342254639,,,
883,159049,,,,-3.8506758213043213,0.3188285231590271,0.22565482556819916,,,
883,159099,,,,-3.7434048652648926,0.36656659841537476,0.28887832164764404,,,
883,159119,,,,,,,-2.721318483352661,1.0160762071609497,3.8985843658447266
884,159149,,,,-3.5442841053009033,0.5527867078781128,0.4569159150123596,,,
884,159199,,,,-3.707049608230591,0.341086208820343,0.31410181522369385,,,
884,159249,,,,-3.392648220062256,0.6663073897361755,0.6478462219238281,,,
884,159299,,,,-3.9790425300598145,0.3386220932006836,0.167910635471344,,,
884,159299,,,,,,,-2.737428903579712,1.0087225437164307,3.7945945262908936
885,159349,,,,-3.6881892681121826,0.4404570460319519,0.3280426859855652,,,
885,159399,,,,-3.4708123207092285,0.6048200130462646,0.541138231754303,,,
885,159449,,,,-3.370593547821045,0.6613746881484985,0.6815958023071289,,,
885,159479,,,,,,,-2.7865986824035645,0.942658543586731,3.554123878479004
886,159499,,,,-3.071486234664917,0.806347131729126,1.3571689128875732,,,
886,159549,,,,-4.067349433898926,0.27328479290008545,0.13701561093330383,,,
886,159599,,,,-3.8288557529449463,0.3581477999687195,0.23728184401988983,,,
886,159649,,,,-3.024803876876831,0.927004873752594,1.5111806392669678,,,
886,159659,,,,,,,-2.5690829753875732,1.3308461904525757,4.9850544929504395
887,159699,,,,-3.0301761627197266,0.8637648820877075,1.4926015138626099,,,
887,159749,,,,-3.319622755050659,0.5809910893440247,0.7664735317230225,,,
887,159799,,,,-3.71822452545166,0.3065284490585327,0.3061226010322571,,,
887,159839,,,,,,,-2.7143795490264893,1.081148386001587,3.8507766723632812
888,159849,,,,-3.6973745822906494,0.40557342767715454,0.32117775082588196,,,
888,159899,,,,-3.8082687854766846,0.328052282333374,0.24880017340183258,,,
888,159949,,,,-3.511955976486206,0.48939651250839233,0.4922254681587219,,,
888,159999,,,,-3.3116915225982666,0.5582712888717651,0.7805999517440796,,,
888,160019,,,,,,,-2.7268800735473633,1.024731159210205,3.6968607902526855
889,160049,,,,-4.050540924072266,0.2832930088043213,0.14242248237133026,,,
889,160099,,,,-3.8497612476348877,0.36069124937057495,0.2261301875114441,,,
889,160149,,,,-3.3409008979797363,0.6333966851234436,0.7298253774642944,,,
889,160199,,,,-3.473907709121704,0.49391818046569824,0.5372943878173828,,,
889,160199,,,,,,,-2.5444130897521973,1.3398621082305908,5.430908203125
890,160249,,,,-3.7283599376678467,0.4017772674560547,0.29906129837036133,,,
890,160299,,,,-4.106689453125,0.24678027629852295,0.12514998018741608,,,
890,160349,,,,-3.8388543128967285,0.34013330936431885,0.23188117146492004,,,
890,160379,,,,,,,-2.7065606117248535,1.1202524900436401,4.025625705718994
891,160399,,,,-3.125138282775879,0.7491567134857178,1.199449062347412,,,
891,160449,,,,-3.966200590133667,0.31102436780929565,0.1729496866464615,,,
891,160499,,,,-3.743741512298584,0.36953967809677124,0.28865429759025574,,,
891,160549,,,,-3.8913400173187256,0.294739305973053,0.20548498630523682,,,
891,160559,,,,,,,-2.7091150283813477,1.0471454858779907,3.8353230953216553
892,160599,,,,-3.9578142166137695,0.2743147611618042,0.17632171511650085,,,
892,160649,,,,-3.1341166496276855,0.8657892942428589,1.1749064922332764,,,
892,160699,,,,-3.288022756576538,0.7365518808364868,0.8243236541748047,,,
892,160739,,,,,,,-2.6266109943389893,1.1916850805282593,4.497645378112793
893,160749,,,,-3.856144905090332,0.4123653173446655,0.22283068299293518,,,
893,160799,,,,-4.005568504333496,0.2835836410522461,0.1579611599445343,,,
893,160849,,,,-3.7851829528808594,0.38391226530075073,0.2623838782310486,,,
893,160899,,,,-4.202540874481201,0.2453557848930359,0.10036461055278778,,,
893,160919,,,,,,,-2.7769460678100586,0.9638062715530396,3.5624711513519287
894,160949,,,,-3.1980104446411133,0.6351358890533447,1.0141674280166626,,,
894,160999,,,,-3.6177687644958496,0.39582669734954834,0.3857903480529785,,,
894,161049,,,,-4.2675652503967285,0.22084593772888184,0.08640828728675842,,,
894,161099,,,,-3.8348095417022705,0.3787767291069031,0.2340509593486786,,,
894,161099,,,,,,,-2.6993982791900635,1.1006923913955688,3.9690330028533936
895,161149,,,,-3.632160186767578,0.42645102739334106,0.37321627140045166,,,
895,161199,,,,-4.036953449249268,0.3112030625343323,0.14694897830486298,,,
895,161249,,,,-3.9991796016693115,0.32958346605300903,0.16030241549015045,,,
895,161279,,,,,,,-2.750856637954712,1.0561686754226685,3.842195749282837
896,161299,,,,-3.7754263877868652,0.350128710269928,0.2683454155921936,,,
896,161349,,,,-3.551605463027954,0.5405932068824768,0.4492775797843933,,,
896,161399,,,,-3.643139600753784,0.39330899715423584,0.36389875411987305,,,
896,161449,,,,-3.4029927253723145,0.546975314617157,0.632597029209137,,,
896,161459,,,,,,,-2.6493849754333496,1.219474196434021,4.405886650085449
897,161499,,,,-3.7814972400665283,0.3672788143157959,0.2646198272705078,,,
897,161549,,,,-3.018569231033325,0.8268105983734131,1.5330302715301514,,,
897,161599,,,,-3.9442367553710938,0.3524494767189026,0.181921124458313,,,
897,161639,,,,,,,-2.631650686264038,1.2733124494552612,4.610718250274658
898,161649,,,,-3.8043100833892822,0.350274920463562,0.25107893347740173,,,
898,161699,,,,-3.7245585918426514,0.41920286417007446,0.30169034004211426,,,
898,161749,,,,-3.3687093257904053,0.7003248929977417,0.684559166431427,,,
898,161799,,,,-3.6054539680480957,0.46713560819625854,0.3968862295150757,,,
898,161819,,,,,,,-2.643878698348999,1.130494475364685,4.421833515167236
899,161849,,,,-4.059107780456543,0.27060621976852417,0.13964088261127472,,,
899,161899,,,,-3.983757734298706,0.27949434518814087,0.16609734296798706,,,
899,161949,,,,-4.165745258331299,0.22090983390808105,0.10923831909894943,,,
899,161999,,,,-2.948242425918579,1.2762031555175781,1.8025102615356445,,,
899,161999,,,,,,,-2.453672170639038,1.6561930179595947,6.24855375289917
900,162049,,,,-3.6171631813049316,0.4465480446815491,0.38632866740226746,,,
900,162099,,,,-3.413423776626587,0.6817293763160706,0.6175841093063354,,,
900,162149,,,,-3.658257007598877,0.3746512532234192,0.35144978761672974,,,
900,162179,,,,,,,-2.761777639389038,0.9764684438705444,3.676790952682495
901,162199,,,,-3.3541252613067627,0.7083418369293213,0.7079373002052307,,,
901,162249,,,,-4.157402992248535,0.24520277976989746,0.1113569438457489,,,
901,162299,,,,-3.453434467315674,0.5278626084327698,0.5632291436195374,,,
901,162349,,,,-3.7125566005706787,0.4416545629501343,0.31014424562454224,,,
901,162359,,,,,,,-2.651038408279419,1.1190437078475952,4.257010459899902
902,162399,,,,-3.0275866985321045,0.8494881391525269,1.5015277862548828,,,
902,162449,,,,-3.5206644535064697,0.6005378365516663,0.48245370388031006,,,
902,162499,,,,-3.797024726867676,0.39088523387908936,0.25532621145248413,,,
902,162539,,,,,,,-2.743102550506592,1.0230679512023926,3.908740758895874
903,162549,,,,-3.326143980026245,0.6383770704269409,0.7550502419471741,,,
903,162599,,,,-4.0798444747924805,0.27884191274642944,0.13312995433807373,,,
903,162649,,,,-3.57858943939209,0.5602105259895325,0.4222120940685272,,,
903,162699,,,,-3.5969059467315674,0.37420618534088135,0.40477585792541504,,,
903,162719,,,,,,,-2.7656776905059814,0.9640332460403442,3.670701742172241
904,162749,,,,-3.4703969955444336,0.5824240446090698,0.5416553616523743,,,
904,162799,,,,-3.7572014331817627,0.4613192081451416,0.2798458933830261,,,
904,162849,,,,-4.636805534362793,0.14489656686782837,0.036924444139003754,,,
904,162899,,,,-4.165950298309326,0.24847960472106934,0.10918665677309036,,,
904,162899,,,,,,,-2.7131659984588623,1.0503326654434204,3.945223331451416
905,162949,,,,-3.579960346221924,0.4819467067718506,0.4208816587924957,,,
905,162999,,,,-4.453278064727783,0.1892322301864624,0.05634331703186035,,,
905,163049,,,,-3.946798801422119,0.2982407212257385,0.1808510571718216,,,
905,163079,,,,,,,-2.7596354484558105,0.9903930425643921,3.674741268157959
906,163099,,,,-4.434578895568848,0.1536998152732849,0.058822307735681534,,,
906,163149,,,,-3.2545626163482666,0.7527214288711548,0.8903428316116333,,,
906,163199,,,,-3.5362536907196045,0.4592241048812866,0.465442955493927,,,
906,163249,,,,-4.129606246948242,0.27744102478027344,0.11871699243783951,,,
906,163259,,,,,,,-2.764122724533081,0.9681109189987183,3.7136430740356445
907,163299,,,,-3.9920144081115723,0.2685198187828064,0.1629692167043686,,,
907,163349,,,,-3.766975164413452,0.3824635148048401,0.27361834049224854,,,
907,163399,,,,-3.314466953277588,0.6658807992935181,0.7756274342536926,,,
907,163439,,,,,,,-2.684446096420288,1.044475793838501,4.011685848236084
908,163449,,,,-3.6872901916503906,0.4188331961631775,0.3287230134010315,,,
908,163499,,,,-2.990335702896118,0.9483014941215515,1.636003851890564,,,
908,163549,,,,-4.117554187774658,0.22210341691970825,0.12205801159143448,,,
908,163599,,,,-3.4815890789031982,0.38618993759155273,0.5278745889663696,,,
908,163619,,,,,,,-2.64913272857666,1.2067699432373047,4.300806045532227
909,163649,,,,-3.1563291549682617,0.6298845410346985,1.1163252592086792,,,
909,163699,,,,-4.124864101409912,0.3080486059188843,0.1200205534696579,,,
909,163749,,,,-3.764108657836914,0.37956690788269043,0.27543026208877563,,,
909,163799,,,,-3.6225242614746094,0.429238498210907,0.3815891146659851,,,
909,163799,,,,,,,-2.7111001014709473,1.0857490301132202,4.011625289916992
910,163849,,,,-3.219602584838867,0.6134961843490601,0.9649786353111267,,,
910,163899,,,,-3.544360399246216,0.600742757320404,0.45683538913726807,,,
910,163949,,,,-3.347081184387207,0.6590731143951416,0.7195130586624146,,,
910,163979,,,,,,,-2.7180562019348145,1.0293450355529785,3.891432523727417
911,163999,,,,-4.113682746887207,0.23425137996673584,0.12315081059932709,,,
911,164049,,,,-3.317073106765747,0.7292715311050415,0.770986795425415,,,
911,164099,,,,-2.7762277126312256,1.2149921655654907,2.6785049438476562,,,
911,164149,,,,-3.228745460510254,0.8271161913871765,0.9448753595352173,,,
911,164159,,,,,,,-2.722628593444824,1.1181615591049194,3.80444073677063
912,164199,,,,-2.9932470321655273,0.6368150115013123,1.6250731945037842,,,
912,164249,,,,-3.5740342140197754,0.5706758499145508,0.42666396498680115,,,
912,164299,,,,-3.862870693206787,0.3068738579750061,0.21940642595291138,,,
912,164339,,,,,,,-2.7509329319000244,1.032484531402588,3.7770466804504395
913,164349,,,,-3.037344455718994,0.8483866453170776,1.468168020248413,,,
913,164399,,,,-3.2667179107666016,0.6771623492240906,0.8657687306404114,,,
913,164449,,,,-4.025330543518066,0.29703062772750854,0.1509348750114441,,,
913,164499,,,,-4.001099586486816,0.2882748246192932,0.15959519147872925,,,
913,164519,,,,,,,-2.752169370651245,0.9963613152503967,3.7253835201263428
914,164549,,,,-4.340224742889404,0.21388351917266846,0.07309640944004059,,,
914,164599,,,,-3.5270519256591797,0.5011195540428162,0.4754095673561096,,,
914,164649,,,,-3.87552809715271,0.30822205543518066,0.2131042182445526,,,
914,164699,,,,-4.075051307678223,0.29799002408981323,0.13460728526115417,,,
914,164699,,,,,,,-2.7460389137268066,1.0102989673614502,3.7812728881835938
915,164749,,,,-3.3753504753112793,0.5733375549316406,0.6741703748703003,,,
915,164799,,,,-3.862961530685425,0.310602605342865,0.21936029195785522,,,
915,164849,,,,-3.882841110229492,0.40624988079071045,0.2095458060503006,,,
915,164879,,,,,,,-2.7487409114837646,0.9617128968238831,3.7010719776153564
916,164899,,,,-3.0252699851989746,0.8133665323257446,1.5095586776733398,,,
916,164949,,,,-3.7675023078918457,0.4265635013580322,0.2732861042022705,,,
916,164999,,,,-3.9263129234313965,0.3539230227470398,0.18958640098571777,,,
916,165049,,,,-3.7369046211242676,0.38830840587615967,0.2932351231575012,,,
916,165059,,,,,,,-2.7128818035125732,1.015000343322754,3.9232802391052246
917,165099,,,,-3.972583055496216,0.31889575719833374,0.17042645812034607,,,
917,165149,,,,-3.6725914478302,0.4062856435775757,0.34003835916519165,,,
917,165199,,,,-3.541149616241455,0.5203713774681091,0.46022552251815796,,,
917,165239,,,,,,,-2.777759552001953,0.9419113397598267,3.5072762966156006
918,165249,,,,-3.965837240219116,0.2788969874382019,0.17309454083442688,,,
918,165299,,,,-4.238996505737305,0.23097443580627441,0.09228329360485077,,,
918,165349,,,,-3.6545772552490234,0.5061802268028259,0.354440301656723,,,
918,165399,,,,-3.52461314201355,0.5977963805198669,0.4780872166156769,,,
918,165419,,,,,,,-2.7770023345947266,0.9223230481147766,3.5007693767547607
919,165449,,,,-3.5225510597229004,0.5720085501670837,0.4803619682788849,,,
919,165499,,,,-4.423285007476807,0.16721636056900024,0.06037202849984169,,,
919,165549,,,,-3.3281214237213135,0.8001499176025391,0.7516204118728638,,,
919,165599,,,,-3.472280502319336,0.4731968641281128,0.5393118262290955,,,
919,165599,,,,,,,-2.635068416595459,1.1646586656570435,4.345275402069092
920,165649,,,,-4.066661834716797,0.27853018045425415,0.13723301887512207,,,
920,165699,,,,-4.0189433097839355,0.27002227306365967,0.1531711220741272,,,
920,165749,,,,-3.9580135345458984,0.28324806690216064,0.1762407422065735,,,
920,165779,,,,,,,-2.7787351608276367,0.9144945740699768,3.5563223361968994
921,165799,,,,-4.095204830169678,0.2439258098602295,0.128503680229187,,,
921,165849,,,,-4.447673320770264,0.19124120473861694,0.05707501992583275,,,
921,165899,,,,-4.017618179321289,0.2420353889465332,0.1536390632390976,,,
921,165949,,,,-3.048678398132324,0.8270764350891113,1.4303473234176636,,,
921,165959,,,,,,,-2.5561699867248535,1.2490671873092651,5.1279425621032715
922,165999,,,,-3.487874984741211,0.5309948921203613,0.520289957523346,,,
922,166049,,,,-3.2920472621917725,0.6848718523979187,0.8167191743850708,,,
922,166099,,,,-2.8825249671936035,1.2246358394622803,2.096982955932617,,,
922,166139,,,,,,,-2.6927947998046875,1.1290147304534912,4.018122673034668
923,166149,,,,-3.6844747066497803,0.41844046115875244,0.3308612108230591,,,
923,166199,,,,-3.541679859161377,0.517266035079956,0.45966359972953796,,,
923,166249,,,,-3.6779584884643555,0.4388984441757202,0.3358626365661621,,,
923,166299,,,,-3.7900516986846924,0.3961496353149414,0.25945866107940674,,,
923,166319,,,,,,,-2.736696481704712,1.0237329006195068,3.6502671241760254
924,166349,,,,-3.365149736404419,0.589421808719635,0.6901922821998596,,,
924,166399,,,,-3.4806766510009766,0.48478472232818604,0.5289850234985352,,,
924,166449,,,,-3.8752264976501465,0.35940563678741455,0.2132520079612732,,,
924,166499,,,,-3.2957069873809814,0.6196228861808777,0.8098657131195068,,,
924,166499,,,,,,,-2.712169885635376,1.0788429975509644,3.9654481410980225
925,166549,,,,-3.7608792781829834,0.3835735321044922,0.2774859070777893,,,
925,166599,,,,-3.949298858642578,0.2944086194038391,0.17981280386447906,,,
925,166649,,,,-3.480372190475464,0.4541357755661011,0.5293553471565247,,,
925,166679,,,,,,,-2.734351396560669,0.9894701838493347,3.726165771484375
926,166699,,,,-3.678691864013672,0.40355920791625977,0.33529597520828247,,,
926,166749,,,,-2.951702833175659,0.9706757068634033,1.7882051467895508,,,
926,166799,,,,-3.565363883972168,0.4075087308883667,0.43526729941368103,,,
926,166849,,,,-3.613856554031372,0.44727516174316406,0.38928133249282837,,,
926,166859,,,,,,,-2.6407177448272705,1.1739556789398193,4.3820672035217285
927,166899,,,,-3.552720069885254,0.4499611258506775,0.44812583923339844,,,
927,166949,,,,-3.6791470050811768,0.45723098516464233,0.33494481444358826,,,
927,166999,,,,-3.887594223022461,0.2870975136756897,0.20726485550403595,,,
927,167039,,,,,,,-2.7264797687530518,0.9818235039710999,3.859612464904785
928,167049,,,,-4.225420951843262,0.21272742748260498,0.09521377086639404,,,
928,167099,,,,-3.4043567180633545,0.5366015434265137,0.6306140422821045,,,
928,167149,,,,-3.8504748344421387,0.39346736669540405,0.2257591187953949,,,
928,167199,,,,-4.037448406219482,0.2515173554420471,0.14678162336349487,,,
928,167219,,,,,,,-2.7529022693634033,0.9909178614616394,3.7586276531219482
929,167249,,,,-3.5064587593078613,0.565005362033844,0.4984962046146393,,,
929,167299,,,,-2.8843793869018555,1.1856369972229004,2.088047981262207,,,
929,167349,,,,-2.706912040710449,1.240947961807251,3.1420137882232666,,,
929,167399,,,,-3.464771270751953,0.6454483866691589,0.548717737197876,,,
929,167399,,,,,,,-2.757202625274658,0.9943323135375977,3.7001936435699463
930,167449,,,,-3.596771001815796,0.4162573218345642,0.40490102767944336,,,
930,167499,,,,-3.821533203125,0.32977861166000366,0.24131664633750916,,,
930,167549,,,,-3.6992297172546387,0.3877207636833191,0.3198091983795166,,,
930,167579,,,,,,,-2.6833102703094482,1.0791501998901367,4.048262596130371
931,167599,,,,-4.382297039031982,0.1907968521118164,0.06634731590747833,,,
931,167649,,,,-3.677443504333496,0.4653612971305847,0.33626046776771545,,,
931,167699,,,,-4.137731075286865,0.29827672243118286,0.11651674658060074,,,
931,167749,,,,-3.682424545288086,0.3803896903991699,0.33242660760879517,,,
931,167759,,,,,,,-2.7403907775878906,0.9686672687530518,3.7075858116149902
932,167799,,,,-4.006734848022461,0.3060566782951355,0.15753796696662903,,,
932,167849,,,,-3.861577272415161,0.3713444471359253,0.2200608253479004,,,
932,167899,,,,-3.7296535968780518,0.4316082000732422,0.2981718182563782,,,
932,167939,,,,,,,-2.733818292617798,1.0346198081970215,3.8118205070495605
933,167949,,,,-4.073091983795166,0.2635006308555603,0.13521607220172882,,,
933,167999,,,,-3.1068003177642822,0.96424800157547,1.2511794567108154,,,
933,168049,,,,-3.4979279041290283,0.5035607218742371,0.5083844661712646,,,
933,168099,,,,-4.405325412750244,0.17319393157958984,0.06292086839675903,,,
933,168119,,,,,,,-2.7556722164154053,0.9741928577423096,3.631453037261963
934,168149,,,,-3.203568458557129,0.7951582670211792,1.0012705326080322,,,
934,168199,,,,-3.2778663635253906,0.6685460805892944,0.8438277244567871,,,
934,168249,,,,-3.1426830291748047,0.843242883682251,1.1519595384597778,,,
934,168299,,,,-3.72532057762146,0.46130162477493286,0.30116185545921326,,,
934,168299,,,,,,,-2.7354228496551514,0.9898367524147034,4.034707069396973
935,168349,,,,-3.5790860652923584,0.4981226325035095,0.4217294752597809,,,
935,168399,,,,-3.9239532947540283,0.3033152222633362,0.19061912596225739,,,
935,168449,,,,-3.5152242183685303,0.438587486743927,0.4885352849960327,,,
935,168479,,,,,,,-2.740046739578247,1.0417202711105347,3.6740565299987793
936,168499,,,,-4.113833427429199,0.25130486488342285,0.12310807406902313,,,
936,168549,,,,-3.6613388061523438,0.4815555810928345,0.34896478056907654,,,
936,168599,,,,-3.935981512069702,0.3274683356285095,0.18541213870048523,,,
936,168649,,,,-3.685300588607788,0.4370236396789551,0.3302324712276459,,,
936,168659,,,,,,,-2.7102551460266113,1.1208938360214233,3.9881343841552734
937,168699,,,,-3.4668080806732178,0.5330478549003601,0.5461502075195312,,,
937,168749,,,,-3.7463467121124268,0.3544590473175049,0.28692808747291565,,,
937,168799,,,,-4.06073522567749,0.30431681871414185,0.1391184777021408,,,
937,168839,,,,,,,-2.737154245376587,0.9776775240898132,3.990570306777954
938,168849,,,,-4.0050482749938965,0.2920735478401184,0.15815100073814392,,,
938,168899,,,,-3.9702353477478027,0.31508123874664307,0.1713504195213318,,,
938,168949,,,,-3.3512957096099854,0.6894705295562744,0.7125645279884338,,,
938,168999,,,,-3.709601402282715,0.334105908870697,0.312261700630188,,,
938,169019,,,,,,,-2.4098286628723145,1.760249137878418,6.887050151824951
939,169049,,,,-4.014337062835693,0.2508658766746521,0.15480449795722961,,,
939,169099,,,,-3.307346820831299,0.6660892963409424,0.788449227809906,,,
939,169149,,,,-3.7111570835113525,0.48596763610839844,0.31114476919174194,,,
939,169199,,,,-3.6417317390441895,0.43622976541519165,0.36508020758628845,,,
939,169199,,,,,,,-2.731473207473755,1.0446621179580688,3.857008695602417
940,169249,,,,-3.834296464920044,0.3983275890350342,0.23432806134223938,,,
940,169299,,,,-3.9472789764404297,0.33996880054473877,0.1806512176990509,,,
940,169349,,,,-4.418877601623535,0.14590251445770264,0.06098776310682297,,,
940,169379,,,,,,,-2.665828227996826,1.0760366916656494,4.195066928863525
941,169399,,,,-4.144419193267822,0.22905254364013672,0.11473634093999863,,,
941,169449,,,,-3.145202398300171,0.9726853966712952,1.1452960968017578,,,
941,169499,,,,-3.695965051651001,0.5158885717391968,0.32222190499305725,,,
941,169549,,,,-3.5820791721343994,0.5557627081871033,0.4188331663608551,,,
941,169559,,,,,,,-2.667548894882202,1.1338168382644653,4.152956485748291
942,169599,,,,-3.2902355194091797,0.5223211050033569,0.8201338052749634,,,
942,169649,,,,-3.5007331371307373,0.49500638246536255,0.5051107406616211,,,
942,169699,,,,-4.120457649230957,0.28084468841552734,0.1212443858385086,,,
942,169739,,,,,,,-2.754422187805176,0.9685757160186768,3.7641184329986572
943,169749,,,,-3.7877485752105713,0.3377663493156433,0.2608388662338257,,,
943,169799,,,,-3.2518744468688965,0.7405532598495483,0.8958714008331299,,,
943,169849,,,,-3.980354070663452,0.2954803705215454,0.16740407049655914,,,
943,169899,,,,-4.0906219482421875,0.2720569372177124,0.12986668944358826,,,
943,169919,,,,,,,-2.727067708969116,1.1239898204803467,3.6926121711730957
944,169920,,,,,,,-2.7969250679016113,0.9288854598999023,3.497775077819824
944,169920,-2.746448278427124,0.965985119342804,3.587512731552124,,,,,,
